Rank,Type,Institute,Branch,Avg Gen-PwD close,Avg OBC-PwD close
1,GFTI,"School of Planning & Architecture, New Delhi",Planning,29,23
2,NIT,"National Institute of Technology, Tiruchirappalli",Computer Science and Engineering,36,22
3,NIT,"National Institute of Technology Karnataka, Surathkal",Computer Science and Engineering,,42
4,GFTI,"School of Planning & Architecture, New Delhi",Architecture,45,25
5,NIT,National Institute of Technology Calicut,Architecture,50,29
6,NIT,"National Institute of Technology, Warangal",Computer Science and Engineering,62,46
7,NIT,"National Institute of Technology, Warangal",Computer Science and Engineering ( Artificial Intelligence & Data Science),64,68
8,NIT,"National Institute of Technology, Tiruchirappalli",Architecture,,76
9,GFTI,School of Planning & Architecture: Vijayawada,Architecture,86,
10,GFTI,"School of Planning & Architecture, Bhopal",Architecture,97,
11,NIT,National Institute of Technology Calicut,Computer Science and Engineering,100,98
12,NIT,"National Institute of Technology Karnataka, Surathkal",Electrical and Electronics Engineering,,107
13,NIT,"National Institute of Technology, Kurukshetra",Information Technology,,111
14,NIT,"National Institute of Technology Karnataka, Surathkal",Information Technology,114,
15,GFTI,School of Planning & Architecture: Vijayawada,Planning,118,
16,NIT,Maulana Azad National Institute of Technology Bhopal,Architecture,119,
17,NIT,"National Institute of Technology, Rourkela",Computer Science and Engineering,120,47
18,NIT,"National Institute of Technology, Kurukshetra",Computer Science and Engineering,120,
19,NIT,"National Institute of Technology, Tiruchirappalli",Electronics and Communication Engineering,131,68
20,NIT,"National Institute of Technology, Kurukshetra",Architecture and Planning,136,
21,NIT,"Visvesvaraya National Institute of Technology, Nagpur",Architecture,138,87
22,NIT,Malaviya National Institute of Technology Jaipur,Computer Science and Engineering,138,84
23,NIT,Motilal Nehru National Institute of Technology Allahabad,Computer Science and Engineering,140,86
24,NIT,"National Institute of Technology Karnataka, Surathkal",Artificial Intelligence,143,
25,NIT,Malaviya National Institute of Technology Jaipur,Architecture,162,
26,NIT,"National Institute of Technology, Rourkela",Electronics and Communication Engineering,176,
27,NIT,"National Institute of Technology, Kurukshetra",Architecture,184,
28,NIT,Malaviya National Institute of Technology Jaipur,Electronics and Communication Engineering,,190
29,NIT,"National Institute of Technology, Kurukshetra",Computer Engineering,199,108
30,NIT,"National Institute of Technology, Warangal",Electronics and Communication Engineering,203,
31,IIIT,Atal Bihari Vajpayee Indian Institute of Information Technology & Management Gwalior,Computer Science and Engineering,212,212
32,NIT,"Visvesvaraya National Institute of Technology, Nagpur",Computer Science and Engineering,214,115
33,NIT,"Sardar Vallabhbhai National Institute of Technology, Surat",Computer Science and Engineering,233,146
34,NIT,National Institute of Technology Calicut,Electronics and Communication Engineering,242,152
35,IIIT,"Indian Institute of Information Technology, Allahabad",Information Technology,249,188
36,IIIT,Indian Institute of Information Technology Lucknow,Computer Science and Artificial Intelligence,264,312
37,IIIT,"Indian Institute of Information Technology, Allahabad",Information Technology-Business Informatics,270,221
38,NIT,Maulana Azad National Institute of Technology Bhopal,Computer Science and Engineering,283,140
39,NIT,"National Institute of Technology, Tiruchirappalli",Electrical and Electronics Engineering,287,
40,NIT,National Institute of Technology Durgapur,Computer Science and Engineering,289,142
41,NIT,"National Institute of Technology, Jamshedpur",Computer Science and Engineering,294,115
42,NIT,"National Institute of Technology, Silchar",Computer Science and Engineering,300,201
43,NIT,"Sardar Vallabhbhai National Institute of Technology, Surat",Mathematics and Computing,,306
44,NIT,National Institute of Technology Delhi,Artificial Intelligence and Data Science,336,
45,NIT,"National Institute of Technology, Warangal",Electronics and Communication Engineering (VLSI Design and Technology),340,139
46,NIT,"Dr. B R Ambedkar National Institute of Technology, Jalandhar",Computer Science and Engineering,347,174
47,NIT,"National Institute of Technology, Kurukshetra",Artificial Intelligence and Machine Learning,349,161
48,NIT,Motilal Nehru National Institute of Technology Allahabad,Electronics and Communication Engineering,355,204
49,NIT,"National Institute of Technology, Jamshedpur",Electronics and Communication Engineering,,358
50,NIT,"National Institute of Technology, Tiruchirappalli",Mechanical Engineering,365,196
51,NIT,"National Institute of Technology, Kurukshetra",Electronics and Communication Engineering,366,183
52,NIT,National Institute of Technology Delhi,Electronics and Communication Engineering,382,
53,IIIT,Indian Institute of Information Technology Lucknow,Computer Science,396,349
54,IIIT,"Indian Institute of Information Technology, Allahabad",Electronics and Communication Engineering,400,224
55,IIIT,Indian Institute of Information Technology Tiruchirappalli,Electronics and Communication Engineering (VLSI Design),,406
56,NIT,"Sardar Vallabhbhai National Institute of Technology, Surat",Artificial Intelligence,423,202
57,NIT,National Institute of Technology Raipur,Computer Science and Engineering,427,209
58,NIT,National Institute of Technology Hamirpur,Computer Science and Engineering,429,250
59,NIT,Motilal Nehru National Institute of Technology Allahabad,Electrical Engineering,437,390
60,NIT,National Institute of Technology Durgapur,B.Tech in Mathematics and Computing,,439
61,NIT,"Visvesvaraya National Institute of Technology, Nagpur",Electronics and Communication Engineering,443,232
62,NIT,National Institute of Technology Patna,Computer Science and Engineering with Specialization in Cyber Security,,446
63,NIT,"Indian Institute of Engineering Science and Technology, Shibpur",Aerospace Engineering,,446
64,NIT,"National Institute of Technology, Warangal",Electrical and Electronics Engineering,454,244
65,NIT,National Institute of Technology Calicut,Electrical and Electronics Engineering,464,263
66,NIT,"National Institute of Technology, Tiruchirappalli",Civil Engineering,471,329
67,NIT,"Indian Institute of Engineering Science and Technology, Shibpur",Computer Science and Engineering,471,
68,NIT,National Institute of Technology Puducherry,Computer Science and Engineering,472,104
69,NIT,"Sardar Vallabhbhai National Institute of Technology, Surat",Artificial Intelligence,473,
70,NIT,"Dr. B R Ambedkar National Institute of Technology, Jalandhar",Information Technology,476,290
71,NIT,"National Institute of Technology, Kurukshetra",Mathematics and Computing,487,236
72,NIT,National Institute of Technology Patna,Computer Science and Engineering,491,235
73,NIT,"National Institute of Technology, Rourkela",Electrical Engineering,493,228
74,IIIT,Indian Institute of Information Technology Lucknow,Computer Science and Business,501,475
75,NIT,"National Institute of Technology Karnataka, Surathkal",Chemical Engineering,506,522
76,NIT,"National Institute of Technology, Andhra Pradesh",Computer Science and Engineering,506,222
77,IIIT,Indian Institute of Information Technology Lucknow,Information Technology,509,608
78,NIT,"National Institute of Technology, Tiruchirappalli",Chemical Engineering,516,
79,NIT,National Institute of Technology Durgapur,Electronics and Communication Engineering,519,
80,IIIT,"Indian Institute of Information Technology, Design & Manufacturing, Kancheepuram",Computer Science and Engineering with Major in Artificial Intelligence,528,349
81,IIIT,"Indian Institute of Information Technology, Design & Manufacturing, Kancheepuram",Computer Science and Engineering,534,278
82,NIT,"National Institute of Technology, Kurukshetra",Civil Engineering,537,1108
83,NIT,"Sardar Vallabhbhai National Institute of Technology, Surat",Electronics and Communication Engineering,555,394
84,NIT,National Institute of Technology Hamirpur,Computer Science and Engineering,555,
85,NIT,"Dr. B R Ambedkar National Institute of Technology, Jalandhar",Data Science and Engineering,556,310
86,IIIT,Atal Bihari Vajpayee Indian Institute of Information Technology & Management Gwalior,Integrated B. Tech.(IT) and M. Tech (IT),574,433
87,IIIT,Atal Bihari Vajpayee Indian Institute of Information Technology & Management Gwalior,Mathematics and Scientific Computing,585,631
88,NIT,"National Institute of Technology, Kurukshetra",Electrical Engineering,588,548
89,NIT,"Dr. B R Ambedkar National Institute of Technology, Jalandhar",Bio Technology,,593
90,NIT,"National Institute of Technology Karnataka, Surathkal",Mechanical Engineering,599,349
91,NIT,National Institute of Technology Delhi,Electrical Engineering,600,401
92,IIIT,"Indian Institute of Information Technology Design & Manufacturing Kurnool, Andhra Pradesh",Computer Science and Engineering,618,546
93,NIT,Maulana Azad National Institute of Technology Bhopal,Electronics and Communication Engineering,627,330
94,NIT,"National Institute of Technology, Warangal",Mechanical Engineering,633,
95,NIT,"National Institute of Technology, Rourkela",Civil Engineering,634,673
96,NIT,National Institute of Technology Patna,Artificial Intelligence and Data Science,638,
97,NIT,National Institute of Technology Raipur,Information Technology,642,
98,NIT,National Institute of Technology Hamirpur,Mathematics and Computing,644,470
99,NIT,"National Institute of Technology, Andhra Pradesh",Electronics and Communication Engineering,650,596
100,NIT,"National Institute of Technology, Jamshedpur",Electrical Engineering,664,656
101,NIT,"National Institute of Technology, Uttarakhand",Computer Science and Engineering,666,227
102,GFTI,"Jawaharlal Nehru University, Delhi",Computer Science and Engineering,669,490
103,NIT,National Institute of Technology Agartala,Computer Science and Engineering,673,427
104,NIT,"National Institute of Technology, Tiruchirappalli",Instrumentation and Control Engineering,681,399
105,NIT,"National Institute of Technology, Silchar",Electronics and Communication Engineering,683,383
106,NIT,"National Institute of Technology, Kurukshetra",Mechanical Engineering,,685
107,IIIT,Indian Institute of Information Technology (IIIT) Pune,Computer Science and Engineering,702,632
108,IIIT,"Indian Institute of Information Technology Design & Manufacturing Kurnool, Andhra Pradesh",Artificial Intelligence and Data Science,702,530
109,IIIT,Atal Bihari Vajpayee Indian Institute of Information Technology & Management Gwalior,Integrated B. Tech.(IT) and MBA,702,709
110,IIIT,"Indian Institute of Information Technology(IIIT), Vadodara, Gujrat",Artificial Intelligence,704,1143
111,NIT,Motilal Nehru National Institute of Technology Allahabad,Civil Engineering,712,
112,NIT,National Institute of Technology Patna,Electronics and Communication Engineering with Specialization in Microelectronics and VLSI System Design,,726
113,IIIT,"Indian Institute of Information Technology Design & Manufacturing Kurnool, Andhra Pradesh",Computer Science and Engineering,735,421
114,IIIT,Indian Institute of Information Technology Tiruchirappalli,Computer Science and Engineering ( Artificial Intelligence & Data Science),743,357
115,NIT,"Indian Institute of Engineering Science and Technology, Shibpur",Information Technology,747,452
116,NIT,"Dr. B R Ambedkar National Institute of Technology, Jalandhar",Electronics and Communication Engineering,747,346
117,NIT,National Institute of Technology Puducherry,Electronics and Communication Engineering,748,334
118,NIT,"National Institute of Technology, Kurukshetra",Electrical Engineering,762,
119,IIIT,Indian Institute of Information Technology (IIIT) Nagpur,Computer Science Engineering (Artificial lntelligence and Machine Learning),782,477
120,NIT,Malaviya National Institute of Technology Jaipur,Electrical Engineering,783,489
121,NIT,"National Institute of Technology, Warangal",Civil Engineering,787,
122,NIT,Malaviya National Institute of Technology Jaipur,Civil Engineering,789,
123,NIT,National Institute of Technology Raipur,Electronics and Communication Engineering,790,378
124,NIT,National Institute of Technology Delhi,Civil Engineering,791,518
125,NIT,"National Institute of Technology, Srinagar",Computer Science and Engineering,797,418
126,NIT,"National Institute of Technology, Rourkela",Mechanical Engineering,799,454
127,IIIT,"Pt. Dwarka Prasad Mishra Indian Institute of Information Technology, Design & Manufacture Jabalpur",Computer Science and Engineering,804,419
128,GFTI,"Birla Institute of Technology, Mesra, Ranchi",Computer Science and Engineering,813,732
129,NIT,"National Institute of Technology, Warangal",Chemical Engineering,814,567
130,NIT,"National Institute of Technology, Tiruchirappalli",Metallurgical and Materials Engineering,817,
131,NIT,National Institute of Technology Goa,Electronics and Communication Engineering,824,
132,NIT,National Institute of Technology Delhi,Mechanical Engineering,825,
133,NIT,National Institute of Technology Patna,Electronics and Communication Engineering,829,601
134,GFTI,"International Institute of Information Technology, Naya Raipur",Data Science and Artificial Intelligence,832,
135,GFTI,University of Hyderabad,Computer Science and Engineering,846,587
136,GFTI,"Puducherry Technological University, Puducherry",Computer Science and Engineering,,846
137,IIIT,Indian Institute of Information Technology Tiruchirappalli,Computer Science and Engineering,850,478
138,NIT,"National Institute of Technology, Andhra Pradesh",Bio Technology,,852
139,NIT,Motilal Nehru National Institute of Technology Allahabad,Mechanical Engineering,852,508
140,GFTI,"National Institute of Electronics and Information Technology, Patna (Bihar)",Computer Science and Engineering,862,727
141,NIT,"National Institute of Technology, Warangal",Bio Technology,871,561
142,IIIT,Indian Institute of Information Technology Surat,Computer Science and Engineering (Cyber Security),876,
143,IIIT,"Indian Institute of Information Technology, Design & Manufacturing, Kancheepuram",Computer Science and Engineering,879,453
144,NIT,"National Institute of Technology, Kurukshetra",ROBOTICS & AUTOMATION,880,424
145,NIT,National Institute of Technology Arunachal Pradesh,Computer Science and Engineering,882,
146,NIT,National Institute of Technology Raipur,Electrical Engineering,895,
147,NIT,National Institute of Technology Calicut,Mechanical Engineering,916,428
148,NIT,National Institute of Technology Puducherry,Civil Engineering,919,
149,NIT,"Visvesvaraya National Institute of Technology, Nagpur",Mechanical Engineering,924,654
150,NIT,National Institute of Technology Sikkim,Computer Science and Engineering,925,
151,NIT,"National Institute of Technology Karnataka, Surathkal",Civil Engineering,926,478
152,GFTI,"Birla Institute of Technology, Mesra, Ranchi",Artificial Intelligence and Machine Learning,939,1290
153,IIIT,Indian Institute of Information Technology (IIIT) Nagpur,Computer Science and Engineering,941,666
154,GFTI,University of Hyderabad,Materials Engineering,946,1036
155,NIT,"Visvesvaraya National Institute of Technology, Nagpur",Electrical and Electronics Engineering,949,490
156,IIIT,"Indian Institute of Information Technology(IIIT) Kalyani, West Bengal",Computer Science and Engineering,965,1393
157,NIT,National Institute of Technology Durgapur,Civil Engineering,,970
158,NIT,National Institute of Technology Hamirpur,Electronics and Communication Engineering,979,591
159,IIIT,Indian Institute of Information Technology Bhopal,Computer Science and Engineering (Data Science),1002,754
160,NIT,"National Institute of Technology, Kurukshetra",Industrial Internet of Things,1015,599
161,NIT,National Institute of Technology Calicut,Chemical Engineering,1016,588
162,IIIT,"Indian Institute of Information Technology (IIIT), Sri City, Chittoor",Artificial Intelligence and Data Science,1016,1180
163,NIT,"National Institute of Technology, Tiruchirappalli",Production Engineering,1018,847
164,NIT,"National Institute of Technology, Srinagar",Information Technology,1025,510
165,NIT,National Institute of Technology Hamirpur,Electronics and Communication Engineering,1035,
166,IIIT,Indian Institute of Information Technology Surat,Computer Science and Engineering (Artificial Intelligence and Machine Learning),1038,
167,NIT,"National Institute of Technology, Andhra Pradesh",Mechanical Engineering,,1046
168,NIT,National Institute of Technology Goa,Mechanical Engineering,,1061
169,NIT,"Dr. B R Ambedkar National Institute of Technology, Jalandhar",Electronics and VLSI Engineering,1072,632
170,NIT,"National Institute of Technology Karnataka, Surathkal",Metallurgical and Materials Engineering,1075,524
171,NIT,"Sardar Vallabhbhai National Institute of Technology, Surat",Electrical Engineering,1081,611
172,IIIT,Indian Institute of Information Technology Bhopal,Computer Science and Engineering (Artificial Intelligence),1081,1590
173,GFTI,"International Institute of Information Technology, Naya Raipur",Computer Science and Engineering,1084,1042
174,IIIT,Indian Institute of Information Technology (IIIT) Nagpur,Computer Science Engineering (Human Computer lnteraction and Gaming Technology),1092,833
175,NIT,Malaviya National Institute of Technology Jaipur,Mechanical Engineering,1099,
176,IIIT,Indian Institute of Information Technology Surat,Computer Science and Engineering,1102,604
177,NIT,National Institute of Technology Sikkim,Electronics and Communication Engineering,,1105
178,NIT,"Sardar Vallabhbhai National Institute of Technology, Surat",Electronics and VLSI Engineering,1105,
179,GFTI,"Puducherry Technological University, Puducherry",Mechatronics Engineering,,1120
180,NIT,National Institute of Technology Goa,Electrical and Electronics Engineering,1128,741
181,NIT,Maulana Azad National Institute of Technology Bhopal,Civil Engineering,1129,969
182,NIT,"National Institute of Technology, Manipur",Computer Science and Engineering,1132,675
183,NIT,"National Institute of Technology, Rourkela",Chemical Engineering,1135,
184,IIIT,Indian Institute of Information Technology (IIIT) Nagpur,Computer Science Engineering (Data Science and Analytics),1137,823
185,NIT,"Indian Institute of Engineering Science and Technology, Shibpur",Electronics and Telecommunication Engineering,1140,613
186,NIT,"National Institute of Technology, Manipur",Electronics and Communication Engineering,,1141
187,NIT,National Institute of Technology Calicut,Energy Engineering,1146,630
188,NIT,"National Institute of Technology, Jamshedpur",Mechanical Engineering,1148,970
189,NIT,National Institute of Technology Calicut,Bio Technology,1163,674
190,NIT,"Dr. B R Ambedkar National Institute of Technology, Jalandhar",Electrical Engineering,1166,
191,IIIT,"Indian Institute of Information Technology(IIIT) Una, Himachal Pradesh",Computer Science and Engineering,1170,1211
192,NIT,Maulana Azad National Institute of Technology Bhopal,Electrical Engineering,1182,609
193,NIT,National Institute of Technology Agartala,Production Engineering,,1183
194,NIT,"Dr. B R Ambedkar National Institute of Technology, Jalandhar",Mathematics and Computing,1184,
195,IIIT,Indian Institute of Information Technology Tiruchirappalli,Electronics and Communication Engineering,1185,1104
196,IIIT,"Indian institute of information technology, Raichur, Karnataka",Computer Science and Engineering,1190,641
197,NIT,National Institute of Technology Durgapur,Electrical Engineering,1210,723
198,NIT,National Institute of Technology Agartala,Electronics and Communication Engineering,1212,824
199,IIIT,Atal Bihari Vajpayee Indian Institute of Information Technology & Management Gwalior,Electrical and Electronics Engineering,1233,761
200,NIT,Malaviya National Institute of Technology Jaipur,Chemical Engineering,1258,858
201,NIT,National Institute of Technology Arunachal Pradesh,Electrical Engineering,,1269
202,NIT,National Institute of Technology Calicut,Civil Engineering,1286,660
203,IIIT,"Indian Institute of Information Technology(IIIT) Kilohrad, Sonepat, Haryana",Information Technology,1290,1224
204,IIIT,"Indian Institute of Information Technology, Design & Manufacturing, Kancheepuram",Electronics and Communication Engineering,1291,723
205,NIT,National Institute of Technology Puducherry,Electrical and Electronics Engineering,1292,
206,IIIT,Indian Institute of Information Technology Guwahati,Computer Science and Engineering,1293,964
207,NIT,National Institute of Technology Patna,Electrical Engineering,1293,933
208,NIT,National Institute of Technology Meghalaya,Electrical and Electronics Engineering,,1305
209,NIT,"National Institute of Technology, Mizoram",Computer Science and Engineering,1308,
210,NIT,"National Institute of Technology, Andhra Pradesh",Electrical and Electronics Engineering,1311,758
211,NIT,National Institute of Technology Arunachal Pradesh,Civil Engineering,,1312
212,IIIT,Indian Institute of Information Technology(IIIT) Kottayam,Computer Science and Engineering with specialization in Artificial Intelligence and Data Science,1328,866
213,GFTI,"International Institute of Information Technology, Bhubaneswar",Computer Science and Engineering,1343,942
214,NIT,National Institute of Technology Sikkim,Electrical and Electronics Engineering,,1344
215,NIT,"National Institute of Technology, Jamshedpur",Civil Engineering,1345,
216,NIT,National Institute of Technology Raipur,Mechanical Engineering,1363,
217,IIIT,Indian Institute of Information Technology(IIIT) Dharwad,Computer Science and Engineering,1366,1041
218,NIT,"National Institute of Technology, Manipur",Electrical Engineering,,1368
219,IIIT,"Indian Institute of Information Technology, Design & Manufacturing, Kancheepuram",B.Tech. in Electronics and Communication Engineering and M.Tech. in Microelectronics and VLSI Systems,1371,
220,IIIT,"Pt. Dwarka Prasad Mishra Indian Institute of Information Technology, Design & Manufacture Jabalpur",Electronics and Communication Engineering,1392,688
221,IIIT,Indian Institute of Information Technology(IIIT) Kottayam,Computer Science and Engineering with specialization in Cyber Security,1393,934
222,GFTI,"International Institute of Information Technology, Bhubaneswar",Computer Engineering,1396,
223,IIIT,"Indian Institute of Information Technology (IIIT), Sri City, Chittoor",Computer Science and Engineering,1400,1042
224,IIIT,"Indian institute of information technology, Raichur, Karnataka",Artificial Intelligence and Data Science,1414,962
225,NIT,"National Institute of Technology, Uttarakhand",Civil Engineering,1429,
226,NIT,"National Institute of Technology, Silchar",Electronics and Instrumentation Engineering,1439,
227,NIT,National Institute of Technology Patna,Electronics Engineering (VLSI Design and Technology),1449,1151
228,IIIT,Indian Institute of Information Technology Bhopal,Computer Science and Engineering (Cyber Security),1450,1316
229,IIIT,"Indian Institute of Information Technology (IIIT)Kota, Rajasthan",Computer Science and Engineering,1459,1205
230,GFTI,CU Jharkhand,Integrated B. Tech.- M. Tech in Metallurgical & Materials Engineering,,1461
231,NIT,"National Institute of Technology, Silchar",Mechanical Engineering,1477,1180
232,GFTI,"Jawaharlal Nehru University, Delhi",Electronics and Communication Engineering,1482,1060
233,NIT,National Institute of Technology Arunachal Pradesh,Biosciences and Bioengineering,,1485
234,NIT,"National Institute of Technology, Warangal",Metallurgical and Materials Engineering,1494,743
235,NIT,"National Institute of Technology, Silchar",Electrical Engineering,1497,747
236,IIIT,"Indian Institute of Information Technology Design & Manufacturing Kurnool, Andhra Pradesh",Electronics and Communication Engineering with specialization in Design and Manufacturing,1509,558
237,NIT,"National Institute of Technology, Mizoram",Electrical Engineering,,1512
238,NIT,National Institute of Technology Arunachal Pradesh,Mechanical Engineering,,1521
239,NIT,"National Institute of Technology, Andhra Pradesh",Civil Engineering,1523,1001
240,NIT,"National Institute of Technology, Rourkela",Bio Technology,1531,
241,NIT,National Institute of Technology Calicut,Materials Science and Engineering,1540,
242,NIT,National Institute of Technology Hamirpur,Chemical Engineering,1550,1796
243,NIT,National Institute of Technology Patna,Mechanical Engineering with Specialization in Manufacturing and Industrial Engineering,1563,
244,IIIT,"Indian Institute of Information Technology(IIIT) Una, Himachal Pradesh",Computer Science and Engineering (Cyber Security),1565,
245,NIT,National Institute of Technology Calicut,Production Engineering,1574,822
246,IIIT,Indian Institute of Information Technology(IIIT) Dharwad,Data Science and Artificial Intelligence,1577,1215
247,NIT,"Sardar Vallabhbhai National Institute of Technology, Surat",Mathematics,1578,1370
248,IIIT,"Indian Institute of Information Technology, Design & Manufacturing, Kancheepuram",B.Tech. in Electronics and Communication Engineering and M.Tech. in VLSI Design,1579,
249,GFTI,"Chhattisgarh Swami Vivekanada Technical University, Bhilai (CSVTU Bhilai)",Computer Science Engineering (Artificial Intelligence),1580,1810
250,IIIT,"Indian Institute of Information Technology, Design & Manufacturing, Kancheepuram",B.Tech in Mechanical Engineering and M.Tech in AI and Robotics,1581,1073
251,IIIT,Indian Institute of Information Technology Bhopal,Computer Science and Engineering,1585,817
252,NIT,Motilal Nehru National Institute of Technology Allahabad,Chemical Engineering,1586,750
253,GFTI,"International Institute of Information Technology, Bhubaneswar",Information Technology,1589,
254,IIIT,Indian Institute of Information Technology (IIIT) Pune,Electronics and Communication Engineering,1592,903
255,NIT,National Institute of Technology Goa,Civil Engineering,1603,
256,GFTI,"National Institute of Electronics and Information Technology, Aurangabad (Maharashtra)",Computer Science and Engineering,1619,953
257,IIIT,"Indian Institute of Information Technology(IIIT) Una, Himachal Pradesh",Information Technology,1627,1230
258,GFTI,"School of Studies of Engineering and Technology, Guru Ghasidas Vishwavidyalaya, Bilaspur",Animation and VFX,1628,
259,NIT,Maulana Azad National Institute of Technology Bhopal,Chemical Engineering,1633,1143
260,NIT,"Dr. B R Ambedkar National Institute of Technology, Jalandhar",Civil Engineering,1635,
261,NIT,"Dr. B R Ambedkar National Institute of Technology, Jalandhar",Mechanical Engineering,1646,1341
262,NIT,National Institute of Technology Durgapur,Mechanical Engineering,1648,841
263,NIT,"Visvesvaraya National Institute of Technology, Nagpur",Civil Engineering,1648,1047
264,GFTI,"J.K. Institute of Applied Physics & Technology, Department of Electronics & Communication, University of Allahabad- Allahabad",Computer Science and Engineering,1656,
265,GFTI,"Puducherry Technological University, Puducherry",Mechanical Engineering,,1667
266,NIT,National Institute of Technology Durgapur,Bio Technology,1668,1180
267,NIT,National Institute of Technology Calicut,Engineering Physics,1671,
268,IIIT,Indian Institute of Information Technology (IIIT) Ranchi,Computer Science and Engineering (with Specialization of Data Science and Artificial Intelligence),1680,
269,IIIT,Indian Institute of Information Technology Bhopal,Computer Science and Engineering (Cyber Physical System),1692,1551
270,NIT,National Institute of Technology Hamirpur,Electrical Engineering,1692,1216
271,IIIT,"Indian Institute of Information Technology (IIIT)Kota, Rajasthan",Electronics and Communication Engineering,1700,1422
272,IIIT,Indian Institute of Information Technology (IIIT) Ranchi,Computer Science and Engineering,1705,1333
273,NIT,National Institute of Technology Raipur,Civil Engineering,1710,951
274,NIT,National Institute of Technology Meghalaya,Electronics and Communication Engineering,1713,
275,GFTI,"Puducherry Technological University, Puducherry",Chemical Engineering,,1716
276,IIIT,"Indian Institute of Information Technology(IIIT) Kilohrad, Sonepat, Haryana",Computer Science and Engineering,1723,1405
277,NIT,"Sardar Vallabhbhai National Institute of Technology, Surat",Civil Engineering,1727,842
278,NIT,"Dr. B R Ambedkar National Institute of Technology, Jalandhar",Instrumentation and Control Engineering,1743,1264
279,IIIT,"Indian Institute of Information Technology(IIIT), Vadodara, Gujrat",Information Technology,1750,1398
280,NIT,National Institute of Technology Agartala,Electrical Engineering,1764,1162
281,IIIT,"Indian Institute of Information Technology(IIIT), Vadodara, Gujrat",Computer Science and Engineering,1768,1237
282,IIIT,"Indian Institute of Information Technology, Design & Manufacturing, Kancheepuram",Mechanical Engineering,1771,907
283,GFTI,"School of Engineering, Tezpur University, Napaam, Tezpur",Civil Engineering,1786,
284,NIT,"Visvesvaraya National Institute of Technology, Nagpur",Chemical Engineering,1791,1179
285,NIT,"National Institute of Technology, Rourkela",Metallurgical and Materials Engineering,1794,883
286,IIIT,"Indian Institute of Information Technology (IIIT), Sri City, Chittoor",Electronics and Communication Engineering,1813,1109
287,IIIT,Indian Institute of Information Technology Bhopal,Information Technology,1824,1355
288,IIIT,"Indian Institute of Information Technology, Design & Manufacturing, Kancheepuram",Smart Manufacturing,1837,980
289,GFTI,"J.K. Institute of Applied Physics & Technology, Department of Electronics & Communication, University of Allahabad- Allahabad",Computer Science and Engineering with Major in Artificial Intelligence,1840,1348
290,NIT,National Institute of Technology Raipur,Chemical Engineering,1845,1271
291,GFTI,"National Institute of Electronics and Information Technology, Ropar (Punjab)",B.Tech in CSE (AI and ML),1857,1226
292,NIT,National Institute of Technology Hamirpur,Mechanical Engineering,1857,1784
293,NIT,National Institute of Technology Durgapur,Chemical Engineering,1866,1070
294,NIT,"National Institute of Technology, Srinagar",Electronics and Communication Engineering,1876,987
295,GFTI,"Puducherry Technological University, Puducherry",Information Technology,1882,
296,NIT,"National Institute of Technology, Uttarakhand",Electronics and Communication Engineering,1913,969
297,IIIT,Indian Institute of Information Technology Bhopal,Computer Science and Engineering (Artificial Intelligence),1920,
298,NIT,National Institute of Technology Patna,Civil Engineering,1928,1100
299,GFTI,"Institute of Infrastructure, Technology, Research and Management-Ahmedabad",Computer Engineering,1928,977
300,IIIT,"Indian Institute of Information Technology Design & Manufacturing Kurnool, Andhra Pradesh",Mechanical Engineering with specialization in Design and Manufacturing,1950,1222
301,NIT,"Sardar Vallabhbhai National Institute of Technology, Surat",Chemical Engineering,1972,1112
302,IIIT,"Indian Institute of Information Technology(IIIT) Kilohrad, Sonepat, Haryana",CSE ( Data Science & Analytics),1987,1279
303,NIT,National Institute of Technology Arunachal Pradesh,Electronics and Communication Engineering,1990,1196
304,NIT,"Visvesvaraya National Institute of Technology, Nagpur",Metallurgical and Materials Engineering,2005,941
305,IIIT,"Indian Institute of Information Technology, Agartala",Computer Science and Engineering,2016,1314
306,IIIT,"Indian institute of information technology, Raichur, Karnataka",Mathematics and Computing,2016,1446
307,NIT,National Institute of Technology Nagaland,Electronics and Communication Engineering,2034,
308,NIT,Malaviya National Institute of Technology Jaipur,Metallurgical and Materials Engineering,2038,
309,GFTI,"Puducherry Technological University, Puducherry",Electronics and Communication Engineering,2041,1261
310,NIT,Maulana Azad National Institute of Technology Bhopal,Mechanical Engineering,2046,1034
311,GFTI,"International Institute of Information Technology, Naya Raipur",Electronics and Communication Engineering,2052,981
312,IIIT,Indian Institute of Information Technology (IIIT) Nagpur,Electronics and Communication Engineering (Internet of Things),2069,1326
313,IIIT,Indian Institute of Information Technology(IIIT) Dharwad,Electronics and Communication Engineering,2070,886
314,IIIT,"Indian Institute of Information Technology Design & Manufacturing Kurnool, Andhra Pradesh",Electronics and Communication Engineering,2076,803
315,IIIT,"Indian Institute of Information Technology (IIIT)Kota, Rajasthan",Artificial Intelligence and Data Engineering,2084,1426
316,NIT,"Indian Institute of Engineering Science and Technology, Shibpur",Electrical Engineering,2089,
317,GFTI,Sant Longowal Institute of Engineering and Technology,Artificial Intelligence and Data Science,2095,
318,IIIT,"Indian Institute of Information Technology, Design & Manufacturing, Kancheepuram",B.Tech. in Electronics and Communication Engineering and M.Tech. in Communication Systems,2109,1165
319,NIT,Maulana Azad National Institute of Technology Bhopal,Materials Science and Metallurgical Engineering,2116,1117
320,GFTI,"National Institute of Advanced Manufacturing Technology, Ranchi",Computer Engineering,2126,1473
321,NIT,"National Institute of Technology, Kurukshetra",Mechanical Engineering,2128,
322,GFTI,"Birla Institute of Technology, Deoghar Off-Campus",Computer Science and Engineering,2132,1747
323,NIT,"Sardar Vallabhbhai National Institute of Technology, Surat",Engineering Physics,2141,
324,NIT,"Dr. B R Ambedkar National Institute of Technology, Jalandhar",Chemical Engineering,2153,1068
325,IIIT,Indian Institute of Information Technology Guwahati,Electronics and Communication Engineering,2174,1256
326,NIT,National Institute of Technology Puducherry,Mechanical Engineering,2209,778
327,NIT,National Institute of Technology Raipur,Metallurgical and Materials Engineering,2211,
328,IIIT,"Indian Institute of Information Technology, Design & Manufacturing, Kancheepuram",Design Engineering,2217,
329,IIIT,Indian Institute of Information Technology (IIIT) Nagpur,Electronics and Communication Engineering,2221,1633
330,NIT,"National Institute of Technology, Silchar",Civil Engineering,2236,1167
331,IIIT,"Indian Institute of Information Technology, Vadodara International Campus Diu (IIITVICD)",Computer Science and Engineering,2237,1354
332,GFTI,"Birla Institute of Technology, Mesra, Ranchi",Electronics and Communication Engineering,2239,1523
333,GFTI,"Birla Institute of Technology, Patna Off-Campus",Computer Science and Engineering,2257,1504
334,GFTI,"Assam University, Silchar",Computer Science and Engineering,2270,
335,IIIT,"Pt. Dwarka Prasad Mishra Indian Institute of Information Technology, Design & Manufacture Jabalpur",Mechanical Engineering,2270,1526
336,GFTI,"J.K. Institute of Applied Physics & Technology, Department of Electronics & Communication, University of Allahabad- Allahabad",Electronics and Communication Engineering,2271,1087
337,GFTI,Sant Longowal Institute of Engineering and Technology,Computer Science and Engineering,2277,1636
338,GFTI,"International Institute of Information Technology, Bhubaneswar",Electrical and Electronics Engineering,2281,
339,IIIT,Indian Institute of Information Technology(IIIT) Kottayam,Computer Science and Engineering,2284,1203
340,NIT,"Sardar Vallabhbhai National Institute of Technology, Surat",Mechanical Engineering,2294,934
341,NIT,National Institute of Technology Durgapur,Metallurgical and Materials Engineering,2313,1152
342,NIT,National Institute of Technology Patna,Mechanical Engineering,2323,1225
343,NIT,"National Institute of Technology, Mizoram",Electronics and Communication Engineering,2343,
344,NIT,"National Institute of Technology, Jamshedpur",Production and Industrial Engineering,2364,
345,GFTI,"Assam University, Silchar",Agricultural Engineering,2376,
346,NIT,"Sardar Vallabhbhai National Institute of Technology, Surat",Chemistry,2386,1600
347,NIT,Motilal Nehru National Institute of Technology Allahabad,Production and Industrial Engineering,2388,
348,GFTI,"National Institute of Electronics and Information Technology, Gorakhpur (UP)",Computer Science and Engineering with minor in AI and ML,2392,1712
349,GFTI,"National Institute of Electronics and Information Technology, Aurangabad (Maharashtra)",Electronics System Engineering,2407,
350,GFTI,"National Institute of Electronics and Information Technology, Ajmer (Rajasthan)","Computer Science and Engineering (Internet of Things, Cyber Security including Block Chain Technology )",2407,1177
351,NIT,"National Institute of Technology, Srinagar",Mechanical Engineering,2410,1576
352,NIT,Motilal Nehru National Institute of Technology Allahabad,Bio Technology,2420,1109
353,GFTI,"Birla Institute of Technology, Deoghar Off-Campus",Electronics and Communication Engineering,2432,1588
354,NIT,National Institute of Technology Agartala,Electronics and Instrumentation Engineering,2440,
355,NIT,National Institute of Technology Hamirpur,Materials Science and Engineering,2469,1778
356,IIIT,"Indian Institute of Information Technology Design & Manufacturing Kurnool, Andhra Pradesh",Mechanical Engineering,2504,1086
357,NIT,"National Institute of Technology, Kurukshetra",Production and Industrial Engineering,2506,
358,NIT,"National Institute of Technology, Srinagar",Metallurgical and Materials Engineering,2507,1510
359,GFTI,"Birla Institute of Technology, Patna Off-Campus",Artificial Intelligence and Machine Learning,2508,1486
360,IIIT,Indian Institute of Information Technology(IIIT) Kottayam,Electronics and Communication Engineering,2513,1323
361,IIIT,"Pt. Dwarka Prasad Mishra Indian Institute of Information Technology, Design & Manufacture Jabalpur",Smart Manufacturing,2519,1442
362,NIT,"National Institute of Technology, Andhra Pradesh",Chemical Engineering,2547,
363,NIT,"Dr. B R Ambedkar National Institute of Technology, Jalandhar",Industrial and Production Engineering,2548,
364,IIIT,Indian Institute of Information Technology Bhopal,Electronics and Communication Engineering,2568,1661
365,NIT,National Institute of Technology Raipur,Bio Medical Engineering,2608,1080
366,GFTI,"Shri Mata Vaishno Devi University, Katra, Jammu & Kashmir",Computer Science and Engineering,2624,1738
367,GFTI,"International Institute of Information Technology, Bhubaneswar",Electronics and Telecommunication Engineering,2626,
368,IIIT,Indian Institute of Information Technology Surat,Electronics and Communication Engineering,2627,1342
369,NIT,"National Institute of Technology, Rourkela",Ceramic Engineering,2640,
370,IIIT,"Indian Institute of Information Technology(IIIT) Kalyani, West Bengal",Electronics and Communication Engineering,2642,1402
371,GFTI,"National Institute of Food Technology Entrepreneurship and Management, Thanjavur",Food Technology,2651,1228
372,NIT,"National Institute of Technology, Srinagar",Electrical Engineering,2659,1136
373,GFTI,"School of Studies of Engineering and Technology, Guru Ghasidas Vishwavidyalaya, Bilaspur",Computer Science and Engineering,2663,1520
374,NIT,"Indian Institute of Engineering Science and Technology, Shibpur",Civil Engineering,2670,
375,GFTI,"Central University of Rajasthan, Rajasthan",Computer Science and Engineering,2707,
376,IIIT,Indian Institute of Information Technology Bhagalpur,Computer Science and Engineering,2715,1763
377,GFTI,"Shri Mata Vaishno Devi University, Katra, Jammu & Kashmir",B.Tech in Mathematics and Computing,2723,
378,GFTI,"Birla Institute of Technology, Mesra, Ranchi",Mathematics and Computing,2727,
379,GFTI,"Institute of Infrastructure, Technology, Research and Management-Ahmedabad",Electrical Engineering,2776,1739
380,IIIT,Indian Institute of Information Technology Bhagalpur,Mathematics and Computing,2776,
381,IIIT,Indian Institute of Information Technology (IIIT) Ranchi,Electronics and Communication Engineering,2814,1460
382,NIT,National Institute of Technology Agartala,Mechanical Engineering,2815,1158
383,GFTI,"School of Engineering, Tezpur University, Napaam, Tezpur",Electrical Engineering,2825,1773
384,GFTI,"Institute of Engineering and Technology, Dr. H. S. Gour University. Sagar (A Central University)",Computer Science and Engineering,2830,
385,GFTI,"Institute of Chemical Technology, Mumbai: Indian Oil Odisha Campus, Bhubaneswar",Chemical Engineering,2846,1754
386,GFTI,"School of Studies of Engineering and Technology, Guru Ghasidas Vishwavidyalaya, Bilaspur",Information Technology,2863,1717
387,NIT,"Indian Institute of Engineering Science and Technology, Shibpur",Mechanical Engineering,2875,
388,GFTI,"Mizoram University, Aizawl",Computer Engineering,2908,
389,GFTI,Sant Longowal Institute of Engineering and Technology,Electronics and Communication Engineering,2918,
390,NIT,"National Institute of Technology, Manipur",Mechanical Engineering,2941,1579
391,GFTI,"Birla Institute of Technology, Deoghar Off-Campus",Electrical and Electronics Engineering,2943,1435
392,GFTI,"Central University of Rajasthan, Rajasthan",Electronics and Communication Engineering,2981,
393,GFTI,"Central University of Rajasthan, Rajasthan",Bio Medical Engineering,2982,
394,IIIT,"Indian Institute of Information Technology(IIIT), Vadodara, Gujrat",Electronics and Communication Engineering,2985,1499
395,GFTI,Central University of Haryana,Electrical Engineering,2989,1713
396,GFTI,"Central institute of Technology Kokrajar, Assam",Computer Science and Engineering,2995,
397,GFTI,"Birla Institute of Technology, Mesra, Ranchi",Food Engineering  and Technology,3005,
398,NIT,"Dr. B R Ambedkar National Institute of Technology, Jalandhar",Textile Technology,3026,1294
399,IIIT,Indian Institute of Information Technology (IIIT) Ranchi,Electronics and Communication Engineering (with Specialization of Embedded Systems and Internet of Things),3026,1701
400,NIT,National Institute of Technology Agartala,Physics,3039,
401,NIT,"Indian Institute of Engineering Science and Technology, Shibpur",Metallurgy and Materials Engineering,3047,
402,GFTI,"Birla Institute of Technology, Patna Off-Campus",Mechanical Engineering,3071,1607
403,IIIT,"Indian Institute of Information Technology(IIIT) Una, Himachal Pradesh",Electronics and Communication Engineering,3078,1506
404,GFTI,"North-Eastern Hill University, Shillong",Electronics and Communication Engineering,3078,
405,GFTI,"School of Studies of Engineering and Technology, Guru Ghasidas Vishwavidyalaya, Bilaspur",Electrical Engineering,3082,
406,GFTI,"Rajiv Gandhi National Aviation University, Fursatganj, Amethi (UP)",Aerospace Engineering,3087,
407,NIT,"National Institute of Technology, Srinagar",Chemical Engineering,3088,1314
408,GFTI,"Institute of Infrastructure, Technology, Research and Management-Ahmedabad",Civil Engineering,3089,1425
409,GFTI,"Birla Institute of Technology, Mesra, Ranchi",Civil Engineering,3090,1770
410,GFTI,"Chhattisgarh Swami Vivekanada Technical University, Bhilai (CSVTU Bhilai)",Civil Engineering,3095,
411,NIT,National Institute of Technology Agartala,Civil Engineering,3107,1269
412,NIT,National Institute of Technology Agartala,Chemical Engineering,3110,1514
413,GFTI,"Assam University, Silchar",Electronics and Communication Engineering,3118,
414,IIIT,"Indian Institute of Information Technology, Vadodara International Campus Diu (IIITVICD)",Artificial Intelligence,3121,
415,GFTI,Central University of Jammu,Computer Science and Engineering with specialization in Cyber Security,3122,1548
416,GFTI,"Birla Institute of Technology, Patna Off-Campus",Electrical and Electronics Engineering,3142,1577
417,GFTI,"North-Eastern Hill University, Shillong",Energy Engineering,3151,
418,NIT,National Institute of Technology Agartala,Chemistry,3164,
419,NIT,"National Institute of Technology, Srinagar",Civil Engineering,3204,1936
420,GFTI,"National Institute of Advanced Manufacturing Technology, Ranchi",Mechanical Engineering,3204,
421,GFTI,"Birla Institute of Technology, Mesra, Ranchi",Bio Technology,3221,
422,NIT,National Institute of Technology Hamirpur,Civil Engineering,3228,1353
423,GFTI,"Chhattisgarh Swami Vivekanada Technical University, Bhilai (CSVTU Bhilai)",Computer Science Engineering (Data Science),3246,1491
424,NIT,National Institute of Technology Nagaland,Electrical and Electronics Engineering,3249,
425,NIT,"Sardar Vallabhbhai National Institute of Technology, Surat",Physics,3257,1607
426,IIIT,Indian Institute of Information Technology Bhopal,Physics and Computational Engineering,3258,
427,GFTI,"Institute of Infrastructure, Technology, Research and Management-Ahmedabad",Mechanical Engineering,3267,
428,GFTI,"Birla Institute of Technology, Deoghar Off-Campus",Mechanical Engineering,3294,1517
429,NIT,National Institute of Technology Hamirpur,Engineering Physics,3298,1646
430,GFTI,"Birla Institute of Technology, Mesra, Ranchi",Electrical and Electronics Engineering,3326,1644
431,GFTI,"Puducherry Technological University, Puducherry",Electronics and Instrumentation Engineering,3326,
432,GFTI,"Puducherry Technological University, Puducherry",Civil Engineering,3366,1666
433,GFTI,"Birla Institute of Technology, Mesra, Ranchi",Mechanical Engineering,3387,1574
434,GFTI,"Mizoram University, Aizawl",Electronics and Communication Engineering,3396,
435,NIT,National Institute of Technology Patna,Chemical Technology,3410,1443
436,GFTI,"National Institute of Advanced Manufacturing Technology, Ranchi",Production and Industrial Engineering,3427,1891
437,NIT,"Sardar Vallabhbhai National Institute of Technology, Surat",Industrial Chemistry,3431,1113
438,GFTI,"National Institute of Food Technology Entrepreneurship and Management, Kundli",Food Technology and Management,3467,
439,GFTI,"Indian Institute of Handloom Technology, Salem",Handloom and Textile Technology,3478,1644
440,NIT,National Institute of Technology Nagaland,Electronics and Instrumentation Engineering,3494,1546
441,GFTI,"Mizoram University, Aizawl",Information Technology,3498,
442,GFTI,"Indian Institute of Handloom Technology(IIHT), Varanasi",Handloom and Textile Technology,3514,1850
443,GFTI,"School of Studies of Engineering and Technology, Guru Ghasidas Vishwavidyalaya, Bilaspur",Chemical Engineering,3549,
444,IIIT,Indian Institute of Information Technology Bhagalpur,Electronics and Communication Engineering,3553,1700
445,GFTI,Sant Longowal Institute of Engineering and Technology,Electrical Engineering,3560,
446,GFTI,CU Jharkhand,Integrated B. Tech. - M. Tech in Civil Engineering,3562,
447,IIIT,Indian Institute of Information Technology Bhagalpur,Mechatronics and Automation Engineering,3572,1432
448,GFTI,CU Jharkhand,Integrated B. Tech. - M. Tech in Computer Science & Engineering,3578,
449,GFTI,Central University of Haryana,Printing and Packaging Technology,3584,
450,GFTI,"Gurukula Kangri Vishwavidyalaya, Haridwar",Computer Science and Engineering,3609,1784
451,GFTI,"National Institute of Electronics and Information Technology, Aurangabad (Maharashtra)",Electronic Engineering,3610,1689
452,IIIT,"Indian Institute of Information Technology, Vadodara International Campus Diu (IIITVICD)",Electronics and Communication Engineering,3623,1739
453,GFTI,"School of Engineering, Tezpur University, Napaam, Tezpur",Mechanical Engineering,3666,
454,GFTI,"Shri Mata Vaishno Devi University, Katra, Jammu & Kashmir",Robotics and AI,3674,
455,GFTI,"School of Studies of Engineering and Technology, Guru Ghasidas Vishwavidyalaya, Bilaspur",Artificial Intelligence and Data Science,3674,1814
456,GFTI,Central University of Jammu,Computer Science and Engineering,3692,1474
457,GFTI,"North-Eastern Hill University, Shillong",Information Technology,3696,
458,GFTI,"National Institute of Advanced Manufacturing Technology, Ranchi",Metallurgy and Materials Engineering,3698,1647
459,GFTI,"Birla Institute of Technology, Mesra, Ranchi",Chemical Engineering,3707,1590
460,IIIT,Indian Institute of Information Technology (IIIT) Ranchi,B.Tech in Mathematics and Computing,3723,
461,GFTI,"Mizoram University, Aizawl",Electrical Engineering,3733,
462,GFTI,"Gurukula Kangri Vishwavidyalaya, Haridwar",Electronics and Communication Engineering,3795,1663
463,NIT,"National Institute of Technology, Manipur",Civil Engineering,3811,
464,GFTI,"Birla Institute of Technology, Mesra, Ranchi",Production and Industrial Engineering,3850,1618
465,GFTI,"School of Studies of Engineering and Technology, Guru Ghasidas Vishwavidyalaya, Bilaspur",Electronics and Communication Engineering,3866,1891
466,GFTI,"Birla Institute of Technology, Patna Off-Campus",Civil Engineering,3889,
467,GFTI,"Birla Institute of Technology, Patna Off-Campus",Electronics and Communication Engineering,3900,1521
468,GFTI,"Gurukula Kangri Vishwavidyalaya, Haridwar",Electrical Engineering,3906,1274
469,GFTI,"National Institute of Electronics and Information Technology, Gorakhpur (UP)",B. Tech in Electronics and Communication Engineering with minor in Wearable Electronics,3975,
470,GFTI,"Gurukula Kangri Vishwavidyalaya, Haridwar",Mechanical Engineering,3984,
471,GFTI,Sant Longowal Institute of Engineering and Technology,Computer Science and Engineering,4054,
472,GFTI,"North-Eastern Hill University, Shillong",Biomedical Engineering,4086,
473,NIT,National Institute of Technology Agartala,Engineering Physics,4098,
474,IIIT,Indian Institute of Information Technology Bhopal,B.Tech in Mathematics and Computing,4161,1773
475,GFTI,"Rajiv Gandhi National Aviation University, Fursatganj, Amethi (UP)",Electronics and Communication Engineering (Avionics),4182,1779
476,GFTI,Central University of Haryana,Computer Science and Engineering,4202,
477,NIT,"National Institute of Technology, Mizoram",Mechanical Engineering,4235,
478,GFTI,"Mizoram University, Aizawl",Civil Engineering,4246,
479,GFTI,Central University of Jammu,Electronics and Communication Engineering,4246,1688
480,NIT,National Institute of Technology Agartala,Biotechnology and Biochemical Engineering,4279,1317
481,GFTI,Sant Longowal Institute of Engineering and Technology,Food Technology,4287,
482,GFTI,"Shri Mata Vaishno Devi University, Katra, Jammu & Kashmir",Electrical Engineering,4293,
483,GFTI,"Shri Mata Vaishno Devi University, Katra, Jammu & Kashmir",Mechanical Engineering,4296,
484,GFTI,CU Jharkhand,Integrated B. Tech. - M. Tech in Electrical Engineering,4335,
