Rank,Type,Institute,Branch,Avg General-GN close,2023,2024,2025
1,GFTI,"School of Planning & Architecture, New Delhi",Architecture,194,138,238,207
2,NIT,"National Institute of Technology, Tiruchirappalli",Architecture,297,260,404,227
3,GFTI,"School of Planning & Architecture, New Delhi",Planning,333,330,435,233
4,NIT,National Institute of Technology Calicut,Architecture,367,347,466,289
5,GFTI,"School of Planning & Architecture, Bhopal",Architecture,524,345,754,474
6,NIT,"National Institute of Technology, Rourkela",Architecture,585,490,716,550
7,GFTI,School of Planning & Architecture: Vijayawada,Architecture,608,461,798,566
8,NIT,Maulana Azad National Institute of Technology Bhopal,Planning,651,590,781,581
9,NIT,Malaviya National Institute of Technology Jaipur,Architecture,713,565,926,647
10,NIT,"Visvesvaraya National Institute of Technology, Nagpur",Architecture,803,691,1002,715
11,GFTI,School of Planning & Architecture: Vijayawada,Planning,882,782,1039,825
12,GFTI,"School of Planning & Architecture, Bhopal",Planning,889,818,1093,756
13,NIT,"National Institute of Technology, Kurukshetra",Architecture,1109,,,1109
14,NIT,Maulana Azad National Institute of Technology Bhopal,Architecture,1114,905,1469,967
15,NIT,"Indian Institute of Engineering Science and Technology, Shibpur",Architecture,1133,838,1576,985
16,NIT,National Institute of Technology Raipur,Architecture,1180,932,1538,1070
17,GFTI,"Birla Institute of Technology, Mesra, Ranchi",Architecture,1241,1039,1667,1016
18,NIT,National Institute of Technology Hamirpur,Architecture,1277,1041,1616,1173
19,NIT,National Institute of Technology Patna,Architecture,1313,1065,1687,1187
20,NIT,"National Institute of Technology, Tiruchirappalli",Computer Science and Engineering,1394,1509,1224,1449
21,GFTI,"Shri Mata Vaishno Devi University, Katra, Jammu & Kashmir",Architecture,1463,1245,1857,1287
22,GFTI,"Mizoram University, Aizawl",Architecture,1473,1299,1863,1258
23,GFTI,Islamic University of Science and Technology Kashmir,Architecture,1600,,,1600
24,NIT,"National Institute of Technology, Kurukshetra",Architecture and Planning,1605,,1605,
25,NIT,"National Institute of Technology Karnataka, Surathkal",Computer Science and Engineering,1809,1984,1615,1827
26,NIT,"National Institute of Technology, Warangal",Computer Science and Engineering,2336,2413,2186,2409
27,NIT,"National Institute of Technology Karnataka, Surathkal",Artificial Intelligence,2739,2973,2594,2650
28,NIT,"National Institute of Technology, Warangal",Computer Science and Engineering ( Artificial Intelligence & Data Science),2950,,2948,2952
29,NIT,"National Institute of Technology Karnataka, Surathkal",Information Technology,3169,3403,2944,3160
30,NIT,"National Institute of Technology, Rourkela",Computer Science and Engineering,3386,3786,2940,3431
31,NIT,"National Institute of Technology Karnataka, Surathkal",Computational and Data Science,3580,3922,3348,3471
32,NIT,"National Institute of Technology, Warangal",Mathematics and Computing,3606,4106,3436,3277
33,NIT,"National Institute of Technology, Tiruchirappalli",Electronics and Communication Engineering,3824,4642,3546,3283
34,NIT,"National Institute of Technology, Rourkela",Artificial Intelligence,4216,,3983,4448
35,NIT,Motilal Nehru National Institute of Technology Allahabad,Computer Science and Engineering,4521,4777,4191,4594
36,NIT,"National Institute of Technology Karnataka, Surathkal",Electronics and Communication Engineering,4723,5596,4227,4347
37,NIT,National Institute of Technology Calicut,Computer Science and Engineering,4987,5256,4482,5222
38,NIT,Malaviya National Institute of Technology Jaipur,Computer Science and Engineering,5074,4909,4711,5601
39,NIT,"National Institute of Technology, Warangal",Electronics and Communication Engineering,5295,5814,5014,5057
40,IIIT,"Indian Institute of Information Technology, Allahabad",Information Technology,5558,5378,5202,6094
41,IIIT,"Indian Institute of Information Technology, Allahabad",Information Technology-Business Informatics,5774,5780,5392,6150
42,NIT,"National Institute of Technology, Rourkela",Electronics and Communication Engineering,6092,6770,5721,5785
43,NIT,"National Institute of Technology, Warangal",Electronics and Communication Engineering (VLSI Design and Technology),6111,7047,5678,5607
44,NIT,"National Institute of Technology, Tiruchirappalli",Electrical and Electronics Engineering,6134,6726,6040,5637
45,NIT,Malaviya National Institute of Technology Jaipur,Artificial Intelligence and Data Engineering,6138,6408,5514,6491
46,NIT,"Visvesvaraya National Institute of Technology, Nagpur",Computer Science and Engineering,6414,7087,5795,6359
47,NIT,"National Institute of Technology, Kurukshetra",Computer Science and Engineering,6518,,6000,7037
48,NIT,"National Institute of Technology, Kurukshetra",Computer Engineering,7401,7401,,
49,NIT,"National Institute of Technology Karnataka, Surathkal",Electrical and Electronics Engineering,7480,8437,7132,6872
50,NIT,"National Institute of Technology, Kurukshetra",Computer Science and Engineering,7500,,7717,7283
51,NIT,"Sardar Vallabhbhai National Institute of Technology, Surat",Computer Science and Engineering,7661,7741,7113,8130
52,NIT,"National Institute of Technology, Kurukshetra",Artificial Intelligence and Data Science,7998,,7485,8510
53,NIT,"National Institute of Technology, Warangal",Electrical and Electronics Engineering,8301,9265,7851,7788
54,IIIT,"Indian Institute of Information Technology, Allahabad",Electronics and Communication Engineering,8359,9270,7758,8050
55,NIT,National Institute of Technology Calicut,Electronics and Communication Engineering,8368,9358,7433,8314
56,IIIT,Atal Bihari Vajpayee Indian Institute of Information Technology & Management Gwalior,Computer Science and Engineering,8443,7757,8044,9527
57,NIT,Motilal Nehru National Institute of Technology Allahabad,Electronics and Communication Engineering,8482,9207,7707,8532
58,NIT,National Institute of Technology Delhi,Computer Science and Engineering,8533,9930,8018,7651
59,NIT,"National Institute of Technology, Kurukshetra",Information Technology,8543,9517,7512,8600
60,NIT,National Institute of Technology Delhi,Artificial Intelligence and Data Science,8602,10338,8572,6896
61,NIT,"National Institute of Technology, Jamshedpur",Computer Science and Engineering,8683,9204,7944,8902
62,NIT,"National Institute of Technology, Kurukshetra",Artificial Intelligence and Machine Learning,8958,9237,8432,9204
63,NIT,Maulana Azad National Institute of Technology Bhopal,Computer Science and Engineering,9150,9370,8830,9249
64,NIT,Malaviya National Institute of Technology Jaipur,Electronics and Communication Engineering,9424,10168,8437,9667
65,NIT,"National Institute of Technology, Tiruchirappalli",Mechanical Engineering,9465,10751,9305,8339
66,IIIT,Indian Institute of Information Technology Lucknow,Computer Science and Artificial Intelligence,9497,9545,9384,9562
67,NIT,National Institute of Technology Durgapur,Computer Science and Engineering,9557,10070,8765,9836
68,IIIT,Indian Institute of Information Technology Lucknow,Computer Science,9749,9844,9824,9580
69,NIT,"Sardar Vallabhbhai National Institute of Technology, Surat",Mathematics and Computing,10026,,9746,10306
70,NIT,"National Institute of Technology, Kurukshetra",Mathematics and Computing,10102,10484,9556,10265
71,NIT,"Sardar Vallabhbhai National Institute of Technology, Surat",Artificial Intelligence,10168,10330,9454,10721
72,NIT,"Visvesvaraya National Institute of Technology, Nagpur",Electronics and Communication Engineering,10862,12184,9858,10545
73,NIT,"Dr. B R Ambedkar National Institute of Technology, Jalandhar",Computer Science and Engineering,11079,11017,10957,11262
74,NIT,"National Institute of Technology, Rourkela",Electronics and Instrumentation Engineering,11098,12955,10785,9555
75,IIIT,Indian Institute of Information Technology Lucknow,Computer Science and Business,11282,11175,11380,11292
76,NIT,"National Institute of Technology, Rourkela",Electrical Engineering,11332,12910,10462,10623
77,IIIT,Indian Institute of Information Technology Lucknow,Information Technology,11619,11947,11494,11416
78,IIIT,Atal Bihari Vajpayee Indian Institute of Information Technology & Management Gwalior,Mathematics and Scientific Computing,11658,12085,11180,11710
79,NIT,Motilal Nehru National Institute of Technology Allahabad,Electrical Engineering,11672,12422,10928,11665
80,NIT,Motilal Nehru National Institute of Technology Allahabad,Engineering and Computational Mechanics,11915,11754,11650,12340
81,NIT,"National Institute of Technology, Tiruchirappalli",Instrumentation and Control Engineering,12096,14240,11001,11047
82,NIT,"National Institute of Technology, Kurukshetra",Electronics and Communication Engineering,12225,,12066,12384
83,NIT,"Sardar Vallabhbhai National Institute of Technology, Surat",Artificial Intelligence,12259,,12267,12251
84,NIT,"National Institute of Technology, Kurukshetra",Electronics and Communication Engineering,12266,13145,11489,12163
85,NIT,National Institute of Technology Hamirpur,Computer Science and Engineering,12416,12426,12236,12586
86,NIT,"National Institute of Technology, Silchar",Computer Science and Engineering,12471,12818,11930,12665
87,NIT,National Institute of Technology Delhi,Electronics and Communication Engineering,12490,14481,12080,10909
88,NIT,National Institute of Technology Calicut,Electrical and Electronics Engineering,12627,14740,11415,11727
89,NIT,National Institute of Technology Durgapur,B.Tech in Mathematics and Computing,12708,,12077,13340
90,NIT,"National Institute of Technology, Kurukshetra",ROBOTICS & AUTOMATION,12760,,11581,13940
91,NIT,"National Institute of Technology Karnataka, Surathkal",Mechanical Engineering,12800,14069,12380,11950
92,NIT,National Institute of Technology Goa,Computer Science and Engineering,12918,12604,12511,13640
93,NIT,National Institute of Technology Raipur,Computer Science and Engineering,13170,12773,13177,13559
94,IIIT,Atal Bihari Vajpayee Indian Institute of Information Technology & Management Gwalior,Integrated B. Tech.(IT) and M. Tech (IT),13359,13027,13577,13473
95,NIT,"National Institute of Technology, Jamshedpur",Electronics and Communication Engineering,13376,14181,13080,12868
96,NIT,National Institute of Technology Delhi,Aerospace Engineering,13816,,14243,13389
97,NIT,"National Institute of Technology, Tiruchirappalli",Chemical Engineering,13900,15816,13950,11935
98,NIT,"Dr. B R Ambedkar National Institute of Technology, Jalandhar",Information Technology,13972,13180,14120,14615
99,NIT,"Dr. B R Ambedkar National Institute of Technology, Jalandhar",Data Science and Engineering,14068,13373,14016,14814
100,NIT,National Institute of Technology Durgapur,Electronics and Communication Engineering,14130,14893,13608,13888
101,NIT,National Institute of Technology Delhi,VLSI Design and Technology,14205,,15438,12972
102,NIT,National Institute of Technology Hamirpur,Computer Science and Engineering,14230,14111,14106,14474
103,NIT,"Sardar Vallabhbhai National Institute of Technology, Surat",Electronics and Communication Engineering,14374,15093,13942,14086
104,NIT,Malaviya National Institute of Technology Jaipur,Electrical Engineering,14419,15422,13170,14665
105,NIT,National Institute of Technology Patna,Computer Science and Engineering,14467,13964,14442,14996
106,NIT,Maulana Azad National Institute of Technology Bhopal,Mathematics and Data Science,14519,13855,14740,14961
107,NIT,"National Institute of Technology, Warangal",Mechanical Engineering,14706,15749,14333,14037
108,IIIT,"Pt. Dwarka Prasad Mishra Indian Institute of Information Technology, Design & Manufacture Jabalpur",Computer Science and Engineering,14709,14584,14757,14787
109,NIT,"National Institute of Technology, Kurukshetra",Microelectronics & VLSI Engineering,14777,,14399,15155
110,NIT,"Dr. B R Ambedkar National Institute of Technology, Jalandhar",Mathematics and Computing,14780,,14559,15002
111,NIT,Maulana Azad National Institute of Technology Bhopal,Electronics and Communication Engineering,14928,15624,14955,14205
112,NIT,"National Institute of Technology Karnataka, Surathkal",Chemical Engineering,15010,16357,15195,13477
113,NIT,"Indian Institute of Engineering Science and Technology, Shibpur",Computer Science and Engineering,15037,13711,14635,16765
114,NIT,"Dr. B R Ambedkar National Institute of Technology, Jalandhar",Electronics and Communication Engineering,15568,15255,15270,16180
115,NIT,"Visvesvaraya National Institute of Technology, Nagpur",Electrical and Electronics Engineering,15606,16931,14761,15125
116,NIT,National Institute of Technology Patna,Mathematics and Computing Technology,15634,14191,15362,17348
117,NIT,National Institute of Technology Patna,Computer Science and Engineering with Specialization in Data Science,15738,14115,15659,17439
118,NIT,National Institute of Technology Raipur,Information Technology,15865,14763,16070,16763
119,NIT,"National Institute of Technology, Rourkela",Mechanical Engineering,15993,17907,15037,15035
120,NIT,"Sardar Vallabhbhai National Institute of Technology, Surat",Electronics and VLSI Engineering,16034,,16600,15467
121,IIIT,Atal Bihari Vajpayee Indian Institute of Information Technology & Management Gwalior,Integrated B. Tech.(IT) and MBA,16045,15598,16856,15680
122,NIT,National Institute of Technology Hamirpur,Mathematics and Computing,16068,15463,16502,16238
123,NIT,"National Institute of Technology, Kurukshetra",Electrical Engineering,16528,,15897,17159
124,NIT,National Institute of Technology Patna,Artificial Intelligence and Data Science,16537,,,16537
125,NIT,National Institute of Technology Patna,Computer Science and Engineering with Specialization in Cyber Security,16845,16359,16444,17732
126,NIT,"National Institute of Technology, Kurukshetra",Industrial Internet of Things,17168,17041,16603,17859
127,NIT,National Institute of Technology Calicut,Engineering Physics,17204,18337,16218,17056
128,NIT,"Dr. B R Ambedkar National Institute of Technology, Jalandhar",Electronics and VLSI Engineering,17266,17582,16973,17244
129,NIT,"National Institute of Technology, Kurukshetra",Electrical Engineering,17421,17918,17104,17242
130,IIIT,Atal Bihari Vajpayee Indian Institute of Information Technology & Management Gwalior,Electrical and Electronics Engineering,17446,17777,17195,17366
131,NIT,National Institute of Technology Delhi,Electrical Engineering,17700,20642,16739,15718
132,GFTI,"Birla Institute of Technology, Mesra, Ranchi",Computer Science and Engineering,17714,16401,18030,18711
133,NIT,"Indian Institute of Engineering Science and Technology, Shibpur",Information Technology,17727,16809,16840,19531
134,NIT,National Institute of Technology Goa,Electronics and Communication Engineering,17919,19148,16935,17673
135,NIT,"National Institute of Technology, Andhra Pradesh",Computer Science and Engineering,18001,17272,18548,18183
136,NIT,"National Institute of Technology, Silchar",Electronics and Communication Engineering,18007,18613,17339,18068
137,IIIT,"Indian Institute of Information Technology, Design & Manufacturing, Kancheepuram",Computer Science and Engineering,18236,16986,18654,19069
138,NIT,"National Institute of Technology, Uttarakhand",Computer Science and Engineering,18326,18447,18039,18491
139,NIT,National Institute of Technology Hamirpur,Electronics and Communication Engineering,18439,18163,18421,18733
140,IIIT,"Indian Institute of Information Technology, Design & Manufacturing, Kancheepuram",Computer Science and Engineering with Major in Artificial Intelligence,18474,17188,18702,19533
141,NIT,National Institute of Technology Puducherry,Computer Science and Engineering,18526,17305,18515,19758
142,IIIT,Indian Institute of Information Technology (IIIT) Pune,Computer Science and Engineering,18744,16952,18252,21029
143,NIT,"National Institute of Technology, Jamshedpur",Electrical Engineering,18828,20752,17387,18345
144,GFTI,"International Institute of Information Technology, Naya Raipur",Computer Science and Engineering,18898,19764,18080,18851
145,NIT,"National Institute of Technology, Warangal",Chemical Engineering,18955,20446,18833,17585
146,NIT,"National Institute of Technology, Tiruchirappalli",Civil Engineering,19047,20873,18965,17304
147,GFTI,"Birla Institute of Technology, Mesra, Ranchi",Artificial Intelligence and Machine Learning,19131,18133,19251,20008
148,NIT,"National Institute of Technology, Kurukshetra",Mechanical Engineering,19202,,18205,20199
149,NIT,"National Institute of Technology, Rourkela",Chemical Engineering,19343,21037,18958,18034
150,NIT,National Institute of Technology Raipur,Electronics and Communication Engineering,19353,19191,18823,20044
151,IIIT,"Pt. Dwarka Prasad Mishra Indian Institute of Information Technology, Design & Manufacture Jabalpur",Electronics and Communication Engineering,19376,20213,19106,18809
152,NIT,"Sardar Vallabhbhai National Institute of Technology, Surat",Electrical Engineering,19912,20904,19425,19406
153,NIT,National Institute of Technology Durgapur,Electrical Engineering,20305,21383,19559,19972
154,NIT,Motilal Nehru National Institute of Technology Allahabad,Mechanical Engineering,20468,21758,19748,19897
155,NIT,"National Institute of Technology, Jamshedpur",Engineering and Computational Mechanics,20646,21415,19206,21317
156,NIT,National Institute of Technology Patna,Electronics and Communication Engineering,20760,21436,20286,20558
157,NIT,National Institute of Technology Agartala,Computer Science and Engineering,20804,20102,20298,22013
158,NIT,"National Institute of Technology, Warangal",Chemical Engineering,20805,,,20805
159,NIT,Maulana Azad National Institute of Technology Bhopal,Electrical Engineering,20883,21546,20334,20770
160,NIT,National Institute of Technology Calicut,Mechanical Engineering,20932,22734,20611,19452
161,NIT,National Institute of Technology Hamirpur,Electronics and Communication Engineering,20980,21405,19942,21593
162,NIT,Malaviya National Institute of Technology Jaipur,Mechanical Engineering,20981,22295,20436,20213
163,NIT,National Institute of Technology Meghalaya,Computer Science and Engineering,21096,19175,20039,24074
164,NIT,"Dr. B R Ambedkar National Institute of Technology, Jalandhar",Electrical Engineering,21323,22308,21545,20115
165,IIIT,Indian Institute of Information Technology Guwahati,Computer Science and Engineering,21395,20625,20821,22739
166,NIT,"Indian Institute of Engineering Science and Technology, Shibpur",Electronics and Telecommunication Engineering,21734,21207,21078,22917
167,NIT,"National Institute of Technology, Silchar",Electronics and Instrumentation Engineering,22244,23084,21926,21722
168,NIT,Motilal Nehru National Institute of Technology Allahabad,Chemical Engineering,22533,24068,21061,22469
169,IIIT,"Indian Institute of Information Technology, Design & Manufacturing, Kancheepuram",Computer Science and Engineering,22605,21779,22849,23187
170,NIT,National Institute of Technology Patna,Electronics and Communication Engineering with Specialization in Microelectronics and VLSI System Design,22675,21954,22769,23301
171,GFTI,"International Institute of Information Technology, Naya Raipur",Data Science and Artificial Intelligence,22680,23870,22017,22152
172,NIT,"National Institute of Technology, Warangal",Physics,22728,29722,22490,15971
173,NIT,National Institute of Technology Patna,Electronics Engineering (VLSI Design and Technology),22770,,,22770
174,NIT,"National Institute of Technology, Tiruchirappalli",Metallurgical and Materials Engineering,22814,24678,22521,21243
175,NIT,Maulana Azad National Institute of Technology Bhopal,B. Tech. and M. Tech. in Engineering and Computational Mechanics (Dual Degree),22839,,,22839
176,IIIT,"Indian Institute of Information Technology(IIIT), Vadodara, Gujrat",Computer Science and Engineering,22888,21987,21838,24840
177,NIT,National Institute of Technology Delhi,Mechanical Engineering,22933,25542,22208,21049
178,NIT,"National Institute of Technology, Rourkela",Chemical Engineering,23031,26057,22091,20944
179,NIT,"National Institute of Technology Karnataka, Surathkal",Civil Engineering,23157,23632,22939,22901
180,NIT,"Visvesvaraya National Institute of Technology, Nagpur",Mechanical Engineering,23394,25462,23108,21612
181,NIT,"National Institute of Technology, Srinagar",Computer Science and Engineering,23608,22814,21839,26171
182,NIT,National Institute of Technology Goa,Electrical and Electronics Engineering,23633,24214,23326,23358
183,IIIT,Indian Institute of Information Technology Bhopal,Computer Science and Engineering (Artificial Intelligence),23637,,23637,
184,NIT,"National Institute of Technology, Tiruchirappalli",Production Engineering,23708,25958,24286,20879
185,NIT,"National Institute of Technology Karnataka, Surathkal",Metallurgical and Materials Engineering,23835,25127,23412,22965
186,NIT,"Indian Institute of Engineering Science and Technology, Shibpur",Aerospace Engineering,23868,23280,21831,26492
187,NIT,National Institute of Technology Puducherry,Electronics and Communication Engineering,23990,23819,24073,24078
188,NIT,"National Institute of Technology, Warangal",Mathematics,24026,29818,23183,19078
189,NIT,"Sardar Vallabhbhai National Institute of Technology, Surat",Engineering Physics,24038,,24363,23713
190,IIIT,Indian Institute of Information Technology (IIIT) Pune,Electronics and Communication Engineering,24457,22399,23592,27380
191,NIT,"National Institute of Technology, Kurukshetra",Mechanical Engineering,24517,25489,23310,24753
192,IIIT,"Indian Institute of Information Technology (IIIT)Kota, Rajasthan",Computer Science and Engineering,24704,22296,24416,27400
193,IIIT,"Indian Institute of Information Technology, Design & Manufacturing, Kancheepuram",B.Tech. in Electronics and Communication Engineering and M.Tech. in Microelectronics and VLSI Systems,24892,,,24892
194,NIT,National Institute of Technology Patna,Mechatronics and Automation Engineering,24970,,24053,25887
195,IIIT,Indian Institute of Information Technology Bhopal,Computer Science and Engineering,25169,24413,23999,27095
196,IIIT,"Indian Institute of Information Technology(IIIT), Vadodara, Gujrat",Information Technology,25425,23671,23624,28979
197,NIT,"National Institute of Technology, Silchar",Electrical Engineering,25535,26321,24365,25920
198,NIT,"National Institute of Technology, Andhra Pradesh",Electronics and Communication Engineering,25689,24683,25707,26678
199,IIIT,Indian Institute of Information Technology Surat,Computer Science and Engineering,25706,23303,25108,28707
200,NIT,Malaviya National Institute of Technology Jaipur,Chemical Engineering,25816,26958,25049,25442
201,NIT,"National Institute of Technology, Uttarakhand",Electronics and Communication Engineering,25925,25380,26226,26168
202,NIT,National Institute of Technology Calicut,Energy Engineering,25927,,,25927
203,NIT,Maulana Azad National Institute of Technology Bhopal,Energy and Electrical Vehicle Engineering,25974,,,25974
204,NIT,National Institute of Technology Hamirpur,Electrical Engineering,26080,26867,25782,25590
205,NIT,"National Institute of Technology, Rourkela",Physics,26186,33330,22008,23219
206,NIT,National Institute of Technology Sikkim,Computer Science and Engineering,26331,24093,28284,26616
207,NIT,"National Institute of Technology, Warangal",Civil Engineering,26369,28010,25857,25239
208,IIIT,Indian Institute of Information Technology Surat,Computer Science and Engineering (Artificial Intelligence and Machine Learning),26485,,,26485
209,IIIT,Indian Institute of Information Technology Bhopal,Computer Science and Engineering (Data Science),26656,,24335,28976
210,IIIT,"Indian Institute of Information Technology, Design & Manufacturing, Kancheepuram",Electronics and Communication Engineering,26708,26657,27634,25834
211,NIT,"National Institute of Technology, Rourkela",Civil Engineering,26848,29370,25893,25282
212,IIIT,"Indian Institute of Information Technology (IIIT), Sri City, Chittoor",Computer Science and Engineering,26887,27829,26444,26387
213,NIT,National Institute of Technology Patna,Electrical Engineering,27102,26512,26872,27921
214,IIIT,Indian Institute of Information Technology Tiruchirappalli,Computer Science and Engineering ( Artificial Intelligence & Data Science),27113,,,27113
215,NIT,National Institute of Technology Raipur,Electrical Engineering,27180,27264,26898,27378
216,IIIT,Indian Institute of Information Technology Bhopal,Computer Science and Engineering (Artificial Intelligence),27359,,,27359
217,NIT,National Institute of Technology Delhi,Civil Engineering,27422,27574,27045,27647
218,IIIT,Indian Institute of Information Technology (IIIT) Nagpur,Computer Science Engineering (Artificial lntelligence and Machine Learning),27501,27645,27105,27752
219,NIT,National Institute of Technology Calicut,Chemical Engineering,27508,30047,26194,26282
220,NIT,National Institute of Technology Agartala,Electronics and Communication Engineering,27850,27635,27158,28758
221,GFTI,"Birla Institute of Technology, Mesra, Ranchi",Electronics and Communication Engineering,27857,27182,27924,28464
222,NIT,"National Institute of Technology, Warangal",Metallurgical and Materials Engineering,27906,27512,28135,28071
223,IIIT,Indian Institute of Information Technology (IIIT) Nagpur,Computer Science and Engineering,27922,27288,27356,29123
224,GFTI,Shri G. S. Institute of Technology and Science Indore,Computer Science and Engineering,27947,,,27947
225,NIT,"National Institute of Technology, Warangal",Metallurgical and Materials Engineering,28114,,,28114
226,NIT,"National Institute of Technology, Rourkela",Industrial Design,28572,32085,29601,24030
227,IIIT,"Indian Institute of Information Technology (IIIT), Sri City, Chittoor",Artificial Intelligence and Data Science,28650,30151,28509,27291
228,IIIT,"Indian Institute of Information Technology (IIIT)Kota, Rajasthan",Artificial Intelligence and Data Engineering,28668,,27124,30212
229,NIT,"Sardar Vallabhbhai National Institute of Technology, Surat",Mechanical Engineering,28677,30985,27163,27882
230,IIIT,Indian Institute of Information Technology Tiruchirappalli,Computer Science and Engineering,28842,28888,29303,28335
231,NIT,"National Institute of Technology Karnataka, Surathkal",Mining Engineering,28861,30068,27766,28750
232,IIIT,"Indian Institute of Information Technology(IIIT) Kilohrad, Sonepat, Haryana",Computer Science and Engineering,29024,25572,28994,32506
233,NIT,"National Institute of Technology, Jamshedpur",Mechanical Engineering,29067,29510,29147,28545
234,NIT,"National Institute of Technology, Rourkela",Mathematics,29108,33880,28659,24786
235,NIT,"National Institute of Technology, Srinagar",Information Technology,29160,27732,26370,33379
236,NIT,National Institute of Technology Patna,Electrical Engineering with Specialization In Power System Engineering,29177,29092,27448,30990
237,GFTI,"Jawaharlal Nehru University, Delhi",Computer Science and Engineering,29286,28520,27936,31402
238,NIT,"Indian Institute of Engineering Science and Technology, Shibpur",Electrical Engineering,29322,28582,28389,30994
239,IIIT,Indian Institute of Information Technology (IIIT) Nagpur,Computer Science Engineering (Data Science and Analytics),29378,28893,28763,30477
240,NIT,National Institute of Technology Arunachal Pradesh,Computer Science and Engineering,29403,29087,28514,30607
241,IIIT,Indian Institute of Information Technology Surat,Computer Science and Engineering (Cyber Security),29537,,,29537
242,IIIT,"Indian Institute of Information Technology(IIIT) Una, Himachal Pradesh",Computer Science and Engineering,29621,27059,28335,33468
243,IIIT,Indian Institute of Information Technology Bhopal,Computer Science and Engineering (Cyber Security),29714,,27858,31569
244,NIT,National Institute of Technology Durgapur,Mechanical Engineering,29745,32121,27957,29158
245,IIIT,"Indian Institute of Information Technology(IIIT), Vadodara, Gujrat",Artificial Intelligence,29856,,,29856
246,NIT,National Institute of Technology Meghalaya,Electronics and Communication Engineering,29996,29028,29484,31476
247,IIIT,"Indian Institute of Information Technology, Design & Manufacturing, Kancheepuram",B.Tech. in Electronics and Communication Engineering and M.Tech. in VLSI Design,30045,32242,27848,
248,NIT,"National Institute of Technology, Rourkela",Metallurgical and Materials Engineering,30623,33055,28678,30135
249,IIIT,Indian Institute of Information Technology Bhopal,Computer Science and Engineering (Cyber Physical System),30659,,30659,
250,NIT,"Dr. B R Ambedkar National Institute of Technology, Jalandhar",Instrumentation and Control Engineering,30695,33381,30740,27963
251,NIT,"National Institute of Technology, Warangal",Bio Technology,30732,31192,30707,30296
252,NIT,"Visvesvaraya National Institute of Technology, Nagpur",Chemical Engineering,30829,33172,28900,30416
253,NIT,Maulana Azad National Institute of Technology Bhopal,Mechanical Engineering,30912,33129,29993,29613
254,GFTI,"International Institute of Information Technology, Bhubaneswar",Computer Science and Engineering,31011,28199,31001,33833
255,NIT,"National Institute of Technology, Manipur",Computer Science and Engineering,31118,29644,30611,33098
256,IIIT,Indian Institute of Information Technology Guwahati,Electronics and Communication Engineering,31166,32508,30437,30554
257,NIT,Motilal Nehru National Institute of Technology Allahabad,Civil Engineering,31359,33065,29422,31589
258,IIIT,Indian Institute of Information Technology (IIIT) Nagpur,Computer Science Engineering (Human Computer lnteraction and Gaming Technology),31479,30142,30403,33893
259,NIT,National Institute of Technology Sikkim,Artificial Intelligence and Machine Learning,31484,,33955,29014
260,IIIT,"Indian Institute of Information Technology, Design & Manufacturing, Kancheepuram",B.Tech. in Electronics and Communication Engineering and M.Tech. in Communication Systems,31554,33695,32117,28850
261,GFTI,"International Institute of Information Technology, Naya Raipur",Electronics and Communication Engineering,31757,33005,31363,30902
262,IIIT,Indian Institute of Information Technology Bhopal,Information Technology,31836,28824,30065,36619
263,NIT,"National Institute of Technology, Rourkela",Bio Technology,31986,34235,29495,32227
264,IIIT,"Indian Institute of Information Technology(IIIT) Una, Himachal Pradesh",Information Technology,32003,30983,33023,
265,IIIT,Indian Institute of Information Technology(IIIT) Kottayam,Computer Science and Engineering with specialization in Artificial Intelligence and Data Science,32008,30516,32727,32780
266,NIT,National Institute of Technology Puducherry,Electrical and Electronics Engineering,32043,33327,29032,33769
267,NIT,"Dr. B R Ambedkar National Institute of Technology, Jalandhar",Mechanical Engineering,32093,33152,30878,32249
268,IIIT,"Indian Institute of Information Technology(IIIT) Kilohrad, Sonepat, Haryana",Information Technology,32271,27255,32173,37385
269,IIIT,"Indian Institute of Information Technology(IIIT) Una, Himachal Pradesh",Computer Science and Engineering (Data Science),32482,,30485,34479
270,NIT,"National Institute of Technology, Uttarakhand",Electrical and Electronics Engineering,32523,31544,32287,33738
271,GFTI,"Birla Institute of Technology, Mesra, Ranchi",Electrical and Electronics Engineering,32544,31677,31361,34595
272,GFTI,Shri G. S. Institute of Technology and Science Indore,Information Technology,32619,,,32619
273,GFTI,"Birla Institute of Technology, Mesra, Ranchi",Mathematics and Computing,32675,32362,31152,34512
274,IIIT,Indian Institute of Information Technology Tiruchirappalli,Electronics and Communication Engineering (VLSI Design),32763,,,32763
275,IIIT,"Indian Institute of Information Technology Design & Manufacturing Kurnool, Andhra Pradesh",Computer Science and Engineering,32966,32990,32761,33147
276,IIIT,Indian Institute of Information Technology (IIIT) Ranchi,Computer Science and Engineering (with Specialization of Data Science and Artificial Intelligence),33019,30734,31336,36988
277,NIT,National Institute of Technology Goa,Mechanical Engineering,33107,35307,31124,32890
278,GFTI,University of Hyderabad,Computer Science and Engineering,33443,30684,33350,36294
279,IIIT,"Indian Institute of Information Technology(IIIT) Una, Himachal Pradesh",Computer Science and Engineering (Cyber Security),33519,,31872,35166
280,NIT,National Institute of Technology Agartala,Computational Mathematics,33664,33509,34842,32640
281,IIIT,"Indian Institute of Information Technology(IIIT) Kilohrad, Sonepat, Haryana",CSE ( Data Science & Analytics),33764,,31601,35928
282,NIT,National Institute of Technology Nagaland,Computer Science and Engineering,33795,30401,31391,39594
283,IIIT,Indian Institute of Information Technology Bhopal,B.Tech in Mathematics and Computing,33940,,,33940
284,NIT,"National Institute of Technology, Silchar",Mechanical Engineering,34024,35691,32251,34130
285,NIT,"National Institute of Technology, Kurukshetra",SUSTAINABLE ENERGY TECHNOLOGIES,34071,,32019,36123
286,NIT,"National Institute of Technology, Mizoram",Computer Science and Engineering,34089,31336,33181,37751
287,NIT,"National Institute of Technology, Andhra Pradesh",Electrical and Electronics Engineering,34089,33347,34473,34448
288,NIT,Malaviya National Institute of Technology Jaipur,Civil Engineering,34129,34032,32608,35746
289,NIT,National Institute of Technology Calicut,Materials Science and Engineering,34146,38388,33674,30375
290,IIIT,"Indian Institute of Information Technology (IIIT)Kota, Rajasthan",Electronics and Communication Engineering,34171,31608,34167,36737
291,IIIT,Indian Institute of Information Technology (IIIT) Ranchi,Computer Science and Engineering,34351,32560,32429,38063
292,IIIT,Indian Institute of Information Technology Surat,Electronics and Communication Engineering,34354,32751,34263,36049
293,NIT,National Institute of Technology Calicut,Civil Engineering,34517,37216,33650,32686
294,NIT,National Institute of Technology Durgapur,Chemical Engineering,34624,36240,33696,33937
295,NIT,National Institute of Technology Durgapur,Chemical Engineering,34728,32936,34405,36842
296,IIIT,"Indian institute of information technology, Raichur, Karnataka",Computer Science and Engineering,34770,33268,34282,36760
297,NIT,"National Institute of Technology, Srinagar",Electronics and Communication Engineering,34771,34057,33605,36651
298,NIT,Motilal Nehru National Institute of Technology Allahabad,Production and Industrial Engineering,35058,34482,35559,35132
299,NIT,National Institute of Technology Calicut,Production Engineering,35348,36530,33433,36080
300,GFTI,"International Institute of Information Technology, Bhubaneswar",Computer Engineering,35487,32893,33451,40118
301,IIIT,"Indian Institute of Information Technology, Vadodara International Campus Diu (IIITVICD)",Computer Science and Engineering,35496,34862,32396,39231
302,GFTI,"International Institute of Information Technology, Bhubaneswar",Information Technology,35615,33260,33712,39873
303,IIIT,Indian Institute of Information Technology Bhopal,Computer Science and Engineering (Cyber Physical System),35838,,,35838
304,NIT,"National Institute of Technology, Rourkela",Mining Engineering,35860,39954,31895,35731
305,NIT,Maulana Azad National Institute of Technology Bhopal,Chemical Engineering,35971,37545,34554,35814
306,NIT,National Institute of Technology Hamirpur,Mechanical Engineering,36053,36665,35236,36258
307,IIIT,Indian Institute of Information Technology(IIIT) Kottayam,Computer Science and Engineering,36070,31998,35996,40217
308,NIT,"National Institute of Technology, Kurukshetra",Civil Engineering,36096,,34173,38018
309,NIT,"Sardar Vallabhbhai National Institute of Technology, Surat",Chemical Engineering,36151,38015,34327,36111
310,NIT,Motilal Nehru National Institute of Technology Allahabad,Bio Technology,36203,35995,35422,37193
311,NIT,National Institute of Technology Raipur,Mechanical Engineering,36207,37689,35628,35303
312,IIIT,"Indian Institute of Information Technology (IIIT), Sri City, Chittoor",Electronics and Communication Engineering,36340,38934,36490,33596
313,NIT,National Institute of Technology Agartala,Mathematics & Computing,36378,38103,31639,39393
314,NIT,"National Institute of Technology, Kurukshetra",Civil Engineering,36390,38155,34647,36367
315,NIT,National Institute of Technology Sikkim,Electronics and Communication Engineering,36426,35568,37004,36705
316,NIT,National Institute of Technology Hamirpur,Engineering Physics,36452,33687,35666,40002
317,NIT,National Institute of Technology Calicut,Bio Technology,36480,38003,35922,35514
318,NIT,"National Institute of Technology, Rourkela",Metallurgical and Materials Engineering,36532,38512,35955,35129
319,IIIT,Indian Institute of Information Technology Bhopal,Electronics and Communication Engineering,36819,34855,35355,40247
320,IIIT,Indian Institute of Information Technology (IIIT) Nagpur,Electronics and Communication Engineering (Internet of Things),37009,36175,35608,39245
321,NIT,"National Institute of Technology, Rourkela",Bio Medical Engineering,37018,38477,37811,34766
322,IIIT,"Indian Institute of Information Technology(IIIT) Kalyani, West Bengal",Computer Science and Engineering ( Artificial Intelligence & Data Science),37118,,,37118
323,NIT,"National Institute of Technology, Mizoram",Mathematics and Computing,37158,37134,36482,37859
324,NIT,"National Institute of Technology, Warangal",Chemistry,37158,41976,31513,37985
325,IIIT,Indian Institute of Information Technology(IIIT) Kottayam,Computer Science and Engineering with specialization in Cyber Security,37276,34134,36976,40718
326,IIIT,"Indian Institute of Information Technology Design & Manufacturing Kurnool, Andhra Pradesh",Artificial Intelligence and Data Science,37286,37820,36999,37040
327,NIT,National Institute of Technology Patna,Mechanical Engineering,37299,37533,36958,37407
328,NIT,"Visvesvaraya National Institute of Technology, Nagpur",Civil Engineering,37338,38456,36655,36904
329,GFTI,"Jawaharlal Nehru University, Delhi",Electronics and Communication Engineering,37536,35534,35486,41588
330,NIT,"Indian Institute of Engineering Science and Technology, Shibpur",Mechanical Engineering,37557,37579,35857,39236
331,NIT,"National Institute of Technology, Rourkela",Ceramic Engineering,37629,42865,36000,34022
332,IIIT,Indian Institute of Information Technology(IIIT) Dharwad,Computer Science and Engineering,37712,34597,37419,41121
333,NIT,"National Institute of Technology, Rourkela",Mining Engineering,37781,39670,32461,41212
334,NIT,National Institute of Technology Agartala,Electronics and Instrumentation Engineering,37839,39683,37244,36589
335,NIT,National Institute of Technology Agartala,Electrical Engineering,37849,39922,38044,35580
336,IIIT,Indian Institute of Information Technology Tiruchirappalli,Electronics and Communication Engineering,37883,38121,36702,38827
337,IIIT,"Indian Institute of Information Technology(IIIT), Vadodara, Gujrat",Electronics and Communication Engineering,37951,,,37951
338,NIT,Malaviya National Institute of Technology Jaipur,Metallurgical and Materials Engineering,38125,39406,36965,38003
339,IIIT,"Indian institute of information technology, Raichur, Karnataka",Artificial Intelligence and Data Science,38173,35154,37788,41577
340,NIT,Motilal Nehru National Institute of Technology Allahabad,Materials Engineering,38225,,38008,38442
341,IIIT,Indian Institute of Information Technology (IIIT) Nagpur,Electronics and Communication Engineering,38760,37906,37530,40844
342,IIIT,"Indian Institute of Information Technology, Design & Manufacturing, Kancheepuram",B.Tech in Mechanical Engineering and M.Tech in AI and Robotics,38999,,39290,38708
343,IIIT,"Indian Institute of Information Technology Design & Manufacturing Kurnool, Andhra Pradesh",Computer Science and Engineering,39048,37998,37958,41188
344,NIT,"Dr. B R Ambedkar National Institute of Technology, Jalandhar",Chemical Engineering,39060,40417,37272,39490
345,IIIT,"Indian Institute of Information Technology(IIIT) Una, Himachal Pradesh",Electronics and Communication Engineering,39128,37252,37935,42197
346,NIT,National Institute of Technology Meghalaya,Electrical and Electronics Engineering,39551,39316,36106,43231
347,IIIT,"Indian Institute of Information Technology, Agartala",Computer Science and Engineering,39617,35192,39356,44304
348,NIT,National Institute of Technology Patna,Mechanical Engineering with Specialization in Manufacturing and Industrial Engineering,39719,41945,39044,38169
349,IIIT,"Indian Institute of Information Technology, Design & Manufacturing, Kancheepuram",Engineering Physics,39727,,,39727
350,IIIT,Indian Institute of Information Technology(IIIT) Dharwad,Data Science and Artificial Intelligence,39888,37258,39077,43328
351,NIT,"National Institute of Technology, Manipur",Electronics and Communication Engineering,39950,37030,40126,42695
352,IIIT,Indian Institute of Information Technology(IIIT) Kottayam,Electronics and Communication Engineering,40147,39165,39875,41402
353,NIT,National Institute of Technology Arunachal Pradesh,Electronics and Communication Engineering,40343,38784,40722,41523
354,NIT,"National Institute of Technology, Kurukshetra",Production and Industrial Engineering,40373,42295,39314,39510
355,GFTI,"Birla Institute of Technology, Mesra, Ranchi",Quantitative Economics & Data Science,40396,36200,41337,43651
356,NIT,National Institute of Technology Patna,Material Science and Engineering,40406,43896,37241,40081
357,IIIT,"Indian Institute of Information Technology(IIIT) Kalyani, West Bengal",Computer Science and Engineering,40447,37195,39991,44154
358,NIT,National Institute of Technology Hamirpur,Chemical Engineering,40783,42702,39188,40460
359,IIIT,Indian Institute of Information Technology Bhagalpur,Computer Science and Engineering,40826,38522,39481,44476
360,NIT,National Institute of Technology Raipur,Chemical Engineering,41042,42804,39335,40986
361,NIT,National Institute of Technology Durgapur,Civil Engineering,41198,42439,40215,40941
362,IIIT,"Indian institute of information technology, Raichur, Karnataka",Mathematics and Computing,41288,,39100,43476
363,IIIT,Indian Institute of Information Technology (IIIT) Ranchi,Electronics and Communication Engineering (with Specialization of Embedded Systems and Internet of Things),41288,40065,39295,44503
364,GFTI,Shri G. S. Institute of Technology and Science Indore,Electronics and Telecommunication Engineering,41294,,,41294
365,NIT,"National Institute of Technology, Srinagar",Electrical Engineering,41397,40467,40442,43282
366,NIT,"National Institute of Technology, Uttarakhand",Mechanical Engineering,41413,42700,40565,40975
367,GFTI,"International Institute of Information Technology, Bhubaneswar",Electronics and Telecommunication Engineering,41479,39047,39955,45436
368,NIT,"National Institute of Technology, Jamshedpur",Civil Engineering,41573,43745,40903,40071
369,IIIT,Indian Institute of Information Technology Bhagalpur,Mathematics and Computing,41684,39655,39975,45422
370,NIT,National Institute of Technology Patna,Chemical Technology,41776,45504,36034,43789
371,NIT,National Institute of Technology Puducherry,Mechanical Engineering,41779,40208,42247,42881
372,IIIT,Indian Institute of Information Technology (IIIT) Ranchi,B.Tech in Mathematics and Computing,41831,,,41831
373,IIIT,Indian Institute of Information Technology (IIIT) Ranchi,Electronics and Communication Engineering,41973,40510,40194,45216
374,NIT,"Visvesvaraya National Institute of Technology, Nagpur",Metallurgical and Materials Engineering,41975,43133,42379,40413
375,NIT,Maulana Azad National Institute of Technology Bhopal,Civil Engineering,42209,43903,39973,42750
376,NIT,National Institute of Technology Sikkim,Electrical and Electronics Engineering,42301,40863,42538,43501
377,NIT,"National Institute of Technology, Rourkela",Food Process Engineering,42318,45340,41605,40010
378,IIIT,Indian Institute of Information Technology(IIIT) Dharwad,Electronics and Communication Engineering,42398,40610,41143,45440
379,IIIT,"Indian Institute of Information Technology Design & Manufacturing Kurnool, Andhra Pradesh",Electronics and Communication Engineering with specialization in Design and Manufacturing,42461,41292,41985,44105
380,NIT,"Sardar Vallabhbhai National Institute of Technology, Surat",Civil Engineering,42506,43794,42166,41558
381,GFTI,"Institute of Infrastructure, Technology, Research and Management-Ahmedabad",Computer Engineering,42550,39867,40078,47706
382,IIIT,"Indian Institute of Information Technology, Vadodara International Campus Diu (IIITVICD)",Artificial Intelligence,42565,,,42565
383,NIT,National Institute of Technology Nagaland,Electronics and Communication Engineering,42573,40671,42889,44158
384,NIT,"National Institute of Technology, Andhra Pradesh",Mechanical Engineering,42635,42801,41191,43912
385,IIIT,"Pt. Dwarka Prasad Mishra Indian Institute of Information Technology, Design & Manufacture Jabalpur",Mechanical Engineering,42867,42814,41353,44435
386,NIT,"National Institute of Technology, Jamshedpur",Production and Industrial Engineering,42884,45154,39744,43754
387,GFTI,"International Institute of Information Technology, Bhubaneswar",Electrical and Electronics Engineering,43191,41744,41584,46244
388,IIIT,Indian Institute of Information Technology Bhopal,Physics and Computational Engineering,43349,,,43349
389,NIT,"National Institute of Technology, Mizoram",Electronics and Communication Engineering,43429,42287,43128,44871
390,IIIT,"Indian Institute of Information Technology Design & Manufacturing Kurnool, Andhra Pradesh",Electronics and Communication Engineering,43811,41715,42606,47113
391,IIIT,"Indian Institute of Information Technology(IIIT) Kalyani, West Bengal",Electronics and Communication Engineering,43990,41775,43031,47163
392,NIT,"National Institute of Technology, Rourkela",Ceramic Engineering and M.Tech Industrial Ceramic,44042,47672,39253,45200
393,NIT,"Dr. B R Ambedkar National Institute of Technology, Jalandhar",Civil Engineering,44074,44281,44274,43668
394,IIIT,"Indian Institute of Information Technology(IIIT) Kalyani, West Bengal",Computer Science and Engineering (Cyber Security),44403,,,44403
395,IIIT,"Indian Institute of Information Technology, Design & Manufacturing, Kancheepuram",Mechanical Engineering,44607,46172,43513,44137
396,IIIT,Indian Institute of Information Technology Bhagalpur,Electronics and Communication Engineering,44643,43657,42488,47785
397,IIIT,"Indian Institute of Information Technology, Vadodara International Campus Diu (IIITVICD)",Electronics and Communication Engineering,44651,,,44651
398,NIT,"National Institute of Technology, Andhra Pradesh",Chemical Engineering,44739,43864,45161,45191
399,GFTI,"Birla Institute of Technology, Mesra, Ranchi",Mechanical Engineering,44963,44661,43489,46739
400,NIT,National Institute of Technology Arunachal Pradesh,Electrical Engineering,45547,44381,45212,47047
401,NIT,National Institute of Technology Goa,Civil Engineering,45671,47155,44014,45845
402,NIT,Maulana Azad National Institute of Technology Bhopal,Materials Science and Metallurgical Engineering,45675,46555,44668,45803
403,NIT,National Institute of Technology Patna,Civil Engineering with Specialization in Construction Technology and Management,45685,46763,42411,47881
404,NIT,National Institute of Technology Durgapur,Metallurgical and Materials Engineering,45686,48099,44399,44560
405,GFTI,"Puducherry Technological University, Puducherry",Information Technology,45792,45563,44373,47439
406,NIT,"Sardar Vallabhbhai National Institute of Technology, Surat",Mathematics,46200,51576,45094,41929
407,NIT,"Visvesvaraya National Institute of Technology, Nagpur",Mining Engineering,46237,48145,44834,45731
408,NIT,"Sardar Vallabhbhai National Institute of Technology, Surat",Industrial Chemistry,46273,,46870,45676
409,NIT,"National Institute of Technology, Jamshedpur",Metallurgical and Materials Engineering,46400,47774,46367,45058
410,NIT,National Institute of Technology Raipur,Civil Engineering,46533,47480,44960,47160
411,NIT,National Institute of Technology Agartala,Mechanical Engineering,46612,47237,46675,45924
412,NIT,"National Institute of Technology, Silchar",Civil Engineering,46653,46505,45391,48062
413,NIT,National Institute of Technology Hamirpur,Civil Engineering,46739,47137,45502,47577
414,NIT,"Dr. B R Ambedkar National Institute of Technology, Jalandhar",Industrial and Production Engineering,46820,48352,46905,45203
415,NIT,National Institute of Technology Meghalaya,Mechanical Engineering,46845,44699,48332,47505
416,NIT,"Sardar Vallabhbhai National Institute of Technology, Surat",Physics,46949,52721,43334,44792
417,GFTI,"J.K. Institute of Applied Physics & Technology, Department of Electronics & Communication, University of Allahabad- Allahabad",Computer Science and Engineering with Major in Artificial Intelligence,46987,,43997,49977
418,NIT,"National Institute of Technology, Rourkela",Chemistry,47082,49151,48289,43806
419,NIT,National Institute of Technology Patna,Civil Engineering,47144,46518,46400,48513
420,GFTI,"J.K. Institute of Applied Physics & Technology, Department of Electronics & Communication, University of Allahabad- Allahabad",Computer Science and Engineering,47381,47381,,
421,NIT,National Institute of Technology Agartala,Engineering Physics,47714,50067,45559,47515
422,NIT,National Institute of Technology Hamirpur,Materials Science and Engineering,47981,49915,46742,47285
423,NIT,"National Institute of Technology, Srinagar",Mechanical Engineering,47993,47520,47482,48977
424,GFTI,"Birla Institute of Technology, Patna Off-Campus",Computer Science and Engineering,48378,49849,45956,49330
425,NIT,National Institute of Technology Durgapur,Bio Technology,48446,49399,47888,48052
426,NIT,National Institute of Technology Sikkim,Mechanical Engineering,48454,49141,47070,49151
427,NIT,National Institute of Technology Nagaland,Electrical and Electronics Engineering,48470,47930,47335,50145
428,NIT,"National Institute of Technology, Manipur",Electrical Engineering,48528,47765,47728,50092
429,IIIT,"Indian Institute of Information Technology, Design & Manufacturing, Kancheepuram",Smart Manufacturing,48552,46080,48128,51448
430,NIT,"National Institute of Technology, Uttarakhand",Civil Engineering,48853,48801,48366,49391
431,NIT,National Institute of Technology Durgapur,Biotechnology,48949,48932,47996,49920
432,NIT,"National Institute of Technology, Rourkela",Life Science,48991,49862,45442,51669
433,NIT,"Dr. B R Ambedkar National Institute of Technology, Jalandhar",Bio Technology,49148,49496,47967,49981
434,NIT,"National Institute of Technology, Mizoram",Electrical Engineering,49251,48542,47514,51698
435,NIT,National Institute of Technology Puducherry,Civil Engineering,49492,50701,47854,49922
436,NIT,National Institute of Technology Nagaland,Electronics and Instrumentation Engineering,49933,49013,47676,53110
437,IIIT,Indian Institute of Information Technology Bhagalpur,Mechatronics and Automation Engineering,50166,49678,47663,53156
438,NIT,National Institute of Technology Agartala,Physics,50185,46448,51420,52688
439,GFTI,"Puducherry Technological University, Puducherry",Computer Science and Engineering,50252,45508,48768,56480
440,NIT,National Institute of Technology Arunachal Pradesh,Mechanical Engineering,50348,49818,50666,50560
441,GFTI,"Central University of Rajasthan, Rajasthan",Computer Science and Engineering,50484,44886,49021,57546
442,NIT,National Institute of Technology Agartala,Chemical Engineering,50530,50367,50320,50902
443,NIT,National Institute of Technology Raipur,Metallurgical and Materials Engineering,50632,52043,49080,50773
444,GFTI,"National Institute of Electronics and Information Technology, Ropar (Punjab)",B.Tech in CSE (AI and ML),50647,,,50647
445,GFTI,Shri G. S. Institute of Technology and Science Indore,Electrical Engineering,50882,,,50882
446,IIIT,"Indian Institute of Information Technology, Design & Manufacturing, Kancheepuram",Design Engineering,50908,,,50908
447,IIIT,INDIAN INSTITUTE OF INFORMATION TECHNOLOGY SENAPATI MANIPUR,Computer Science and Engineering with specialization in Artificial Intelligence and Data Science,50958,45374,47179,60321
448,GFTI,Shri G. S. Institute of Technology and Science Indore,Electronics and Instrumentation Engineering,51031,,,51031
449,NIT,"National Institute of Technology, Andhra Pradesh",Civil Engineering,51085,50232,50048,52976
450,IIIT,"Pt. Dwarka Prasad Mishra Indian Institute of Information Technology, Design & Manufacture Jabalpur",Smart Manufacturing,51205,51508,49439,52669
451,GFTI,"National Institute of Electronics and Information Technology, Aurangabad (Maharashtra)",Computer Science and Engineering,51218,,,51218
452,IIIT,"Indian Institute of Information Technology Design & Manufacturing Kurnool, Andhra Pradesh",Mechanical Engineering with specialization in Design and Manufacturing,51286,51453,49886,52520
453,NIT,"Indian Institute of Engineering Science and Technology, Shibpur",Metallurgy and Materials Engineering,51609,51002,50256,53570
454,IIIT,INDIAN INSTITUTE OF INFORMATION TECHNOLOGY SENAPATI MANIPUR,Computer Science and Engineering,51647,46351,50509,58080
455,NIT,"Indian Institute of Engineering Science and Technology, Shibpur",Civil Engineering,51785,52036,49591,53728
456,NIT,"National Institute of Technology, Manipur",Mechanical Engineering,51922,52516,50535,52716
457,GFTI,"National Institute of Advanced Manufacturing Technology, Ranchi",Computer Engineering,52283,49674,50906,56268
458,IIIT,"Indian Institute of Information Technology Design & Manufacturing Kurnool, Andhra Pradesh",Mechanical Engineering,52287,52162,50444,54254
459,GFTI,"Birla Institute of Technology, Mesra, Ranchi",Chemical Engineering,52317,52487,49909,54554
460,NIT,National Institute of Technology Meghalaya,Civil Engineering,52498,55209,49836,52450
461,NIT,"National Institute of Technology, Andhra Pradesh",Metallurgical and Materials Engineering,52571,53982,51428,52304
462,GFTI,"Birla Institute of Technology, Patna Off-Campus",Artificial Intelligence and Machine Learning,52587,,50586,54588
463,NIT,"Dr. B R Ambedkar National Institute of Technology, Jalandhar",Textile Technology,52639,53354,50863,53700
464,GFTI,"Assam University, Silchar",Computer Science and Engineering,52897,48929,50836,58926
465,NIT,National Institute of Technology Raipur,Mining Engineering,52960,54340,51623,52916
466,NIT,"National Institute of Technology, Andhra Pradesh",Bio Technology,53191,54146,51528,53898
467,NIT,National Institute of Technology Raipur,Bio Technology,53379,53188,52108,54841
468,GFTI,"Puducherry Technological University, Puducherry",Electronics and Instrumentation Engineering,53416,50207,51227,58814
469,NIT,National Institute of Technology Durgapur,Chemistry,53419,50911,54181,55165
470,NIT,"National Institute of Technology, Mizoram",Mechanical Engineering,53503,53050,52165,55295
471,NIT,"National Institute of Technology, Srinagar",Chemical Engineering,53917,54693,51760,55299
472,NIT,National Institute of Technology Nagaland,Mechanical Engineering,54178,53747,51973,56813
473,GFTI,"Birla Institute of Technology, Deoghar Off-Campus",Computer Science and Engineering,54226,54388,50774,57517
474,NIT,National Institute of Technology Agartala,Civil Engineering,54381,54537,53657,54950
475,NIT,National Institute of Technology Sikkim,Civil Engineering,54721,55629,54266,54268
476,GFTI,Shri G. S. Institute of Technology and Science Indore,Mechanical Engineering,55093,,,55093
477,GFTI,"Birla Institute of Technology, Mesra, Ranchi",Civil Engineering,55191,54720,53237,57616
478,NIT,National Institute of Technology Raipur,Bio Medical Engineering,55223,56271,52916,56483
479,NIT,"Indian Institute of Engineering Science and Technology, Shibpur",Mining Engineering,55315,54788,53043,58114
480,GFTI,"Institute of Infrastructure, Technology, Research and Management-Ahmedabad",Electrical Engineering,55482,52022,52503,61921
481,GFTI,"Central institute of Technology Kokrajar, Assam",Computer Science and Engineering,55583,53251,58033,55464
482,NIT,"Sardar Vallabhbhai National Institute of Technology, Surat",Chemistry,55715,58313,54901,53932
483,GFTI,Shri G. S. Institute of Technology and Science Indore,Civil Engineering,55931,,,55931
484,GFTI,"Gati Shakti Vishwavidyalaya, Vadodara",B.Tech in Artificial Intelligenece and Data Science (Transportation and Logistics),56492,,56220,56763
485,GFTI,"North Eastern Regional Institute of Science and Technology, Nirjuli-791109 (Itanagar),Arunachal Pradesh",Computer Science and Engineering,56613,51980,55764,62096
486,NIT,"National Institute of Technology, Srinagar",Civil Engineering,56689,57678,55070,57319
487,GFTI,"Birla Institute of Technology, Mesra, Ranchi",Physics,56858,57829,55470,57275
488,GFTI,"Birla Institute of Technology, Mesra, Ranchi",Production and Industrial Engineering,57116,55867,55546,59936
489,NIT,National Institute of Technology Agartala,Biotechnology and Biochemical Engineering,57132,56361,55914,59122
490,GFTI,"Puducherry Technological University, Puducherry",Electrical and Electronics Engineering,57217,55745,56968,58937
491,GFTI,"Birla Institute of Technology, Mesra, Ranchi",Bio Technology,57244,55578,57068,59086
492,NIT,"National Institute of Technology, Srinagar",Metallurgical and Materials Engineering,57306,58591,55447,57881
493,NIT,National Institute of Technology Agartala,Production Engineering,57363,58345,56865,56880
494,NIT,National Institute of Technology Arunachal Pradesh,Civil Engineering,57367,57946,55692,58464
495,IIIT,INDIAN INSTITUTE OF INFORMATION TECHNOLOGY SENAPATI MANIPUR,Computer Science and Engineering with specialization in Quantum Technologies,57736,,,57736
496,NIT,"National Institute of Technology, Manipur",Civil Engineering,57758,56593,56358,60323
497,GFTI,"Birla Institute of Technology, Patna Off-Campus",Mathematics and Computing,57842,,,57842
498,NIT,"National Institute of Technology, Mizoram",Chemical Science and Technology,57895,,,57895
499,GFTI,"Puducherry Technological University, Puducherry",Electronics and Communication Engineering,57898,56487,56014,61192
500,GFTI,"Birla Institute of Technology, Patna Off-Campus",Electronics and Communication Engineering,58077,59150,56509,58571
501,IIIT,INDIAN INSTITUTE OF INFORMATION TECHNOLOGY SENAPATI MANIPUR,Electronics and Communication Engineering,58183,53342,55833,65373
502,GFTI,"National Institute of Electronics and Information Technology, Aurangabad (Maharashtra)",Electronic Engineering,58243,,54579,61907
503,GFTI,"School of Engineering, Tezpur University, Napaam, Tezpur",B.Tech. (Computer Science and Engineering) - MBA,58363,,,58363
504,GFTI,"School of Engineering, Tezpur University, Napaam, Tezpur",Computer Science and Engineering,58517,54313,56762,64476
505,GFTI,Central University of Haryana,Computer Science and Engineering,58528,54901,55902,64782
506,NIT,National Institute of Technology Nagaland,Civil Engineering,58571,57852,57171,60689
507,NIT,"National Institute of Technology, Mizoram",Civil Engineering,58777,58131,56579,61620
508,GFTI,"Institute of Chemical Technology, Mumbai: Indian Oil Odisha Campus, Bhubaneswar",Chemical Engineering,59137,56972,56446,63993
509,GFTI,Sant Longowal Institute of Engineering and Technology,Computer Science and Engineering,59237,54514,58940,64256
510,GFTI,"J.K. Institute of Applied Physics & Technology, Department of Electronics & Communication, University of Allahabad- Allahabad",Electronics and Communication Engineering,59436,57081,56755,64472
511,GFTI,"National Institute of Electronics and Information Technology, Aurangabad (Maharashtra)",Electronics System Engineering,59675,59675,,
512,GFTI,"Puducherry Technological University, Puducherry",Chemical Engineering,59691,56136,57233,65703
513,NIT,National Institute of Technology Agartala,Chemistry,59799,59062,57997,62338
514,GFTI,"Central University of Rajasthan, Rajasthan",Electronics and Communication Engineering,59833,57416,57631,64451
515,IIIT,INDIAN INSTITUTE OF INFORMATION TECHNOLOGY SENAPATI MANIPUR,Electronics and Communication Engineering with specialization in VLSI and Embedded Systems,59841,53716,56550,69257
516,GFTI,"Birla Institute of Technology, Mesra, Ranchi",Food Engineering  and Technology,60252,59724,59904,61127
517,GFTI,"North Eastern Regional Institute of Science and Technology, Nirjuli-791109 (Itanagar),Arunachal Pradesh",Electrical Engineering,60281,60281,,
518,GFTI,"National Institute of Electronics and Information Technology, Ajmer (Rajasthan)","Computer Science and Engineering (Internet of Things, Cyber Security including Block Chain Technology )",60700,,,60700
519,GFTI,"Assam University, Silchar",Electronics and Communication Engineering,61511,58639,58657,67237
520,NIT,National Institute of Technology Arunachal Pradesh,Biosciences and Bioengineering,61897,,,61897
521,GFTI,"North Eastern Regional Institute of Science and Technology, Nirjuli-791109 (Itanagar),Arunachal Pradesh",Mechanical Engineering,61948,58384,65512,
522,GFTI,"Institute of Infrastructure, Technology, Research and Management-Ahmedabad",Mechanical Engineering,62546,59939,60156,67544
523,IIIT,INDIAN INSTITUTE OF INFORMATION TECHNOLOGY SENAPATI MANIPUR,Computer Science and Engineering with specialization in Cyber Security,62831,,,62831
524,GFTI,"Birla Institute of Technology, Deoghar Off-Campus",Electronics and Communication Engineering,63072,62356,60736,66125
525,GFTI,"Puducherry Technological University, Puducherry",Mechatronics Engineering,63187,64778,60203,64579
526,GFTI,"National Institute of Electronics and Information Technology, Patna (Bihar)",Computer Science and Engineering,63949,,,63949
527,GFTI,"Birla Institute of Technology, Patna Off-Campus",Electrical and Electronics Engineering,63970,65587,61655,64669
528,GFTI,"Gati Shakti Vishwavidyalaya, Vadodara",B.Tech in Electronics & Communication Engineering (Rail Engineering),64532,,63121,65943
529,GFTI,"Central institute of Technology Kokrajar, Assam",Electronics and Communication Engineering,64896,64359,60026,70302
530,GFTI,"Birla Institute of Technology, Deoghar Off-Campus",Electrical and Electronics Engineering,65143,68864,58085,68479
531,GFTI,"Shri Mata Vaishno Devi University, Katra, Jammu & Kashmir",Computer Science and Engineering,65360,65013,61593,69474
532,GFTI,"National Institute of Advanced Manufacturing Technology, Ranchi",Mechanical Engineering,65709,65805,63321,68000
533,GFTI,"National Institute of Electronics and Information Technology, Gorakhpur (UP)",Computer Science and Engineering with minor in AI and ML,65778,,,65778
534,GFTI,Sant Longowal Institute of Engineering and Technology,Artificial Intelligence and Data Science,66031,,,66031
535,GFTI,"School of Studies of Engineering and Technology, Guru Ghasidas Vishwavidyalaya, Bilaspur",Computer Science and Engineering,66116,58070,65174,75104
536,GFTI,Sant Longowal Institute of Engineering and Technology,Electronics and Communication Engineering,66243,64872,63568,70288
537,GFTI,"Chhattisgarh Swami Vivekanada Technical University, Bhilai (CSVTU Bhilai)",Computer Science Engineering (Artificial Intelligence),66592,62380,62904,74493
538,GFTI,"Rajiv Gandhi National Aviation University, Fursatganj, Amethi (UP)",Aerospace Engineering,66956,,,66956
539,GFTI,"Chhattisgarh Swami Vivekanada Technical University, Bhilai (CSVTU Bhilai)",Computer Science Engineering (Data Science),67345,63506,65702,72826
540,GFTI,"Gati Shakti Vishwavidyalaya, Vadodara",B.Tech in Aviation Engineering,67398,,66836,67961
541,GFTI,"Institute of Engineering and Technology, Dr. H. S. Gour University. Sagar (A Central University)",Computer Science and Engineering,67933,69873,63665,70262
542,GFTI,"Shri Mata Vaishno Devi University, Katra, Jammu & Kashmir",B.Tech in Mathematics and Computing,69306,,66299,72314
543,GFTI,Shri G. S. Institute of Technology and Science Indore,Biomedical Engineering,69348,,,69348
544,GFTI,University of Hyderabad,Materials Engineering,69838,,67449,72228
545,GFTI,"Mizoram University, Aizawl",Computer Engineering,70446,66981,68816,75540
546,GFTI,Shri G. S. Institute of Technology and Science Indore,Industrial and Production Engineering,71193,,,71193
547,GFTI,"Central institute of Technology Kokrajar, Assam",Civil Engineering,71294,65365,63539,84979
548,GFTI,Sant Longowal Institute of Engineering and Technology,Computer Science and Engineering,71482,,,71482
549,GFTI,"School of Engineering, Tezpur University, Napaam, Tezpur",Electronics and Communication Engineering,71731,69686,69923,75585
550,GFTI,"School of Engineering, Tezpur University, Napaam, Tezpur",B.Tech. (Food Engineering and Technology) - MBA,72557,,,72557
551,GFTI,"Gurukula Kangri Vishwavidyalaya, Haridwar",Computer Science and Engineering,72560,66702,72273,78706
552,GFTI,"Puducherry Technological University, Puducherry",Mechanical Engineering,72610,69971,69273,78585
553,GFTI,"Birla Institute of Technology, Patna Off-Campus",Mechanical Engineering,72666,74413,68874,74710
554,GFTI,"Birla Institute of Technology, Deoghar Off-Campus",Mechanical Engineering,72874,76428,68851,73343
555,GFTI,"Institute of Infrastructure, Technology, Research and Management-Ahmedabad",Civil Engineering,72881,63664,71301,83677
556,GFTI,"School of Engineering, Tezpur University, Napaam, Tezpur",B.Tech. (Electronics and Communication Engineering) - MBA,72944,,,72944
557,GFTI,"Gati Shakti Vishwavidyalaya, Vadodara",B.Tech in Electrical Engineering ( Rail  Engineering),72946,,69506,76385
558,GFTI,"National Institute of Electronics and Information Technology, Gorakhpur (UP)",B. Tech in Electronics and Communication Engineering with minor in Wearable Electronics,72993,,,72993
559,GFTI,Central University of Jammu,Computer Science and Engineering,73050,69036,69094,81019
560,GFTI,"Central institute of Technology Kokrajar, Assam",Instrumentation Engineering,73183,65488,75537,78524
561,GFTI,"Shri Mata Vaishno Devi University, Katra, Jammu & Kashmir",Robotics and AI,74007,,,74007
562,GFTI,CU Jharkhand,Computer Science and Engineering,74114,,,74114
563,GFTI,"Mizoram University, Aizawl",Information Technology,74810,71387,71045,81999
564,GFTI,Central University of Jammu,Computer Science and Engineering with specialization in Cyber Security,75791,70400,73171,83802
565,GFTI,"North-Eastern Hill University, Shillong",Information Technology,76145,68340,74395,85700
566,GFTI,"Gati Shakti Vishwavidyalaya, Vadodara",B.Tech in Mechanical Engineering ( Rail  Engineering),76419,,74076,78762
567,GFTI,"Birla Institute of Technology, Patna Off-Campus",Civil Engineering,76637,77153,73960,78797
568,GFTI,"Rajiv Gandhi National Aviation University, Fursatganj, Amethi (UP)",Electronics and Communication Engineering (Avionics),76802,,,76802
569,GFTI,Sant Longowal Institute of Engineering and Technology,Electrical Engineering,77189,70225,79475,81868
570,GFTI,"School of Engineering, Tezpur University, Napaam, Tezpur",Electrical Engineering,77346,73276,72639,86122
571,GFTI,Central University of Haryana,Electrical Engineering,77771,75618,73646,84049
572,GFTI,Sant Longowal Institute of Engineering and Technology,Physics,77941,,85605,70277
573,GFTI,"Institute of Engineering and Technology, Dr. H. S. Gour University. Sagar (A Central University)",Aeronautical Engineering,77992,71881,76456,85638
574,GFTI,"School of Studies of Engineering and Technology, Guru Ghasidas Vishwavidyalaya, Bilaspur",Information Technology,78476,71089,77321,87017
575,GFTI,"Central University of Rajasthan, Rajasthan",Bio Medical Engineering,78678,76910,76993,82131
576,GFTI,Central University of Jammu,Electronics and Communication Engineering (Avionics),78680,65763,74325,95952
577,GFTI,"School of Engineering, Tezpur University, Napaam, Tezpur",B.Tech. (Mechanical Engineering) - MBA,78838,,,78838
578,GFTI,"National Institute of Advanced Manufacturing Technology, Ranchi",Metallurgy and Materials Engineering,79157,80719,76992,79761
579,GFTI,CU Jharkhand,Integrated B. Tech. - M. Tech in Computer Science & Engineering,79221,,79221,
580,GFTI,"Assam University, Silchar",Agricultural Engineering,79555,76770,73418,88476
581,GFTI,"Mizoram University, Aizawl",Electronics and Communication Engineering,81105,77715,79337,86262
582,GFTI,"School of Studies of Engineering and Technology, Guru Ghasidas Vishwavidyalaya, Bilaspur",Electronics and Communication Engineering,81193,76503,79290,87787
583,GFTI,"Shri Mata Vaishno Devi University, Katra, Jammu & Kashmir",Electronics and Communication Engineering,81654,81108,75947,87906
584,GFTI,"Puducherry Technological University, Puducherry",Civil Engineering,81737,77669,78491,89050
585,GFTI,"Institute of Engineering and Technology, Dr. H. S. Gour University. Sagar (A Central University)",Electronics and Communication Engineering,81819,79917,78073,87468
586,GFTI,"National Institute of Advanced Manufacturing Technology, Ranchi",Production and Industrial Engineering,81850,82221,77460,85868
587,GFTI,"School of Studies of Engineering and Technology, Guru Ghasidas Vishwavidyalaya, Bilaspur",Artificial Intelligence and Data Science,81910,,,81910
588,GFTI,"North-Eastern Hill University, Shillong",Electronics and Communication Engineering,82954,79789,79951,89121
589,GFTI,"Gurukula Kangri Vishwavidyalaya, Haridwar",Electrical Engineering,83117,84778,78861,85712
590,GFTI,"School of Engineering, Tezpur University, Napaam, Tezpur",B.Tech. (Elctrical Engineering) - MBA,83701,,,83701
591,GFTI,Central University of Jammu,Electronics and Communication Engineering,84500,82819,78192,92490
592,GFTI,"Gurukula Kangri Vishwavidyalaya, Haridwar",Electronics and Communication Engineering,84508,77868,82972,92685
593,GFTI,CU Jharkhand,Electrical Engineering,85150,,,85150
594,GFTI,"Shri Mata Vaishno Devi University, Katra, Jammu & Kashmir",Electrical Engineering,85525,80425,81774,94375
595,GFTI,"Mizoram University, Aizawl",Electrical Engineering,85640,82713,84299,89909
596,GFTI,"Shri Mata Vaishno Devi University, Katra, Jammu & Kashmir",Bio Technology,85900,,88532,83268
597,GFTI,Sant Longowal Institute of Engineering and Technology,Mathematics,85902,,90733,81072
598,GFTI,"School of Engineering, Tezpur University, Napaam, Tezpur",Mechanical Engineering,85996,85322,81609,91057
599,GFTI,"School of Engineering, Tezpur University, Napaam, Tezpur",B.Tech. (Civil Engineering) - MBA,87713,,,87713
600,GFTI,"Central institute of Technology Kokrajar, Assam",Food Engineering  and Technology,87875,91379,80446,91799
601,GFTI,"Gati Shakti Vishwavidyalaya, Vadodara",B.Tech in Civil Engineering (Rail Engineering),88002,,86943,89062
602,GFTI,"North-Eastern Hill University, Shillong",Energy Engineering,89708,89431,86765,92928
603,GFTI,Central University of Haryana,Civil Engineering,89863,77202,88343,104045
604,GFTI,"Shri Mata Vaishno Devi University, Katra, Jammu & Kashmir",Mechanical Engineering,90382,86773,89898,94474
605,GFTI,Sant Longowal Institute of Engineering and Technology,Electrical Engineering,90963,,,90963
606,GFTI,CU Jharkhand,Civil Engineering,91069,,,91069
607,GFTI,"School of Engineering, Tezpur University, Napaam, Tezpur",Bachelor of Design,91632,,90552,92713
608,GFTI,Central University of Jammu,Mathematics and Computing,91635,,,91635
609,GFTI,Sant Longowal Institute of Engineering and Technology,Chemical Engineering,92240,81037,92779,102905
610,GFTI,Sant Longowal Institute of Engineering and Technology,Civil Engineering,92270,,81582,102957
611,GFTI,CU Jharkhand,Integrated B. Tech. - M. Tech in Electrical Engineering,92728,,92728,
612,GFTI,Sant Longowal Institute of Engineering and Technology,Instrumentation and Control Engineering,92813,85431,89448,103559
613,GFTI,"North-Eastern Hill University, Shillong",Biomedical Engineering,92873,84066,94373,100180
614,GFTI,"School of Studies of Engineering and Technology, Guru Ghasidas Vishwavidyalaya, Bilaspur",Electrical Engineering,93844,,90411,97276
615,GFTI,Sant Longowal Institute of Engineering and Technology,Mechanical Engineering,94237,88700,94248,99763
616,GFTI,Sant Longowal Institute of Engineering and Technology,Chemistry,94950,,98731,91170
617,GFTI,"School of Studies of Engineering and Technology, Guru Ghasidas Vishwavidyalaya, Bilaspur",Animation and VFX,95386,,,95386
618,GFTI,"Shri Mata Vaishno Devi University, Katra, Jammu & Kashmir",Civil Engineering,95561,88098,96085,102500
619,GFTI,"School of Engineering, Tezpur University, Napaam, Tezpur",Civil Engineering,95872,87115,96305,104195
620,GFTI,"School of Studies of Engineering and Technology, Guru Ghasidas Vishwavidyalaya, Bilaspur",Chemical Engineering,96627,81167,98991,109723
621,GFTI,"School of Studies of Engineering and Technology, Guru Ghasidas Vishwavidyalaya, Bilaspur",Mechanical Engineering,96651,89493,96985,103475
622,GFTI,Central University of Haryana,Printing and Packaging Technology,96768,89689,96179,104435
623,GFTI,"Mizoram University, Aizawl",Civil Engineering,97719,86514,97624,109020
624,GFTI,"Gurukula Kangri Vishwavidyalaya, Haridwar",Mechanical Engineering,97972,90475,97236,106206
625,GFTI,"School of Studies of Engineering and Technology, Guru Ghasidas Vishwavidyalaya, Bilaspur",Civil Engineering,99003,85821,100745,110442
626,GFTI,"National Institute of Food Technology Entrepreneurship and Management, Thanjavur",Food Technology,100147,100380,95412,104649
627,GFTI,"North Eastern Regional Institute of Science and Technology, Nirjuli-791109 (Itanagar),Arunachal Pradesh",Agricultural Engineering,101780,,,101780
628,GFTI,"Chhattisgarh Swami Vivekanada Technical University, Bhilai (CSVTU Bhilai)",Civil Engineering,101822,,97484,106159
629,GFTI,Sant Longowal Institute of Engineering and Technology,Mechanical Engineering,102094,,,102094
630,GFTI,CU Jharkhand,Metallurgical and Materials Engineering,105884,,,105884
631,GFTI,"Indian Institute of Handloom Technology(IIHT), Varanasi",Handloom and Textile Technology,106042,99633,102843,115651
632,GFTI,"Indian Institute of Handloom Technology, Salem",Handloom and Textile Technology,106441,101502,105409,112411
633,GFTI,"School of Studies of Engineering and Technology, Guru Ghasidas Vishwavidyalaya, Bilaspur",Industrial and Production Engineering,108943,98262,110158,118408
634,GFTI,"Indian Institute of Carpet Technology, Bhadohi",Carpet  and Textile Technology,110109,100912,108746,120668
635,GFTI,"School of Engineering, Tezpur University, Napaam, Tezpur",Food Engineering  and Technology,110189,99992,109043,121531
636,GFTI,Sant Longowal Institute of Engineering and Technology,Food Technology,110531,99798,110525,121270
637,GFTI,"National Institute of Food Technology Entrepreneurship and Management, Kundli",Food Technology and Management,110765,105781,106292,120222
638,GFTI,CU Jharkhand,Integrated B. Tech. - M. Tech in Civil Engineering,110858,,110858,
639,GFTI,"Institute of Engineering and Technology, Dr. H. S. Gour University. Sagar (A Central University)",Fashion and Apparel Engineering,111179,102490,108526,122521
640,GFTI,CU Jharkhand,Integrated B. Tech.- M. Tech in Metallurgical & Materials Engineering,111567,,111567,
641,GFTI,"Institute of Engineering and Technology, Dr. H. S. Gour University. Sagar (A Central University)",Dairy Engineering,112203,101252,110311,125047
642,GFTI,"Institute of Engineering and Technology, Dr. H. S. Gour University. Sagar (A Central University)",Food Engineering  and Technology,114323,103941,113756,125271
