Priority,Type,Institute,Branch,Tier,Reach(2023-25)
1,NIT,"National Institute of Technology, Warangal",Computer Science and Engineering,Circuit,Out
2,NIT,"National Institute of Technology, Tiruchirappalli",Computer Science and Engineering,Circuit,Out
3,NIT,"National Institute of Technology, Warangal",Computer Science and Engineering ( Artificial Intelligence & Data Science),Circuit,Out
4,NIT,"National Institute of Technology Karnataka, Surathkal",Computer Science and Engineering,Circuit,Out
5,NIT,"National Institute of Technology, Rourkela",Computer Science and Engineering,Circuit,Out
6,NIT,"National Institute of Technology, Warangal",Mathematics and Computing,Circuit,Reach
7,NIT,National Institute of Technology Calicut,Computer Science and Engineering,Circuit,Out
8,NIT,"National Institute of Technology Karnataka, Surathkal",Artificial Intelligence,Circuit,Out
9,NIT,"National Institute of Technology Karnataka, Surathkal",Computational and Data Science,Circuit,Out
10,NIT,"Visvesvaraya National Institute of Technology, Nagpur",Computer Science and Engineering,Circuit,Out
11,NIT,"National Institute of Technology, Rourkela",Artificial Intelligence,Circuit,Out
12,NIT,Malaviya National Institute of Technology Jaipur,Computer Science and Engineering,Circuit,Out
13,NIT,"National Institute of Technology, Warangal",Electronics and Communication Engineering (VLSI Design and Technology),Circuit,Out
14,NIT,"Visvesvaraya National Institute of Technology, Nagpur",Computer Science and Engineering (Artificial Intelligence and Data Science),Circuit,No-data
15,NIT,"National Institute of Technology, Rourkela",B.Tech in Mathematics and Computing,Circuit,No-data
16,NIT,Motilal Nehru National Institute of Technology Allahabad,Computer Science and Engineering,Circuit,Out
17,NIT,"National Institute of Technology Karnataka, Surathkal",Information Technology,Circuit,Out
18,NIT,"National Institute of Technology, Warangal",Electronics and Communication Engineering,Circuit,Out
19,NIT,"Sardar Vallabhbhai National Institute of Technology, Surat",Computer Science and Engineering,Circuit,Out
20,NIT,Malaviya National Institute of Technology Jaipur,Artificial Intelligence and Data Engineering,Circuit,Out
21,NIT,"Visvesvaraya National Institute of Technology, Nagpur",Mathematics and Computing,Circuit,No-data
22,NIT,"National Institute of Technology, Tiruchirappalli",Electronics and Communication Engineering,Circuit,Out
23,NIT,"Indian Institute of Engineering Science and Technology, Shibpur",Computer Science and Engineering,Circuit,Reach
24,NIT,Malaviya National Institute of Technology Jaipur,Mathematics and Computing,Circuit,No-data
25,NIT,"National Institute of Technology Karnataka, Surathkal",Electronics and Communication Engineering,Circuit,Out
26,NIT,National Institute of Technology Durgapur,Computer Science and Engineering,Circuit,Out
27,NIT,"National Institute of Technology, Warangal",Electrical and Electronics Engineering,Circuit,Reach
28,NIT,"National Institute of Technology, Warangal",Electrical and Electronics Engineering (Electric Mobility),Circuit,No-data
29,NIT,"Sardar Vallabhbhai National Institute of Technology, Surat",Artificial Intelligence,Circuit,Out
30,NIT,"Sardar Vallabhbhai National Institute of Technology, Surat",Artificial Intelligence,Circuit,Out
31,NIT,Motilal Nehru National Institute of Technology Allahabad,Mathematics and Computing,Circuit,No-data
32,NIT,"National Institute of Technology, Rourkela",Electronics and Communication Engineering,Circuit,Out
33,NIT,Maulana Azad National Institute of Technology Bhopal,Computer Science and Engineering,Circuit,Out
34,NIT,"Visvesvaraya National Institute of Technology, Nagpur",Electronics Engineering (VLSI Design and Technology),Circuit,No-data
35,NIT,"National Institute of Technology, Tiruchirappalli",Electrical and Electronics Engineering,Circuit,Out
36,NIT,"Sardar Vallabhbhai National Institute of Technology, Surat",Mathematics and Computing,Circuit,Reach
37,NIT,National Institute of Technology Calicut,Electronics and Communication Engineering,Circuit,Out
38,NIT,"National Institute of Technology, Kurukshetra",Computer Science and Engineering,Circuit,Out
39,NIT,"National Institute of Technology, Kurukshetra",Computer Science and Engineering,Circuit,Out
40,NIT,"National Institute of Technology, Rourkela",Electronics and Instrumentation Engineering,Circuit,Out
41,NIT,"National Institute of Technology Karnataka, Surathkal",Electrical and Electronics Engineering,Circuit,Out
42,NIT,"Indian Institute of Engineering Science and Technology, Shibpur",Mathematics and Computing,Circuit,No-data
43,NIT,"Visvesvaraya National Institute of Technology, Nagpur",Electronics and Communication Engineering,Circuit,Out
44,NIT,"National Institute of Technology, Jamshedpur",Computer Science and Engineering,Circuit,Out
45,NIT,"National Institute of Technology, Rourkela",Electrical Engineering,Circuit,Out
46,NIT,Maulana Azad National Institute of Technology Bhopal,Mathematics and Data Science,Circuit,Out
47,NIT,National Institute of Technology Durgapur,B.Tech in Mathematics and Computing,Circuit,Borderline
48,NIT,Malaviya National Institute of Technology Jaipur,Electronics and Communication Engineering,Circuit,Out
49,NIT,"National Institute of Technology, Silchar",Computer Science and Engineering,Circuit,Out
50,NIT,"Indian Institute of Engineering Science and Technology, Shibpur",Information Technology,Circuit,Borderline
51,NIT,"Sardar Vallabhbhai National Institute of Technology, Surat",Electronics and VLSI Engineering,Circuit,Borderline
52,NIT,National Institute of Technology Calicut,Electrical and Electronics Engineering,Circuit,Out
53,NIT,"National Institute of Technology, Kurukshetra",Artificial Intelligence and Data Science,Circuit,Out
54,NIT,"National Institute of Technology, Kurukshetra",Artificial Intelligence and Machine Learning,Circuit,Out
55,NIT,Motilal Nehru National Institute of Technology Allahabad,Electronics and Communication Engineering,Circuit,Out
56,GFTI,University of Hyderabad,Computer Science and Engineering,Circuit,No-data
57,NIT,"Visvesvaraya National Institute of Technology, Nagpur",Electrical and Electronics Engineering,Circuit,Good
58,NIT,"National Institute of Technology, Kurukshetra",Mathematics and Computing,Circuit,Out
59,NIT,"Sardar Vallabhbhai National Institute of Technology, Surat",Electronics and Communication Engineering,Circuit,Borderline
60,NIT,Malaviya National Institute of Technology Jaipur,Electrical Engineering,Circuit,Good
61,NIT,"National Institute of Technology, Tiruchirappalli",Instrumentation and Control Engineering,Circuit,Good
62,IIIT,"Pt. Dwarka Prasad Mishra Indian Institute of Information Technology, Design & Manufacture Jabalpur",Computer Science and Engineering,Circuit,Reach
63,NIT,"National Institute of Technology, Kurukshetra",Information Technology,Circuit,Out
64,NIT,Motilal Nehru National Institute of Technology Allahabad,Electrical Engineering,Circuit,Reach
65,NIT,National Institute of Technology Durgapur,Electronics and Communication Engineering,Circuit,Out
66,IIIT,Atal Bihari Vajpayee Indian Institute of Information Technology & Management Gwalior,Computer Science and Engineering,Circuit,Out
67,NIT,"National Institute of Technology, Kurukshetra",Microelectronics & VLSI Engineering,Circuit,Out
68,NIT,"Indian Institute of Engineering Science and Technology, Shibpur",Electronics and Telecommunication Engineering,Circuit,Good
69,NIT,"Sardar Vallabhbhai National Institute of Technology, Surat",Electrical Engineering,Circuit,Good
70,NIT,Maulana Azad National Institute of Technology Bhopal,Electronics and Communication Engineering,Circuit,Reach
71,IIIT,"Indian Institute of Information Technology, Design & Manufacturing, Kancheepuram",Computer Science and Engineering,Circuit,Out
72,IIIT,"Indian Institute of Information Technology, Design & Manufacturing, Kancheepuram",Computer Science and Engineering,Circuit,Reach
73,NIT,"Indian Institute of Engineering Science and Technology, Shibpur",Electrical Engineering,Circuit,SAFE
74,NIT,"National Institute of Technology, Kurukshetra",Electronics and Communication Engineering,Circuit,Out
75,NIT,"National Institute of Technology, Kurukshetra",Electronics and Communication Engineering,Circuit,Out
76,GFTI,"Punjab Engineering College, Chandigarh",Computer Science and Engineering,Circuit,No-data
77,IIIT,"Indian Institute of Information Technology, Design & Manufacturing, Kancheepuram",Computer Science and Engineering with Major in Artificial Intelligence,Circuit,Out
78,NIT,National Institute of Technology Durgapur,Electrical Engineering,Circuit,Good
79,NIT,"National Institute of Technology, Jamshedpur",Electronics and Communication Engineering,Circuit,Borderline
80,IIIT,Indian Institute of Information Technology Lucknow,Computer Science,Circuit,Reach
81,IIIT,Indian Institute of Information Technology Lucknow,Computer Science and Business,Circuit,Borderline
82,IIIT,"Indian Institute of Information Technology, Allahabad",B. Tech. Information Technology-Business Informatics (IT- BIn) - Master of Business Administration (MBA),Circuit,No-data
83,IIIT,"Indian Institute of Information Technology, Allahabad",Information Technology,Circuit,Out
84,IIIT,"Indian Institute of Information Technology, Allahabad",Information Technology,Circuit,No-data
85,IIIT,"Indian Institute of Information Technology, Allahabad",Information Technology-Business Informatics,Circuit,Out
86,GFTI,"Punjab Engineering College, Chandigarh",Computer Science Engineering (Artificial Intelligence),Circuit,No-data
87,GFTI,"Punjab Engineering College, Chandigarh",Computer Science Engineering (Data Science),Circuit,No-data
88,NIT,Maulana Azad National Institute of Technology Bhopal,Electrical Engineering,Circuit,Good
89,NIT,Maulana Azad National Institute of Technology Bhopal,Electrical Engineering with E Mobility,Circuit,No-data
90,NIT,Maulana Azad National Institute of Technology Bhopal,Energy and Electrical Vehicle Engineering,Circuit,Out
91,NIT,"National Institute of Technology, Silchar",Electronics and Communication Engineering,Circuit,Borderline
92,IIIT,Indian Institute of Information Technology Lucknow,Computer Science and Artificial Intelligence,Circuit,Borderline
93,NIT,"National Institute of Technology, Kurukshetra",Electrical Engineering,Circuit,Good
94,NIT,"National Institute of Technology, Kurukshetra",Electrical Engineering,Circuit,Out
95,IIIT,Indian Institute of Information Technology (IIIT) Nagpur,Computer Science Engineering (Human Computer lnteraction and Gaming Technology),Circuit,Good
96,IIIT,Indian Institute of Information Technology (IIIT) Nagpur,Computer Science and Engineering,Circuit,Good
97,NIT,"National Institute of Technology, Silchar",Electronics and Instrumentation Engineering,Circuit,Good
98,NIT,"National Institute of Technology, Jamshedpur",Electrical Engineering,Circuit,Good
99,GFTI,"Punjab Engineering College, Chandigarh",Mathematics and Computing,Circuit,No-data
100,IIIT,"Indian Institute of Information Technology, Allahabad",Electronics and Communication Engineering,Circuit,Reach
101,IIIT,"Indian Institute of Information Technology, Allahabad",Electronics and Communication Engineering,Circuit,No-data
102,IIIT,Indian Institute of Information Technology (IIIT) Pune,Computer Science and Engineering,Circuit,Good
103,IIIT,Indian Institute of Information Technology (IIIT) Nagpur,Computer Science Engineering (Artificial lntelligence and Machine Learning),Circuit,No-data
104,IIIT,Indian Institute of Information Technology (IIIT) Nagpur,Computer Science Engineering (Data Science and Analytics),Circuit,Good
105,NIT,"National Institute of Technology, Silchar",Electrical Engineering,Circuit,Good
106,IIIT,"Pt. Dwarka Prasad Mishra Indian Institute of Information Technology, Design & Manufacture Jabalpur",Electronics and Communication Engineering,Circuit,Good
107,IIIT,"Indian Institute of Information Technology, Design & Manufacturing, Kancheepuram",B.Tech. in Electronics and Communication Engineering and M.Tech. in Microelectronics and VLSI Systems,Circuit,Good
108,NIT,National Institute of Technology Delhi,Computer Science and Engineering,Circuit,Out
109,IIIT,Indian Institute of Information Technology Lucknow,Information Technology,Circuit,Out
110,GFTI,"Punjab Engineering College, Chandigarh",Electronics Engineering (VLSI Design and Technology),Circuit,No-data
111,IIIT,Indian Institute of Information Technology (IIIT) Pune,Artificial Intelligence and Data Science,Circuit,No-data
112,IIIT,"Indian Institute of Information Technology, Design & Manufacturing, Kancheepuram",B.Tech. in Electronics and Communication Engineering and M.Tech. in Communication Systems,Circuit,SAFE
113,IIIT,"Indian Institute of Information Technology, Design & Manufacturing, Kancheepuram",Electronics and Communication Engineering,Circuit,Good
114,NIT,National Institute of Technology Raipur,Computer Science and Engineering,Circuit,Out
115,GFTI,"Punjab Engineering College, Chandigarh",Electronics and Communication Engineering,Circuit,No-data
116,GFTI,"Birla Institute of Technology, Mesra, Ranchi",Computer Science and Engineering,Circuit,Good
117,IIIT,Atal Bihari Vajpayee Indian Institute of Information Technology & Management Gwalior,Electrical and Electronics Engineering,Circuit,Good
118,NIT,National Institute of Technology Delhi,Artificial Intelligence and Data Science,Circuit,Out
119,IIIT,"Indian Institute of Information Technology (IIIT)Kota, Rajasthan",Computer Science and Engineering,Circuit,SAFE
120,GFTI,"Birla Institute of Technology, Mesra, Ranchi",Computer Science and Engineering (Artificial Intelligence and Machine Learning),Circuit,No-data
121,IIIT,Indian Institute of Information Technology (IIIT) Pune,Microelectronics and VLSI Design,Circuit,No-data
122,GFTI,"Punjab Engineering College, Chandigarh",Electrical Engineering,Circuit,No-data
123,GFTI,"Birla Institute of Technology, Mesra, Ranchi",Quantitative Economics & Data Science,Circuit,Out
124,IIIT,Indian Institute of Information Technology (IIIT) Nagpur,Electronics and Communication Engineering,Circuit,SAFE
125,IIIT,Indian Institute of Information Technology (IIIT) Nagpur,Electronics and Communication Engineering (Internet of Things),Circuit,SAFE
126,IIIT,"Indian Institute of Information Technology (IIIT)Kota, Rajasthan",Artificial Intelligence and Data Engineering,Circuit,SAFE
127,GFTI,"Birla Institute of Technology, Mesra, Ranchi",Mathematics and Computing,Circuit,SAFE
128,IIIT,Indian Institute of Information Technology (IIIT) Pune,Electronics and Communication Engineering,Circuit,Good
129,IIIT,Indian Institute of Information Technology Tiruchirappalli,Computer Science and Engineering,Circuit,Good
130,NIT,National Institute of Technology Raipur,Information Technology,Circuit,Reach
131,NIT,"Dr. B R Ambedkar National Institute of Technology, Jalandhar",Computer Science and Engineering,Circuit,Out
132,IIIT,Indian Institute of Information Technology Tiruchirappalli,Computer Science and Engineering ( Artificial Intelligence & Data Science),Circuit,Reach
133,NIT,National Institute of Technology Delhi,Electronics and Communication Engineering,Circuit,Out
134,NIT,"National Institute of Technology, Andhra Pradesh",Computer Science and Engineering,Circuit,Out
135,IIIT,Indian Institute of Information Technology(IIIT) Kottayam,B.Tech in Mathematics and Computing,Circuit,No-data
136,NIT,National Institute of Technology Raipur,Electronics and Communication Engineering,Circuit,Reach
137,NIT,National Institute of Technology Hamirpur,Computer Science and Engineering,Circuit,Out
138,NIT,National Institute of Technology Hamirpur,Computer Science and Engineering,Circuit,Reach
139,NIT,"Dr. B R Ambedkar National Institute of Technology, Jalandhar",Artificial Intelligence,Circuit,No-data
140,NIT,"Dr. B R Ambedkar National Institute of Technology, Jalandhar",Data Science and Engineering,Circuit,Reach
141,GFTI,"Birla Institute of Technology, Mesra, Ranchi",Electronics and Communication Engineering,Circuit,SAFE
142,NIT,National Institute of Technology Puducherry,Computer Science and Engineering,Circuit,Out
143,NIT,National Institute of Technology Delhi,Electrical Engineering,Circuit,Borderline
144,NIT,"Dr. B R Ambedkar National Institute of Technology, Jalandhar",Mathematics and Computing,Circuit,Reach
145,IIIT,"Indian Institute of Information Technology (IIIT)Kota, Rajasthan",Electronics and Communication Engineering,Circuit,SAFE
146,IIIT,"Indian Institute of Information Technology Design & Manufacturing Kurnool, Andhra Pradesh",Computer Science and Engineering,Circuit,Good
147,IIIT,"Indian Institute of Information Technology Design & Manufacturing Kurnool, Andhra Pradesh",Computer Science and Engineering,Circuit,Good
148,NIT,National Institute of Technology Raipur,Electrical Engineering,Circuit,Borderline
149,NIT,"Dr. B R Ambedkar National Institute of Technology, Jalandhar",Information Technology,Circuit,Reach
150,IIIT,Indian Institute of Information Technology Tiruchirappalli,Electronics and Communication Engineering (VLSI Design),Circuit,Borderline
151,GFTI,"Birla Institute of Technology, Mesra, Ranchi",Electrical and Electronics Engineering,Circuit,SAFE
152,NIT,National Institute of Technology Hamirpur,Mathematics and Computing,Circuit,Borderline
153,NIT,"Dr. B R Ambedkar National Institute of Technology, Jalandhar",Electronics and VLSI Engineering,Circuit,Good
154,IIIT,"Indian Institute of Information Technology Design & Manufacturing Kurnool, Andhra Pradesh",Artificial Intelligence and Data Science,Circuit,Borderline
155,IIIT,"Indian Institute of Information Technology Design & Manufacturing Kurnool, Andhra Pradesh",Artificial Intelligence and Data Science,Circuit,No-data
156,IIIT,Indian Institute of Information Technology Tiruchirappalli,Electronics and Communication Engineering,Circuit,SAFE
157,NIT,"Dr. B R Ambedkar National Institute of Technology, Jalandhar",Electronics and Communication Engineering,Circuit,Reach
158,IIIT,Indian Institute of Information Technology (IIIT) Ranchi,Computer Science and Engineering,Circuit,SAFE
159,NIT,"National Institute of Technology, Andhra Pradesh",Electronics and Communication Engineering,Circuit,Good
160,IIIT,Indian Institute of Information Technology Bhopal,Computer Science and Engineering,Circuit,SAFE
161,IIIT,Indian Institute of Information Technology Bhopal,Computer Science and Engineering (Cyber Physical System),Circuit,SAFE
162,IIIT,Indian Institute of Information Technology Bhopal,Computer Science and Engineering (Cyber Security),Circuit,SAFE
163,IIIT,Indian Institute of Information Technology (IIIT) Ranchi,Computer Science and Engineering (with Specialization of Data Science and Artificial Intelligence),Circuit,SAFE
164,NIT,National Institute of Technology Hamirpur,Electronics and Communication Engineering,Circuit,Good
165,NIT,National Institute of Technology Hamirpur,Electronics and Communication Engineering,Circuit,Borderline
166,GFTI,"Jawaharlal Nehru University, Delhi",Computer Science and Engineering,Circuit,Good
167,IIIT,Indian Institute of Information Technology Bhopal,Computer Science and Engineering (Artificial Intelligence),Circuit,SAFE
168,IIIT,Indian Institute of Information Technology Bhopal,Computer Science and Engineering (Data Science),Circuit,Good
169,NIT,"Dr. B R Ambedkar National Institute of Technology, Jalandhar",Electrical Engineering,Circuit,Good
170,NIT,National Institute of Technology Puducherry,Electronics and Communication Engineering,Circuit,Reach
171,NIT,"National Institute of Technology, Andhra Pradesh",Electrical and Electronics Engineering,Circuit,Good
172,IIIT,Indian Institute of Information Technology (IIIT) Ranchi,B.Tech in Mathematics and Computing,Circuit,SAFE
173,IIIT,"Indian Institute of Information Technology Design & Manufacturing Kurnool, Andhra Pradesh",Electronics and Communication Engineering,Circuit,SAFE
174,IIIT,"Indian Institute of Information Technology Design & Manufacturing Kurnool, Andhra Pradesh",Electronics and Communication Engineering with specialization in Design and Manufacturing,Circuit,Good
175,GFTI,"International Institute of Information Technology, Naya Raipur",Computer Science and Engineering,Circuit,SAFE
176,NIT,National Institute of Technology Hamirpur,Electrical Engineering,Circuit,SAFE
177,IIIT,Indian Institute of Information Technology Bhopal,B.Tech in Mathematics and Computing,Circuit,SAFE
178,GFTI,"International Institute of Information Technology, Bhubaneswar",Computer Science and Engineering,Circuit,Good
179,NIT,National Institute of Technology Puducherry,Electrical and Electronics Engineering,Circuit,Borderline
180,IIIT,Indian Institute of Information Technology Bhopal,Information Technology,Circuit,SAFE
181,GFTI,"International Institute of Information Technology, Naya Raipur",Data Science and Artificial Intelligence,Circuit,Reach
182,GFTI,"Central University of Rajasthan, Rajasthan",Computer Science and Engineering,Circuit,SAFE
183,NIT,"Dr. B R Ambedkar National Institute of Technology, Jalandhar",Instrumentation and Control Engineering,Circuit,SAFE
184,IIIT,Indian Institute of Information Technology (IIIT) Ranchi,Electronics and Communication Engineering,Circuit,SAFE
185,IIIT,Indian Institute of Information Technology (IIIT) Ranchi,Electronics and Communication Engineering (with Specialization of Embedded Systems and Internet of Things),Circuit,SAFE
186,NIT,National Institute of Technology Goa,Computer Science and Engineering,Circuit,Out
187,IIIT,Indian Institute of Information Technology Bhopal,Electronics and Communication Engineering,Circuit,SAFE
188,NIT,"National Institute of Technology, Uttarakhand",Computer Science and Engineering,Circuit,Out
189,GFTI,"Jawaharlal Nehru University, Delhi",Electronics and Communication Engineering,Circuit,SAFE
190,GFTI,"International Institute of Information Technology, Bhubaneswar",Information Technology,Circuit,Good
191,NIT,National Institute of Technology Delhi,VLSI Design and Technology,Circuit,Out
192,GFTI,"International Institute of Information Technology, Naya Raipur",Electronics and Communication Engineering,Circuit,SAFE
193,GFTI,"Institute of Infrastructure, Technology, Research and Management-Ahmedabad",Electrical Engineering,Circuit,SAFE
194,GFTI,"International Institute of Information Technology, Bhubaneswar",Electronics and Telecommunication Engineering,Circuit,SAFE
195,GFTI,"Central University of Rajasthan, Rajasthan",Electronics and Communication Engineering,Circuit,SAFE
196,GFTI,"International Institute of Information Technology, Bhubaneswar",Electrical and Electronics Engineering,Circuit,SAFE
197,NIT,National Institute of Technology Goa,Electronics and Communication Engineering,Circuit,Reach
198,NIT,"National Institute of Technology, Uttarakhand",Electronics and Communication Engineering,Circuit,SAFE
199,NIT,National Institute of Technology Goa,Electrical and Electronics Engineering,Circuit,Good
200,NIT,"National Institute of Technology, Uttarakhand",Electrical and Electronics Engineering,Circuit,Out
201,NIT,National Institute of Technology Agartala,Computer Science and Engineering,Circuit,Borderline
202,NIT,National Institute of Technology Sikkim,Computer Science and Engineering,Circuit,Reach
203,NIT,National Institute of Technology Arunachal Pradesh,Computer Science and Engineering,Circuit,Reach
204,NIT,"National Institute of Technology, Manipur",Computer Science and Engineering,Circuit,Good
205,NIT,"National Institute of Technology, Manipur",Computer Science and Engineering,Circuit,No-data
206,NIT,"National Institute of Technology, Mizoram",Computer Science and Engineering,Circuit,Good
207,NIT,"National Institute of Technology, Srinagar",Computer Science and Engineering,Circuit,Good
208,NIT,National Institute of Technology Sikkim,Artificial Intelligence and Machine Learning,Circuit,No-data
209,NIT,"National Institute of Technology, Mizoram",Mathematics and Computing,Circuit,Out
210,NIT,"National Institute of Technology, Srinagar",Information Technology,Circuit,Good
211,IIIT,"Indian Institute of Information Technology(IIIT) Kilohrad, Sonepat, Haryana",Computer Science and Engineering,Circuit,SAFE
212,IIIT,"Indian Institute of Information Technology(IIIT) Una, Himachal Pradesh",Computer Science and Engineering,Circuit,SAFE
213,IIIT,Indian Institute of Information Technology Surat,Computer Science and Engineering,Circuit,Good
214,IIIT,"Indian Institute of Information Technology, Agartala",Computer Science and Engineering,Circuit,SAFE
215,IIIT,"Indian Institute of Information Technology(IIIT) Una, Himachal Pradesh",Computer Science and Engineering (Cyber Security),Circuit,Good
216,IIIT,Indian Institute of Information Technology Surat,Computer Science and Engineering (Cyber Security),Circuit,Reach
217,NIT,National Institute of Technology Agartala,Electronics and Communication Engineering,Circuit,Good
218,NIT,National Institute of Technology Sikkim,Electronics and Communication Engineering,Circuit,SAFE
219,NIT,National Institute of Technology Arunachal Pradesh,Electronics and Communication Engineering,Circuit,SAFE
220,NIT,"National Institute of Technology, Manipur",Electronics and Communication Engineering,Circuit,SAFE
221,NIT,"National Institute of Technology, Manipur",Electronics and Communication Engineering,Circuit,No-data
222,NIT,"National Institute of Technology, Mizoram",Electronics and Communication Engineering,Circuit,SAFE
223,NIT,"National Institute of Technology, Srinagar",Electronics and Communication Engineering,Circuit,SAFE
224,IIIT,"Indian Institute of Information Technology(IIIT) Kilohrad, Sonepat, Haryana",Computer Science & Engineering (Data Science and Analytics),Circuit,No-data
225,IIIT,Indian Institute of Information Technology Surat,Computer Science and Engineering (Artificial Intelligence and Machine Learning),Circuit,Borderline
226,IIIT,"Indian Institute of Information Technology(IIIT) Kilohrad, Sonepat, Haryana",Computer Science and Engineering (Artificial Intelligence),Circuit,No-data
227,IIIT,"Indian Institute of Information Technology(IIIT) Una, Himachal Pradesh",Computer Science and Engineering (Data Science),Circuit,Out
228,NIT,National Institute of Technology Agartala,Electronics and Instrumentation Engineering,Circuit,SAFE
229,GFTI,"School of Engineering, Tezpur University, Napaam, Tezpur",B.Tech. (Computer Science and Engineering) - MBA,Circuit,Out
230,GFTI,"Assam University, Silchar",Computer Science and Engineering,Circuit,Good
231,GFTI,"Gurukula Kangri Vishwavidyalaya, Haridwar",Computer Science and Engineering,Circuit,SAFE
232,GFTI,"School of Studies of Engineering and Technology, Guru Ghasidas Vishwavidyalaya, Bilaspur",Computer Science and Engineering,Circuit,SAFE
233,GFTI,"National Institute of Electronics and Information Technology, Aurangabad (Maharashtra)",Computer Science and Engineering,Circuit,SAFE
234,GFTI,"National Institute of Advanced Manufacturing Technology, Ranchi",Computer Science and Engineering,Circuit,No-data
235,GFTI,Sant Longowal Institute of Engineering and Technology,Computer Science and Engineering,Circuit,SAFE
236,GFTI,Sant Longowal Institute of Engineering and Technology,Computer Science and Engineering,Circuit,SAFE
237,GFTI,"School of Engineering, Tezpur University, Napaam, Tezpur",Computer Science and Engineering,Circuit,Out
238,GFTI,"Shri Mata Vaishno Devi University, Katra, Jammu & Kashmir",Computer Science and Engineering,Circuit,SAFE
239,GFTI,"Central institute of Technology Kokrajar, Assam",Computer Science and Engineering,Circuit,SAFE
240,GFTI,"Puducherry Technological University, Puducherry",Computer Science and Engineering,Circuit,SAFE
241,GFTI,"Chhattisgarh Swami Vivekanada Technical University, Bhilai (CSVTU Bhilai)",Computer Science and Engineering,Circuit,No-data
242,GFTI,Central University of Jammu,Computer Science and Engineering,Circuit,SAFE
243,GFTI,"Institute of Engineering and Technology, Dr. H. S. Gour University. Sagar (A Central University)",Computer Science and Engineering,Circuit,SAFE
244,GFTI,"Birla Institute of Technology, Deoghar Off-Campus",Computer Science and Engineering,Circuit,SAFE
245,GFTI,CU Jharkhand,Computer Science and Engineering,Circuit,Out
246,GFTI,Shri G. S. Institute of Technology and Science Indore,Computer Science and Engineering,Circuit,Out
247,GFTI,"Central University of Punjab, Bathinda",Computer Science and Engineering,Circuit,No-data
248,GFTI,"National Institute of Electronics and Information Technology, Ajmer (Rajasthan)","Computer Science and Engineering (Internet of Things, Cyber Security including Block Chain Technology )",Circuit,SAFE
249,GFTI,"National Institute of Electronics and Information Technology, Gorakhpur (UP)",Computer Science and Engineering with minor in AI and ML,Circuit,SAFE
250,GFTI,Central University of Jammu,Computer Science and Engineering with specialization in Cyber Security,Circuit,SAFE
251,NIT,National Institute of Technology Agartala,Electrical Engineering,Circuit,SAFE
252,NIT,National Institute of Technology Arunachal Pradesh,Electrical Engineering,Circuit,SAFE
253,NIT,"National Institute of Technology, Manipur",Electrical Engineering,Circuit,SAFE
254,NIT,"National Institute of Technology, Manipur",Electrical Engineering,Circuit,No-data
255,NIT,"National Institute of Technology, Mizoram",Electrical Engineering,Circuit,SAFE
256,NIT,"National Institute of Technology, Srinagar",Electrical Engineering,Circuit,SAFE
257,NIT,National Institute of Technology Sikkim,Electrical and Electronics Engineering,Circuit,SAFE
258,GFTI,"Chhattisgarh Swami Vivekanada Technical University, Bhilai (CSVTU Bhilai)",Computer Science Engineering (Artificial Intelligence),Circuit,SAFE
259,GFTI,"Ghani Khan Choudhary Institute of Engineering and Technology, Malda, West Bengal",Computer Science Engineering (Artificial lntelligence and Machine Learning),Circuit,No-data
260,GFTI,"Chhattisgarh Swami Vivekanada Technical University, Bhilai (CSVTU Bhilai)",Computer Science Engineering (Data Science),Circuit,SAFE
261,GFTI,"Birla Institute of Technology, Deoghar Off-Campus",Computer Science and Engineering (Artificial Intelligence and Machine Learning),Circuit,No-data
262,GFTI,"National Institute of Electronics and Information Technology, Aizawl",Computer Science and Engineering (Artificial Intelligence and Machine Learning),Circuit,No-data
263,GFTI,"J.K. Institute of Applied Physics & Technology, Department of Electronics & Communication, University of Allahabad- Allahabad",Computer Science and Engineering with Major in Artificial Intelligence,Circuit,SAFE
264,IIIT,Indian Institute of Information Technology Surat,B.Tech in Mathematics and Computing,Circuit,No-data
265,GFTI,"Rajiv Gandhi National Aviation University, Fursatganj, Amethi (UP)",Artificial Intelligence & Data Science - Aviation Systems,Circuit,No-data
266,GFTI,"School of Studies of Engineering and Technology, Guru Ghasidas Vishwavidyalaya, Bilaspur",Artificial Intelligence and Data Science,Circuit,SAFE
267,GFTI,Sant Longowal Institute of Engineering and Technology,Artificial Intelligence and Data Science,Circuit,SAFE
268,GFTI,"Puducherry Technological University, Puducherry",Artificial Intelligence and Data Science,Circuit,No-data
269,GFTI,National Institute of Technical Teachers Training and Research Bhopal,Artificial Intelligence and Machine Learning,Circuit,No-data
270,GFTI,"Central University of Punjab, Bathinda",Artificial Intelligence and Machine Learning,Circuit,No-data
271,GFTI,"Gati Shakti Vishwavidyalaya, Vadodara",B.Tech in Artificial Intelligenece and Data Science (Transportation and Logistics),Circuit,Out
272,IIIT,"Indian Institute of Information Technology(IIIT) Kilohrad, Sonepat, Haryana",Information Technology,Circuit,SAFE
273,GFTI,"Shri Mata Vaishno Devi University, Katra, Jammu & Kashmir",B.Tech in Mathematics and Computing,Circuit,SAFE
274,GFTI,Central University of Jammu,Mathematics and Computing,Circuit,Out
275,GFTI,"Birla Institute of Technology, Deoghar Off-Campus",Mathematics and Computing,Circuit,No-data
276,GFTI,"School of Studies of Engineering and Technology, Guru Ghasidas Vishwavidyalaya, Bilaspur",Information Technology,Circuit,SAFE
277,GFTI,"Mizoram University, Aizawl",Information Technology,Circuit,SAFE
278,GFTI,"Puducherry Technological University, Puducherry",Information Technology,Circuit,SAFE
279,GFTI,"North-Eastern Hill University, Shillong",Information Technology,Circuit,SAFE
280,GFTI,Shri G. S. Institute of Technology and Science Indore,Information Technology,Circuit,Out
281,IIIT,"Indian Institute of Information Technology(IIIT) Una, Himachal Pradesh",Electronics and Communication Engineering,Circuit,SAFE
282,IIIT,Indian Institute of Information Technology Surat,Electronics and Communication Engineering,Circuit,SAFE
283,GFTI,"National Institute of Electronics and Information Technology, Ropar (Punjab)",Electronics and Communication Engineering (VLSI Design and Technology),Circuit,No-data
284,GFTI,"National Institute of Electronics and Information Technology, Gorakhpur (UP)",B. Tech in Electronics and Communication Engineering with minor in Wearable Electronics,Circuit,SAFE
285,GFTI,"School of Engineering, Tezpur University, Napaam, Tezpur",B.Tech. (Electronics and Communication Engineering) - MBA,Circuit,Out
286,GFTI,"Assam University, Silchar",Electronics and Communication Engineering,Circuit,SAFE
287,GFTI,"Gurukula Kangri Vishwavidyalaya, Haridwar",Electronics and Communication Engineering,Circuit,SAFE
288,GFTI,"School of Studies of Engineering and Technology, Guru Ghasidas Vishwavidyalaya, Bilaspur",Electronics and Communication Engineering,Circuit,SAFE
289,GFTI,"J.K. Institute of Applied Physics & Technology, Department of Electronics & Communication, University of Allahabad- Allahabad",Electronics and Communication Engineering,Circuit,SAFE
290,GFTI,Sant Longowal Institute of Engineering and Technology,Electronics and Communication Engineering,Circuit,SAFE
291,GFTI,"Mizoram University, Aizawl",Electronics and Communication Engineering,Circuit,SAFE
292,GFTI,"School of Engineering, Tezpur University, Napaam, Tezpur",Electronics and Communication Engineering,Circuit,Out
293,GFTI,"Shri Mata Vaishno Devi University, Katra, Jammu & Kashmir",Electronics and Communication Engineering,Circuit,Out
294,GFTI,"Central institute of Technology Kokrajar, Assam",Electronics and Communication Engineering,Circuit,Out
295,GFTI,"Puducherry Technological University, Puducherry",Electronics and Communication Engineering,Circuit,SAFE
296,GFTI,"North-Eastern Hill University, Shillong",Electronics and Communication Engineering,Circuit,SAFE
297,GFTI,Central University of Jammu,Electronics and Communication Engineering,Circuit,SAFE
298,GFTI,"Institute of Engineering and Technology, Dr. H. S. Gour University. Sagar (A Central University)",Electronics and Communication Engineering,Circuit,Out
299,GFTI,"Birla Institute of Technology, Deoghar Off-Campus",Electronics and Communication Engineering,Circuit,SAFE
300,GFTI,National Institute of Technical Teachers Training and Research Bhopal,Electronics and Communication Engineering,Circuit,No-data
301,GFTI,Central University of Jammu,Electronics and Communication Engineering (Avionics),Circuit,Out
302,GFTI,"Rajiv Gandhi National Aviation University, Fursatganj, Amethi (UP)",Electronics and Communication Engineering (Avionics),Circuit,SAFE
303,GFTI,"Gati Shakti Vishwavidyalaya, Vadodara",B.Tech in Electronics & Communication Engineering (Rail Engineering),Circuit,Out
304,GFTI,"Puducherry Technological University, Puducherry",Electronics and Instrumentation Engineering,Circuit,SAFE
305,GFTI,Shri G. S. Institute of Technology and Science Indore,Electronics and Instrumentation Engineering,Circuit,Out
306,GFTI,Shri G. S. Institute of Technology and Science Indore,Electronics and Telecommunication Engineering,Circuit,Out
307,GFTI,"Gati Shakti Vishwavidyalaya, Vadodara",B.Tech in Electrical Engineering ( Rail  Engineering),Circuit,Out
308,GFTI,"Gurukula Kangri Vishwavidyalaya, Haridwar",Electrical Engineering,Circuit,SAFE
309,GFTI,"School of Studies of Engineering and Technology, Guru Ghasidas Vishwavidyalaya, Bilaspur",Electrical Engineering,Circuit,SAFE
310,GFTI,Sant Longowal Institute of Engineering and Technology,Electrical Engineering,Circuit,SAFE
311,GFTI,Sant Longowal Institute of Engineering and Technology,Electrical Engineering,Circuit,Out
312,GFTI,"Mizoram University, Aizawl",Electrical Engineering,Circuit,SAFE
313,GFTI,"School of Engineering, Tezpur University, Napaam, Tezpur",Electrical Engineering,Circuit,SAFE
314,GFTI,"Shri Mata Vaishno Devi University, Katra, Jammu & Kashmir",Electrical Engineering,Circuit,SAFE
315,GFTI,"Ghani Khan Choudhary Institute of Engineering and Technology, Malda, West Bengal",Electrical Engineering,Circuit,No-data
316,GFTI,CU Jharkhand,Electrical Engineering,Circuit,Out
317,GFTI,Islamic University of Science and Technology Kashmir,Electrical Engineering,Circuit,No-data
318,GFTI,Shri G. S. Institute of Technology and Science Indore,Electrical Engineering,Circuit,Out
319,GFTI,National Institute of Technical Teachers Training and Research Bhopal,Electrical Engineering,Circuit,No-data
320,GFTI,"Puducherry Technological University, Puducherry",Electrical and Electronics Engineering,Circuit,Out
321,GFTI,"Birla Institute of Technology, Deoghar Off-Campus",Electrical and Electronics Engineering,Circuit,SAFE
322,GFTI,"Central institute of Technology Kokrajar, Assam",Instrumentation Engineering,Circuit,Out
323,GFTI,Sant Longowal Institute of Engineering and Technology,Instrumentation and Control Engineering,Circuit,Out
324,NIT,"National Institute of Technology, Warangal",Mechanical Engineering,Core,Borderline
325,NIT,"National Institute of Technology, Tiruchirappalli",Mechanical Engineering,Core,Out
326,NIT,"National Institute of Technology Karnataka, Surathkal",Mechanical Engineering,Core,Out
327,NIT,"National Institute of Technology, Rourkela",Mechanical Engineering,Core,Borderline
328,NIT,"National Institute of Technology, Tiruchirappalli",Production Engineering,Core,Good
329,NIT,National Institute of Technology Calicut,Mechanical Engineering,Core,Borderline
330,NIT,"National Institute of Technology, Warangal",Chemical Engineering,Core,Reach
331,NIT,"National Institute of Technology, Warangal",Chemical Engineering,Core,Out
332,NIT,"Visvesvaraya National Institute of Technology, Nagpur",Mechanical Engineering,Core,Good
333,NIT,"National Institute of Technology, Rourkela",Ceramic Engineering and M.Tech Industrial Ceramic,Core,Out
334,NIT,"National Institute of Technology, Rourkela",Industrial Design,Core,Out
335,NIT,"National Institute of Technology, Tiruchirappalli",Chemical Engineering,Core,Out
336,NIT,Malaviya National Institute of Technology Jaipur,Mechanical Engineering,Core,Borderline
337,NIT,National Institute of Technology Calicut,Production Engineering,Core,SAFE
338,NIT,"National Institute of Technology Karnataka, Surathkal",Chemical Engineering,Core,Good
339,NIT,"National Institute of Technology, Warangal",Civil Engineering,Core,Out
340,NIT,Motilal Nehru National Institute of Technology Allahabad,Mechanical Engineering,Core,Borderline
341,NIT,"National Institute of Technology, Rourkela",Chemical Engineering,Core,Reach
342,NIT,"National Institute of Technology, Rourkela",Chemical Engineering,Core,No-data
343,NIT,"National Institute of Technology, Tiruchirappalli",Civil Engineering,Core,Out
344,NIT,"Sardar Vallabhbhai National Institute of Technology, Surat",Mechanical Engineering,Core,SAFE
345,NIT,National Institute of Technology Calicut,Chemical Engineering,Core,Good
346,NIT,"National Institute of Technology Karnataka, Surathkal",Civil Engineering,Core,Reach
347,NIT,"Indian Institute of Engineering Science and Technology, Shibpur",Mechanical Engineering,Core,SAFE
348,NIT,"Visvesvaraya National Institute of Technology, Nagpur",Chemical Engineering,Core,SAFE
349,NIT,"Visvesvaraya National Institute of Technology, Nagpur",Chemical Technology (Bioprocess Technology),Core,No-data
350,NIT,"National Institute of Technology, Warangal",Metallurgical and Materials Engineering,Core,Borderline
351,NIT,"National Institute of Technology, Warangal",Metallurgical and Materials Engineering,Core,Out
352,NIT,"National Institute of Technology, Rourkela",Civil Engineering,Core,Borderline
353,NIT,National Institute of Technology Durgapur,Mechanical Engineering,Core,SAFE
354,NIT,"Sardar Vallabhbhai National Institute of Technology, Surat",Industrial Chemistry,Core,SAFE
355,NIT,Malaviya National Institute of Technology Jaipur,Chemical Engineering,Core,SAFE
356,NIT,"National Institute of Technology, Tiruchirappalli",Metallurgical and Materials Engineering,Core,Reach
357,NIT,National Institute of Technology Calicut,Civil Engineering,Core,Borderline
358,NIT,Maulana Azad National Institute of Technology Bhopal,Mechanical Engineering,Core,SAFE
359,NIT,Motilal Nehru National Institute of Technology Allahabad,Chemical Engineering,Core,Good
360,NIT,"National Institute of Technology Karnataka, Surathkal",Metallurgical and Materials Engineering,Core,Good
361,NIT,"Visvesvaraya National Institute of Technology, Nagpur",Civil Engineering,Core,SAFE
362,NIT,"National Institute of Technology, Kurukshetra",Mechanical Engineering,Core,SAFE
363,NIT,"National Institute of Technology, Kurukshetra",Mechanical Engineering,Core,SAFE
364,NIT,"Sardar Vallabhbhai National Institute of Technology, Surat",Chemical Engineering,Core,SAFE
365,NIT,"National Institute of Technology, Rourkela",Ceramic Engineering,Core,SAFE
366,NIT,"National Institute of Technology, Rourkela",Food Process Engineering,Core,Out
367,NIT,"National Institute of Technology, Rourkela",Metallurgical and Materials Engineering,Core,Good
368,NIT,"National Institute of Technology, Rourkela",Metallurgical and Materials Engineering,Core,Out
369,NIT,Malaviya National Institute of Technology Jaipur,Civil Engineering,Core,Reach
370,NIT,"National Institute of Technology, Jamshedpur",Mechanical Engineering,Core,SAFE
371,NIT,National Institute of Technology Calicut,Energy Engineering,Core,Good
372,NIT,National Institute of Technology Calicut,Materials Science and Engineering,Core,Good
373,NIT,Motilal Nehru National Institute of Technology Allahabad,Civil Engineering,Core,Reach
374,NIT,"National Institute of Technology, Silchar",Mechanical Engineering,Core,SAFE
375,NIT,"National Institute of Technology, Kurukshetra",Industrial Internet of Things,Core,Good
376,NIT,"National Institute of Technology, Kurukshetra",Production and Industrial Engineering,Core,SAFE
377,NIT,National Institute of Technology Durgapur,Chemical Engineering,Core,SAFE
378,NIT,National Institute of Technology Durgapur,Chemical Engineering,Core,Out
379,NIT,"Visvesvaraya National Institute of Technology, Nagpur",Metallurgical and Materials Engineering,Core,SAFE
380,NIT,"National Institute of Technology, Warangal",Bio Technology,Core,Reach
381,NIT,"Sardar Vallabhbhai National Institute of Technology, Surat",Civil Engineering,Core,Good
382,NIT,"National Institute of Technology, Jamshedpur",Production and Industrial Engineering,Core,SAFE
383,NIT,Maulana Azad National Institute of Technology Bhopal,Chemical Engineering,Core,SAFE
384,NIT,Malaviya National Institute of Technology Jaipur,Metallurgical and Materials Engineering,Core,Good
385,NIT,"Indian Institute of Engineering Science and Technology, Shibpur",Civil Engineering,Core,SAFE
386,NIT,Motilal Nehru National Institute of Technology Allahabad,Engineering and Computational Mechanics,Core,Out
387,NIT,Motilal Nehru National Institute of Technology Allahabad,Materials Engineering,Core,No-data
388,NIT,National Institute of Technology Durgapur,Civil Engineering,Core,SAFE
389,IIIT,"Pt. Dwarka Prasad Mishra Indian Institute of Information Technology, Design & Manufacture Jabalpur",Mechanical Engineering,Core,SAFE
390,NIT,"National Institute of Technology, Warangal",Chemistry,Core,Good
391,NIT,"National Institute of Technology, Warangal",Mathematics,Core,Good
392,NIT,"National Institute of Technology, Warangal",Physics,Core,Out
393,NIT,"National Institute of Technology, Rourkela",Bio Medical Engineering,Core,Out
394,NIT,"National Institute of Technology, Rourkela",Bio Technology,Core,Good
395,NIT,Maulana Azad National Institute of Technology Bhopal,Civil Engineering,Core,Good
396,NIT,"Indian Institute of Engineering Science and Technology, Shibpur",Aerospace Engineering,Core,Good
397,NIT,"Indian Institute of Engineering Science and Technology, Shibpur",Applied Geology,Core,No-data
398,NIT,"Indian Institute of Engineering Science and Technology, Shibpur",Metallurgy and Materials Engineering,Core,SAFE
399,NIT,National Institute of Technology Calicut,Bio Technology,Core,Reach
400,NIT,"National Institute of Technology, Kurukshetra",Civil Engineering,Core,SAFE
401,NIT,"National Institute of Technology, Kurukshetra",Civil Engineering,Core,Out
402,IIIT,"Indian Institute of Information Technology, Design & Manufacturing, Kancheepuram",B.Tech in Mechanical Engineering and M.Tech in AI and Robotics,Core,SAFE
403,IIIT,"Indian Institute of Information Technology, Design & Manufacturing, Kancheepuram",Mechanical Engineering,Core,Good
404,NIT,National Institute of Technology Durgapur,Metallurgical and Materials Engineering,Core,SAFE
405,NIT,"National Institute of Technology, Jamshedpur",Civil Engineering,Core,Reach
406,GFTI,"Punjab Engineering College, Chandigarh",Mechanical Engineering,Core,No-data
407,NIT,"National Institute of Technology, Rourkela",Chemistry,Core,Out
408,NIT,"National Institute of Technology, Rourkela",Engineering Physics,Core,No-data
409,NIT,Maulana Azad National Institute of Technology Bhopal,Materials and Metallurgical Engineering,Core,No-data
410,NIT,"National Institute of Technology, Silchar",Civil Engineering,Core,SAFE
411,NIT,"Indian Institute of Engineering Science and Technology, Shibpur",Mining Engineering,Core,Out
412,NIT,National Institute of Technology Calicut,B. Tech. (Mathematics & Computing) M. Tech. in (Mathematics & Computing),Core,No-data
413,NIT,National Institute of Technology Calicut,Engineering Physics,Core,Good
414,NIT,"National Institute of Technology, Kurukshetra",ROBOTICS & AUTOMATION,Core,Reach
415,NIT,"National Institute of Technology, Kurukshetra",SUSTAINABLE ENERGY TECHNOLOGIES,Core,Out
416,NIT,Motilal Nehru National Institute of Technology Allahabad,Bio Technology,Core,SAFE
417,GFTI,"Punjab Engineering College, Chandigarh",Production and Industrial Engineering,Core,No-data
418,NIT,"Visvesvaraya National Institute of Technology, Nagpur",Engineering Physics,Core,No-data
419,NIT,"National Institute of Technology, Jamshedpur",Engineering and Computational Mechanics,Core,Out
420,NIT,"National Institute of Technology, Jamshedpur",Metallurgical and Materials Engineering,Core,Out
421,NIT,Malaviya National Institute of Technology Jaipur,Engineering Physics,Core,No-data
422,GFTI,University of Hyderabad,Materials Engineering,Core,SAFE
423,NIT,National Institute of Technology Durgapur,Bio Technology,Core,SAFE
424,NIT,National Institute of Technology Durgapur,Biotechnology,Core,Out
425,NIT,"Sardar Vallabhbhai National Institute of Technology, Surat",Chemistry,Core,No-data
426,NIT,"Sardar Vallabhbhai National Institute of Technology, Surat",Engineering Physics,Core,SAFE
427,NIT,"Sardar Vallabhbhai National Institute of Technology, Surat",Mathematics,Core,No-data
428,NIT,"Sardar Vallabhbhai National Institute of Technology, Surat",Physics,Core,No-data
429,NIT,"Indian Institute of Engineering Science and Technology, Shibpur",Chemistry,Core,No-data
430,NIT,"Indian Institute of Engineering Science and Technology, Shibpur",Physics,Core,No-data
431,IIIT,"Pt. Dwarka Prasad Mishra Indian Institute of Information Technology, Design & Manufacture Jabalpur",Smart Manufacturing,Core,SAFE
432,GFTI,"Punjab Engineering College, Chandigarh",Civil Engineering,Core,No-data
433,NIT,National Institute of Technology Durgapur,Chemistry,Core,Out
434,NIT,Maulana Azad National Institute of Technology Bhopal,B. Tech. and M. Tech. in Engineering and Computational Mechanics (Dual Degree),Core,Out
435,IIIT,"Indian Institute of Information Technology, Design & Manufacturing, Kancheepuram",Design Engineering,Core,SAFE
436,IIIT,"Indian Institute of Information Technology, Design & Manufacturing, Kancheepuram",Smart Manufacturing,Core,SAFE
437,GFTI,"Punjab Engineering College, Chandigarh",Aerospace Engineering,Core,No-data
438,GFTI,"Punjab Engineering College, Chandigarh",Metallurgical and Materials Engineering,Core,No-data
439,IIIT,Atal Bihari Vajpayee Indian Institute of Information Technology & Management Gwalior,Integrated B. Tech.(IT) and M. Tech (IT),Core,Reach
440,IIIT,Atal Bihari Vajpayee Indian Institute of Information Technology & Management Gwalior,Integrated B. Tech.(IT) and MBA,Core,Good
441,IIIT,Atal Bihari Vajpayee Indian Institute of Information Technology & Management Gwalior,Mathematics and Scientific Computing,Core,Good
442,IIIT,"Indian Institute of Information Technology, Design & Manufacturing, Kancheepuram",Engineering Physics,Core,Out
443,NIT,National Institute of Technology Patna,Computer Science and Engineering,Circuit,Out
444,NIT,National Institute of Technology Patna,Computer Science and Engineering with Specialization in Cyber Security,Circuit,Borderline
445,NIT,National Institute of Technology Patna,Computer Science and Engineering with Specialization in Data Science,Circuit,Out
446,NIT,National Institute of Technology Patna,Artificial Intelligence and Data Science,Circuit,Out
447,NIT,National Institute of Technology Patna,Mathematics and Computing Technology,Circuit,Out
448,NIT,National Institute of Technology Patna,Electronics Engineering (VLSI Design and Technology),Circuit,SAFE
449,NIT,National Institute of Technology Patna,Electronics and Communication Engineering with Specialization in Microelectronics and VLSI System Design,Circuit,Good
450,NIT,National Institute of Technology Patna,Electronics and Communication Engineering,Circuit,Good
451,GFTI,"Birla Institute of Technology, Patna Off-Campus",Computer Science and Engineering,Circuit,SAFE
452,GFTI,"National Institute of Electronics and Information Technology, Patna (Bihar)",Computer Science and Engineering,Circuit,Good
453,NIT,National Institute of Technology Patna,Electrical Engineering,Circuit,SAFE
454,NIT,National Institute of Technology Patna,Electrical Engineering with Specialization In Power System Engineering,Circuit,Out
455,GFTI,"Birla Institute of Technology, Patna Off-Campus",Computer Science and Engineering (Artificial Intelligence and Machine Learning),Circuit,No-data
456,GFTI,"Birla Institute of Technology, Patna Off-Campus",Mathematics and Computing,Circuit,Out
457,GFTI,"Birla Institute of Technology, Patna Off-Campus",Electronics and Communication Engineering,Circuit,SAFE
458,GFTI,"Birla Institute of Technology, Patna Off-Campus",Electrical and Electronics Engineering,Circuit,SAFE
