Choice,Tier,Composite,Type,InstCode,Institute,BranchCode,Branch,Reach,Note
1,Circuit,99.25,NIT,228,"National Institute of Technology, Warangal",4110,Computer Science and Engineering,Out,circuit
2,Circuit,98.5,NIT,226,"National Institute of Technology, Tiruchirappalli",4110,Computer Science and Engineering,Out,circuit
3,Circuit,98.05,NIT,228,"National Institute of Technology, Warangal",412F,Computer Science and Engineering ( Artificial Intelligence & Data Science),Out,circuit
4,Circuit,97.75,NIT,211,"National Institute of Technology Karnataka, Surathkal",4110,Computer Science and Engineering,Out,circuit
5,Circuit,97.0,NIT,223,"National Institute of Technology, Rourkela",4110,Computer Science and Engineering,Out,circuit
6,Circuit,96.45,NIT,228,"National Institute of Technology, Warangal",4124,Mathematics and Computing,Reach,circuit
7,Circuit,96.25,NIT,206,National Institute of Technology Calicut,4110,Computer Science and Engineering,Out,circuit
8,Circuit,95.75,NIT,211,"National Institute of Technology Karnataka, Surathkal",4185,Artificial Intelligence,Out,circuit
9,Circuit,95.75,NIT,211,"National Institute of Technology Karnataka, Surathkal",410Q,Computational and Data Science,Out,circuit
10,Circuit,95.5,NIT,230,"Visvesvaraya National Institute of Technology, Nagpur",4110,Computer Science and Engineering,Out,circuit
11,Circuit,95.0,NIT,223,"National Institute of Technology, Rourkela",4185,Artificial Intelligence,Out,circuit
12,Circuit,94.75,NIT,202,Malaviya National Institute of Technology Jaipur,4110,Computer Science and Engineering,Out,circuit
13,Circuit,94.45,NIT,228,"National Institute of Technology, Warangal",410Z,Electronics and Communication Engineering (VLSI Design and Technology),Out,circuit
14,Circuit,94.3,NIT,230,"Visvesvaraya National Institute of Technology, Nagpur",413Z,Computer Science and Engineering (Artificial Intelligence and Data Science),No-data,circuit
15,Circuit,94.2,NIT,223,"National Institute of Technology, Rourkela",411F,B.Tech in Mathematics and Computing,No-data,circuit
16,Circuit,94.0,NIT,204,Motilal Nehru National Institute of Technology Allahabad,4110,Computer Science and Engineering,Out,circuit
17,Circuit,93.75,NIT,211,"National Institute of Technology Karnataka, Surathkal",4146,Information Technology,Out,circuit
18,Circuit,93.25,NIT,228,"National Institute of Technology, Warangal",4114,Electronics and Communication Engineering,Out,circuit
19,Circuit,93.25,NIT,229,"Sardar Vallabhbhai National Institute of Technology, Surat",4110,Computer Science and Engineering,Out,circuit
20,Circuit,92.75,NIT,202,Malaviya National Institute of Technology Jaipur,411G,Artificial Intelligence and Data Engineering,Out,circuit
21,Circuit,92.7,NIT,230,"Visvesvaraya National Institute of Technology, Nagpur",4124,Mathematics and Computing,No-data,circuit
22,Circuit,92.5,NIT,226,"National Institute of Technology, Tiruchirappalli",4114,Electronics and Communication Engineering,Out,circuit
23,Circuit,92.5,NIT,232,"Indian Institute of Engineering Science and Technology, Shibpur",4110,Computer Science and Engineering,Reach,circuit
24,Circuit,91.95,NIT,202,Malaviya National Institute of Technology Jaipur,4124,Mathematics and Computing,No-data,circuit
25,Circuit,91.75,NIT,211,"National Institute of Technology Karnataka, Surathkal",4114,Electronics and Communication Engineering,Out,circuit
26,Circuit,91.75,NIT,208,National Institute of Technology Durgapur,4110,Computer Science and Engineering,Out,circuit
27,Circuit,91.25,NIT,228,"National Institute of Technology, Warangal",4144,Electrical and Electronics Engineering,Reach,circuit
28,Circuit,91.25,NIT,228,"National Institute of Technology, Warangal",413O,Electrical and Electronics Engineering (Electric Mobility),No-data,circuit
29,Circuit,91.25,NIT,229,"Sardar Vallabhbhai National Institute of Technology, Surat",4185,Artificial Intelligence,Out,circuit
30,Circuit,91.25,NIT,229,"Sardar Vallabhbhai National Institute of Technology, Surat",5B06,Artificial Intelligence,Out,circuit
31,Circuit,91.2,NIT,204,Motilal Nehru National Institute of Technology Allahabad,4124,Mathematics and Computing,No-data,circuit
32,Circuit,91.0,NIT,223,"National Institute of Technology, Rourkela",4114,Electronics and Communication Engineering,Out,circuit
33,Circuit,91.0,NIT,203,Maulana Azad National Institute of Technology Bhopal,4110,Computer Science and Engineering,Out,circuit
34,Circuit,90.7,NIT,230,"Visvesvaraya National Institute of Technology, Nagpur",411H,Electronics Engineering (VLSI Design and Technology),No-data,circuit
35,Circuit,90.5,NIT,226,"National Institute of Technology, Tiruchirappalli",4144,Electrical and Electronics Engineering,Out,circuit
36,Circuit,90.45,NIT,229,"Sardar Vallabhbhai National Institute of Technology, Surat",4124,Mathematics and Computing,Reach,circuit
37,Circuit,90.25,NIT,206,National Institute of Technology Calicut,4114,Electronics and Communication Engineering,Out,circuit
38,Circuit,90.25,NIT,220,"National Institute of Technology, Kurukshetra",4110,Computer Science and Engineering,Out,circuit
39,Circuit,90.25,NIT,220,"National Institute of Technology, Kurukshetra",5216,Computer Science and Engineering,Out,circuit
40,Circuit,89.8,NIT,223,"National Institute of Technology, Rourkela",4142,Electronics and Instrumentation Engineering,Out,circuit
41,Circuit,89.75,NIT,211,"National Institute of Technology Karnataka, Surathkal",4144,Electrical and Electronics Engineering,Out,circuit
42,Circuit,89.7,NIT,232,"Indian Institute of Engineering Science and Technology, Shibpur",4124,Mathematics and Computing,No-data,circuit
43,Circuit,89.5,NIT,230,"Visvesvaraya National Institute of Technology, Nagpur",4114,Electronics and Communication Engineering,Out,circuit
44,Circuit,89.5,NIT,219,"National Institute of Technology, Jamshedpur",4110,Computer Science and Engineering,Out,circuit
45,Circuit,89.0,NIT,223,"National Institute of Technology, Rourkela",4111,Electrical Engineering,Out,circuit
46,Circuit,89.0,NIT,203,Maulana Azad National Institute of Technology Bhopal,520F,Mathematics and Data Science,Out,circuit
47,Circuit,88.95,NIT,208,National Institute of Technology Durgapur,411F,B.Tech in Mathematics and Computing,Borderline,circuit
48,Circuit,88.75,NIT,202,Malaviya National Institute of Technology Jaipur,4114,Electronics and Communication Engineering,Out,circuit
49,Circuit,88.75,NIT,224,"National Institute of Technology, Silchar",4110,Computer Science and Engineering,Out,circuit
50,Circuit,88.5,NIT,232,"Indian Institute of Engineering Science and Technology, Shibpur",4146,Information Technology,Borderline,circuit
51,Circuit,88.45,NIT,229,"Sardar Vallabhbhai National Institute of Technology, Surat",410V,Electronics and VLSI Engineering,Borderline,circuit
52,Circuit,88.25,NIT,206,National Institute of Technology Calicut,4144,Electrical and Electronics Engineering,Out,circuit
53,Circuit,88.25,NIT,220,"National Institute of Technology, Kurukshetra",4188,Artificial Intelligence and Data Science,Out,circuit
54,Circuit,88.25,NIT,220,"National Institute of Technology, Kurukshetra",410P,Artificial Intelligence and Machine Learning,Out,circuit
55,Circuit,88.0,NIT,204,Motilal Nehru National Institute of Technology Allahabad,4114,Electronics and Communication Engineering,Out,circuit
56,Circuit,88.0,GFTI,421,University of Hyderabad,5314,Computer Science and Engineering,No-data,circuit
57,Circuit,87.5,NIT,230,"Visvesvaraya National Institute of Technology, Nagpur",4144,Electrical and Electronics Engineering,Good,circuit
58,Circuit,87.45,NIT,220,"National Institute of Technology, Kurukshetra",4124,Mathematics and Computing,Out,circuit
59,Circuit,87.25,NIT,229,"Sardar Vallabhbhai National Institute of Technology, Surat",4114,Electronics and Communication Engineering,Borderline,circuit
60,Circuit,86.75,NIT,202,Malaviya National Institute of Technology Jaipur,4111,Electrical Engineering,Good,circuit
61,Circuit,86.5,NIT,226,"National Institute of Technology, Tiruchirappalli",4148,Instrumentation and Control Engineering,Good,circuit
62,Circuit,86.5,IIIT,311,"Pt. Dwarka Prasad Mishra Indian Institute of Information Technology, Design & Manufacture Jabalpur",4110,Computer Science and Engineering,Reach,circuit
63,Circuit,86.25,NIT,220,"National Institute of Technology, Kurukshetra",4146,Information Technology,Out,circuit
64,Circuit,86.0,NIT,204,Motilal Nehru National Institute of Technology Allahabad,4111,Electrical Engineering,Reach,circuit
65,Circuit,85.75,NIT,208,National Institute of Technology Durgapur,4114,Electronics and Communication Engineering,Out,circuit
66,Circuit,85.75,IIIT,301,Atal Bihari Vajpayee Indian Institute of Information Technology & Management Gwalior,4110,Computer Science and Engineering,Out,circuit
67,Circuit,85.45,NIT,220,"National Institute of Technology, Kurukshetra",412B,Microelectronics & VLSI Engineering,Out,circuit
68,Circuit,85.3,NIT,232,"Indian Institute of Engineering Science and Technology, Shibpur",4153,Electronics and Telecommunication Engineering,Good,circuit
69,Circuit,85.25,NIT,229,"Sardar Vallabhbhai National Institute of Technology, Surat",4111,Electrical Engineering,Good,circuit
70,Circuit,85.0,NIT,203,Maulana Azad National Institute of Technology Bhopal,4114,Electronics and Communication Engineering,Reach,circuit
71,Circuit,85.0,IIIT,310,"Indian Institute of Information Technology, Design & Manufacturing, Kancheepuram",4110,Computer Science and Engineering,Out,circuit
72,Circuit,85.0,IIIT,310,"Indian Institute of Information Technology, Design & Manufacturing, Kancheepuram",5216,Computer Science and Engineering,Reach,circuit
73,Circuit,84.5,NIT,232,"Indian Institute of Engineering Science and Technology, Shibpur",4111,Electrical Engineering,SAFE,circuit
74,Circuit,84.25,NIT,220,"National Institute of Technology, Kurukshetra",4114,Electronics and Communication Engineering,Out,circuit
75,Circuit,84.25,NIT,220,"National Institute of Technology, Kurukshetra",5234,Electronics and Communication Engineering,Out,circuit
76,Circuit,84.25,GFTI,422,"Punjab Engineering College, Chandigarh",4110,Computer Science and Engineering,No-data,circuit
77,Circuit,83.8,IIIT,310,"Indian Institute of Information Technology, Design & Manufacturing, Kancheepuram",4196,Computer Science and Engineering with Major in Artificial Intelligence,Out,circuit
78,Circuit,83.75,NIT,208,National Institute of Technology Durgapur,4111,Electrical Engineering,Good,circuit
79,Circuit,83.5,NIT,219,"National Institute of Technology, Jamshedpur",4114,Electronics and Communication Engineering,Borderline,circuit
80,Circuit,83.5,IIIT,315,Indian Institute of Information Technology Lucknow,4184,Computer Science,Reach,circuit
81,Circuit,83.5,IIIT,315,Indian Institute of Information Technology Lucknow,410C,Computer Science and Business,Borderline,circuit
82,Circuit,83.25,IIIT,309,"Indian Institute of Information Technology, Allahabad",5424,B. Tech. Information Technology-Business Informatics (IT- BIn) - Master of Business Administration (MBA),No-data,circuit
83,Circuit,83.25,IIIT,309,"Indian Institute of Information Technology, Allahabad",4146,Information Technology,Out,circuit
84,Circuit,83.25,IIIT,309,"Indian Institute of Information Technology, Allahabad",5280,Information Technology,No-data,circuit
85,Circuit,83.25,IIIT,309,"Indian Institute of Information Technology, Allahabad",4186,Information Technology-Business Informatics,Out,circuit
86,Circuit,83.05,GFTI,422,"Punjab Engineering College, Chandigarh",4603,Computer Science Engineering (Artificial Intelligence),No-data,circuit
87,Circuit,83.05,GFTI,422,"Punjab Engineering College, Chandigarh",4604,Computer Science Engineering (Data Science),No-data,circuit
88,Circuit,83.0,NIT,203,Maulana Azad National Institute of Technology Bhopal,4111,Electrical Engineering,Good,circuit
89,Circuit,83.0,NIT,203,Maulana Azad National Institute of Technology Bhopal,413N,Electrical Engineering with E Mobility,No-data,circuit
90,Circuit,83.0,NIT,203,Maulana Azad National Institute of Technology Bhopal,412X,Energy and Electrical Vehicle Engineering,Out,circuit
91,Circuit,82.75,NIT,224,"National Institute of Technology, Silchar",4114,Electronics and Communication Engineering,Borderline,circuit
92,Circuit,82.75,IIIT,307,"Indian Institute of Information Technology (IIIT), Sri City, Chittoor",4110,Computer Science and Engineering,SAFE,circuit
93,Circuit,82.3,IIIT,315,Indian Institute of Information Technology Lucknow,4190,Computer Science and Artificial Intelligence,Borderline,circuit
94,Circuit,82.25,NIT,220,"National Institute of Technology, Kurukshetra",4111,Electrical Engineering,Good,circuit
95,Circuit,82.25,NIT,220,"National Institute of Technology, Kurukshetra",5217,Electrical Engineering,Out,circuit
96,Circuit,82.0,IIIT,320,Indian Institute of Information Technology (IIIT) Nagpur,410G,Computer Science Engineering (Human Computer lnteraction and Gaming Technology),Good,circuit
97,Circuit,82.0,IIIT,320,Indian Institute of Information Technology (IIIT) Nagpur,4110,Computer Science and Engineering,Good,circuit
98,Circuit,81.55,NIT,224,"National Institute of Technology, Silchar",4142,Electronics and Instrumentation Engineering,Good,circuit
99,Circuit,81.5,NIT,219,"National Institute of Technology, Jamshedpur",4111,Electrical Engineering,Good,circuit
100,Circuit,81.45,GFTI,422,"Punjab Engineering College, Chandigarh",4124,Mathematics and Computing,No-data,circuit
101,Circuit,81.25,IIIT,309,"Indian Institute of Information Technology, Allahabad",4114,Electronics and Communication Engineering,Reach,circuit
102,Circuit,81.25,IIIT,309,"Indian Institute of Information Technology, Allahabad",5234,Electronics and Communication Engineering,No-data,circuit
103,Circuit,81.25,IIIT,321,Indian Institute of Information Technology (IIIT) Pune,4110,Computer Science and Engineering,Good,circuit
104,Circuit,80.8,IIIT,320,Indian Institute of Information Technology (IIIT) Nagpur,410E,Computer Science Engineering (Artificial lntelligence and Machine Learning),No-data,circuit
105,Circuit,80.8,IIIT,320,Indian Institute of Information Technology (IIIT) Nagpur,410F,Computer Science Engineering (Data Science and Analytics),Good,circuit
106,Circuit,80.75,NIT,224,"National Institute of Technology, Silchar",4111,Electrical Engineering,Good,circuit
107,Circuit,80.75,IIIT,307,"Indian Institute of Information Technology (IIIT), Sri City, Chittoor",4188,Artificial Intelligence and Data Science,SAFE,circuit
108,Circuit,80.5,IIIT,311,"Pt. Dwarka Prasad Mishra Indian Institute of Information Technology, Design & Manufacture Jabalpur",4114,Electronics and Communication Engineering,Good,circuit
109,Circuit,80.5,IIIT,308,"Indian Institute of Information Technology(IIIT), Vadodara, Gujrat",4110,Computer Science and Engineering,SAFE,circuit
110,Circuit,80.5,IIIT,308,"Indian Institute of Information Technology(IIIT), Vadodara, Gujrat",410J,Computer Science and Engineering (Cyber Security),No-data,circuit
111,Circuit,80.2,IIIT,310,"Indian Institute of Information Technology, Design & Manufacturing, Kancheepuram",523T,B.Tech. in Electronics and Communication Engineering and M.Tech. in Microelectronics and VLSI Systems,Good,circuit
112,Circuit,79.75,NIT,207,National Institute of Technology Delhi,4110,Computer Science and Engineering,Out,circuit
113,Circuit,79.5,IIIT,315,Indian Institute of Information Technology Lucknow,4146,Information Technology,Out,circuit
114,Circuit,79.45,GFTI,422,"Punjab Engineering College, Chandigarh",411H,Electronics Engineering (VLSI Design and Technology),No-data,circuit
115,Circuit,79.25,IIIT,321,Indian Institute of Information Technology (IIIT) Pune,4188,Artificial Intelligence and Data Science,No-data,circuit
116,Circuit,79.0,IIIT,310,"Indian Institute of Information Technology, Design & Manufacturing, Kancheepuram",521Q,B.Tech. in Electronics and Communication Engineering and M.Tech. in Communication Systems,SAFE,circuit
117,Circuit,79.0,IIIT,310,"Indian Institute of Information Technology, Design & Manufacturing, Kancheepuram",4114,Electronics and Communication Engineering,Good,circuit
118,Circuit,79.0,NIT,216,National Institute of Technology Raipur,4110,Computer Science and Engineering,Out,circuit
119,Circuit,78.5,IIIT,308,"Indian Institute of Information Technology(IIIT), Vadodara, Gujrat",4185,Artificial Intelligence,SAFE,circuit
120,Circuit,78.25,GFTI,422,"Punjab Engineering College, Chandigarh",4114,Electronics and Communication Engineering,No-data,circuit
121,Circuit,78.25,GFTI,402,"Birla Institute of Technology, Mesra, Ranchi",4110,Computer Science and Engineering,Good,circuit
122,Circuit,77.75,IIIT,301,Atal Bihari Vajpayee Indian Institute of Information Technology & Management Gwalior,4144,Electrical and Electronics Engineering,Good,circuit
123,Circuit,77.75,NIT,207,National Institute of Technology Delhi,4188,Artificial Intelligence and Data Science,Out,circuit
124,Circuit,77.7,IIIT,308,"Indian Institute of Information Technology(IIIT), Vadodara, Gujrat",4124,Mathematics and Computing,No-data,circuit
125,Circuit,77.5,IIIT,302,"Indian Institute of Information Technology (IIIT)Kota, Rajasthan",4110,Computer Science and Engineering,SAFE,circuit
126,Circuit,77.05,GFTI,402,"Birla Institute of Technology, Mesra, Ranchi",410W,Computer Science and Engineering (Artificial Intelligence and Machine Learning),No-data,circuit
127,Circuit,76.75,IIIT,307,"Indian Institute of Information Technology (IIIT), Sri City, Chittoor",4114,Electronics and Communication Engineering,SAFE,circuit
128,Circuit,76.75,IIIT,316,Indian Institute of Information Technology(IIIT) Dharwad,4110,Computer Science and Engineering,SAFE,circuit
129,Circuit,76.5,IIIT,308,"Indian Institute of Information Technology(IIIT), Vadodara, Gujrat",4146,Information Technology,SAFE,circuit
130,Circuit,76.45,IIIT,321,Indian Institute of Information Technology (IIIT) Pune,413X,Microelectronics and VLSI Design,No-data,circuit
131,Circuit,76.25,GFTI,422,"Punjab Engineering College, Chandigarh",4111,Electrical Engineering,No-data,circuit
132,Circuit,76.25,GFTI,402,"Birla Institute of Technology, Mesra, Ranchi",5511,Quantitative Economics & Data Science,Out,circuit
133,Circuit,76.0,IIIT,320,Indian Institute of Information Technology (IIIT) Nagpur,4114,Electronics and Communication Engineering,SAFE,circuit
134,Circuit,76.0,IIIT,320,Indian Institute of Information Technology (IIIT) Nagpur,410H,Electronics and Communication Engineering (Internet of Things),SAFE,circuit
135,Circuit,76.0,IIIT,318,Indian Institute of Information Technology(IIIT) Kottayam,4110,Computer Science and Engineering,SAFE,circuit
136,Circuit,76.0,IIIT,318,Indian Institute of Information Technology(IIIT) Kottayam,4195,Computer Science and Engineering with specialization in Cyber Security,SAFE,circuit
137,Circuit,75.5,IIIT,302,"Indian Institute of Information Technology (IIIT)Kota, Rajasthan",411G,Artificial Intelligence and Data Engineering,SAFE,circuit
138,Circuit,75.45,GFTI,402,"Birla Institute of Technology, Mesra, Ranchi",5506,Mathematics and Computing,SAFE,circuit
139,Circuit,75.25,IIIT,321,Indian Institute of Information Technology (IIIT) Pune,4114,Electronics and Communication Engineering,Good,circuit
140,Circuit,75.25,IIIT,314,Indian Institute of Information Technology Tiruchirappalli,4110,Computer Science and Engineering,Good,circuit
141,Circuit,75.0,NIT,216,National Institute of Technology Raipur,4146,Information Technology,Reach,circuit
142,Circuit,74.8,IIIT,318,Indian Institute of Information Technology(IIIT) Kottayam,410R,Computer Science and Engineering with specialization in Artificial Intelligence and Data Science,SAFE,circuit
143,Circuit,74.75,IIIT,316,Indian Institute of Information Technology(IIIT) Dharwad,413T,Artificial Intelligence and Computing,No-data,circuit
144,Circuit,74.75,IIIT,316,Indian Institute of Information Technology(IIIT) Dharwad,4181,Data Science and Artificial Intelligence,SAFE,circuit
145,Circuit,74.5,IIIT,308,"Indian Institute of Information Technology(IIIT), Vadodara, Gujrat",4114,Electronics and Communication Engineering,SAFE,circuit
146,Circuit,74.5,NIT,201,"Dr. B R Ambedkar National Institute of Technology, Jalandhar",4110,Computer Science and Engineering,Out,circuit
147,Circuit,74.05,IIIT,314,Indian Institute of Information Technology Tiruchirappalli,412F,Computer Science and Engineering ( Artificial Intelligence & Data Science),Reach,circuit
148,Circuit,73.75,NIT,207,National Institute of Technology Delhi,4114,Electronics and Communication Engineering,Out,circuit
149,Circuit,73.75,NIT,231,"National Institute of Technology, Andhra Pradesh",4110,Computer Science and Engineering,Out,circuit
150,Circuit,73.2,IIIT,318,Indian Institute of Information Technology(IIIT) Kottayam,411F,B.Tech in Mathematics and Computing,No-data,circuit
151,Circuit,73.0,NIT,216,National Institute of Technology Raipur,4114,Electronics and Communication Engineering,Reach,circuit
152,Circuit,73.0,NIT,210,National Institute of Technology Hamirpur,4110,Computer Science and Engineering,Out,circuit
153,Circuit,73.0,NIT,210,National Institute of Technology Hamirpur,5216,Computer Science and Engineering,Reach,circuit
154,Circuit,72.5,NIT,201,"Dr. B R Ambedkar National Institute of Technology, Jalandhar",4185,Artificial Intelligence,No-data,circuit
155,Circuit,72.5,NIT,201,"Dr. B R Ambedkar National Institute of Technology, Jalandhar",4187,Data Science and Engineering,Reach,circuit
156,Circuit,72.25,GFTI,402,"Birla Institute of Technology, Mesra, Ranchi",4114,Electronics and Communication Engineering,SAFE,circuit
157,Circuit,72.25,NIT,215,National Institute of Technology Puducherry,4110,Computer Science and Engineering,Out,circuit
158,Circuit,71.75,NIT,207,National Institute of Technology Delhi,4111,Electrical Engineering,Borderline,circuit
159,Circuit,71.7,NIT,201,"Dr. B R Ambedkar National Institute of Technology, Jalandhar",4124,Mathematics and Computing,Reach,circuit
160,Circuit,71.5,IIIT,302,"Indian Institute of Information Technology (IIIT)Kota, Rajasthan",4114,Electronics and Communication Engineering,SAFE,circuit
161,Circuit,71.5,IIIT,317,"Indian Institute of Information Technology Design & Manufacturing Kurnool, Andhra Pradesh",4110,Computer Science and Engineering,Good,circuit
162,Circuit,71.5,IIIT,317,"Indian Institute of Information Technology Design & Manufacturing Kurnool, Andhra Pradesh",5216,Computer Science and Engineering,Good,circuit
163,Circuit,71.0,NIT,216,National Institute of Technology Raipur,4111,Electrical Engineering,Borderline,circuit
164,Circuit,70.75,IIIT,316,Indian Institute of Information Technology(IIIT) Dharwad,4114,Electronics and Communication Engineering,SAFE,circuit
165,Circuit,70.75,IIIT,303,Indian Institute of Information Technology Guwahati,4110,Computer Science and Engineering,SAFE,circuit
166,Circuit,70.5,NIT,201,"Dr. B R Ambedkar National Institute of Technology, Jalandhar",4146,Information Technology,Reach,circuit
167,Circuit,70.45,IIIT,314,Indian Institute of Information Technology Tiruchirappalli,413G,Electronics and Communication Engineering (VLSI Design),Borderline,circuit
168,Circuit,70.25,GFTI,402,"Birla Institute of Technology, Mesra, Ranchi",4144,Electrical and Electronics Engineering,SAFE,circuit
169,Circuit,70.2,NIT,210,National Institute of Technology Hamirpur,4124,Mathematics and Computing,Borderline,circuit
170,Circuit,70.0,IIIT,318,Indian Institute of Information Technology(IIIT) Kottayam,4114,Electronics and Communication Engineering,SAFE,circuit
171,Circuit,70.0,IIIT,326,"Indian institute of information technology, Raichur, Karnataka",4110,Computer Science and Engineering,Good,circuit
172,Circuit,69.7,NIT,201,"Dr. B R Ambedkar National Institute of Technology, Jalandhar",410V,Electronics and VLSI Engineering,Good,circuit
173,Circuit,69.5,IIIT,317,"Indian Institute of Information Technology Design & Manufacturing Kurnool, Andhra Pradesh",4188,Artificial Intelligence and Data Science,Borderline,circuit
174,Circuit,69.5,IIIT,317,"Indian Institute of Information Technology Design & Manufacturing Kurnool, Andhra Pradesh",523U,Artificial Intelligence and Data Science,No-data,circuit
175,Circuit,69.25,IIIT,314,Indian Institute of Information Technology Tiruchirappalli,4114,Electronics and Communication Engineering,SAFE,circuit
176,Circuit,69.25,IIIT,304,"Indian Institute of Information Technology(IIIT) Kalyani, West Bengal",4110,Computer Science and Engineering,SAFE,circuit
177,Circuit,69.25,IIIT,304,"Indian Institute of Information Technology(IIIT) Kalyani, West Bengal",410J,Computer Science and Engineering (Cyber Security),Out,circuit
178,Circuit,68.75,IIIT,303,Indian Institute of Information Technology Guwahati,413V,Electronics Communication and Artificial Intelligence,No-data,circuit
179,Circuit,68.5,NIT,201,"Dr. B R Ambedkar National Institute of Technology, Jalandhar",4114,Electronics and Communication Engineering,Reach,circuit
180,Circuit,68.5,IIIT,319,Indian Institute of Information Technology (IIIT) Ranchi,4110,Computer Science and Engineering,SAFE,circuit
181,Circuit,68.05,IIIT,304,"Indian Institute of Information Technology(IIIT) Kalyani, West Bengal",412F,Computer Science and Engineering ( Artificial Intelligence & Data Science),Out,circuit
182,Circuit,68.0,IIIT,326,"Indian institute of information technology, Raichur, Karnataka",4188,Artificial Intelligence and Data Science,Good,circuit
183,Circuit,67.75,NIT,231,"National Institute of Technology, Andhra Pradesh",4114,Electronics and Communication Engineering,Good,circuit
184,Circuit,67.75,IIIT,323,Indian Institute of Information Technology Bhopal,4110,Computer Science and Engineering,SAFE,circuit
185,Circuit,67.75,IIIT,323,Indian Institute of Information Technology Bhopal,411Y,Computer Science and Engineering (Cyber Physical System),SAFE,circuit
186,Circuit,67.75,IIIT,323,Indian Institute of Information Technology Bhopal,410J,Computer Science and Engineering (Cyber Security),SAFE,circuit
187,Circuit,67.3,IIIT,319,Indian Institute of Information Technology (IIIT) Ranchi,4602,Computer Science and Engineering (with Specialization of Data Science and Artificial Intelligence),SAFE,circuit
188,Circuit,67.2,IIIT,326,"Indian institute of information technology, Raichur, Karnataka",4124,Mathematics and Computing,SAFE,circuit
189,Circuit,67.0,NIT,210,National Institute of Technology Hamirpur,4114,Electronics and Communication Engineering,Good,circuit
190,Circuit,67.0,NIT,210,National Institute of Technology Hamirpur,5234,Electronics and Communication Engineering,Borderline,circuit
191,Circuit,67.0,GFTI,423,"Jawaharlal Nehru University, Delhi",4110,Computer Science and Engineering,Good,circuit
192,Circuit,66.55,IIIT,323,Indian Institute of Information Technology Bhopal,412G,Computer Science and Engineering (Artificial Intelligence),SAFE,circuit
193,Circuit,66.55,IIIT,323,Indian Institute of Information Technology Bhopal,412E,Computer Science and Engineering (Data Science),Good,circuit
194,Circuit,66.5,NIT,201,"Dr. B R Ambedkar National Institute of Technology, Jalandhar",4111,Electrical Engineering,Good,circuit
195,Circuit,66.25,NIT,215,National Institute of Technology Puducherry,4114,Electronics and Communication Engineering,Reach,circuit
196,Circuit,65.75,NIT,231,"National Institute of Technology, Andhra Pradesh",4144,Electrical and Electronics Engineering,Good,circuit
197,Circuit,65.7,IIIT,319,Indian Institute of Information Technology (IIIT) Ranchi,411F,B.Tech in Mathematics and Computing,SAFE,circuit
198,Circuit,65.5,IIIT,317,"Indian Institute of Information Technology Design & Manufacturing Kurnool, Andhra Pradesh",5234,Electronics and Communication Engineering,SAFE,circuit
199,Circuit,65.5,IIIT,317,"Indian Institute of Information Technology Design & Manufacturing Kurnool, Andhra Pradesh",4174,Electronics and Communication Engineering with specialization in Design and Manufacturing,Good,circuit
200,Circuit,65.5,GFTI,420,"International Institute of Information Technology, Naya Raipur",4110,Computer Science and Engineering,SAFE,circuit
201,Circuit,65.0,NIT,210,National Institute of Technology Hamirpur,4111,Electrical Engineering,SAFE,circuit
202,Circuit,64.95,IIIT,323,Indian Institute of Information Technology Bhopal,411F,B.Tech in Mathematics and Computing,SAFE,circuit
203,Circuit,64.75,IIIT,303,Indian Institute of Information Technology Guwahati,4114,Electronics and Communication Engineering,SAFE,circuit
204,Circuit,64.75,GFTI,424,"International Institute of Information Technology, Bhubaneswar",4110,Computer Science and Engineering,Good,circuit
205,Circuit,64.25,NIT,215,National Institute of Technology Puducherry,4144,Electrical and Electronics Engineering,Borderline,circuit
206,Circuit,63.75,IIIT,323,Indian Institute of Information Technology Bhopal,4146,Information Technology,SAFE,circuit
207,Circuit,63.5,GFTI,420,"International Institute of Information Technology, Naya Raipur",4181,Data Science and Artificial Intelligence,Reach,circuit
208,Circuit,63.25,IIIT,304,"Indian Institute of Information Technology(IIIT) Kalyani, West Bengal",4114,Electronics and Communication Engineering,SAFE,circuit
209,Circuit,63.25,GFTI,428,"Central University of Rajasthan, Rajasthan",4110,Computer Science and Engineering,SAFE,circuit
210,Circuit,62.8,GFTI,453,Central University of Karnataka,410W,Computer Science and Engineering (Artificial Intelligence and Machine Learning),No-data,circuit
211,Circuit,62.5,NIT,201,"Dr. B R Ambedkar National Institute of Technology, Jalandhar",4148,Instrumentation and Control Engineering,SAFE,circuit
212,Circuit,62.5,IIIT,319,Indian Institute of Information Technology (IIIT) Ranchi,4114,Electronics and Communication Engineering,SAFE,circuit
213,Circuit,62.5,IIIT,319,Indian Institute of Information Technology (IIIT) Ranchi,4601,Electronics and Communication Engineering (with Specialization of Embedded Systems and Internet of Things),SAFE,circuit
214,Circuit,62.5,NIT,209,National Institute of Technology Goa,4110,Computer Science and Engineering,Out,circuit
215,Circuit,61.75,IIIT,323,Indian Institute of Information Technology Bhopal,4114,Electronics and Communication Engineering,SAFE,circuit
216,Circuit,61.75,NIT,227,"National Institute of Technology, Uttarakhand",4110,Computer Science and Engineering,Out,circuit
217,Circuit,61.2,GFTI,453,Central University of Karnataka,4124,Mathematics and Computing,No-data,circuit
218,Circuit,61.0,GFTI,423,"Jawaharlal Nehru University, Delhi",4114,Electronics and Communication Engineering,SAFE,circuit
219,Circuit,60.75,GFTI,424,"International Institute of Information Technology, Bhubaneswar",4146,Information Technology,Good,circuit
220,Circuit,59.75,NIT,207,National Institute of Technology Delhi,411Z,VLSI Design and Technology,Out,circuit
221,Circuit,59.5,GFTI,420,"International Institute of Information Technology, Naya Raipur",4114,Electronics and Communication Engineering,SAFE,circuit
222,Circuit,58.25,GFTI,405,"Institute of Infrastructure, Technology, Research and Management-Ahmedabad",4111,Electrical Engineering,SAFE,circuit
223,Circuit,58.0,GFTI,453,Central University of Karnataka,4114,Electronics and Communication Engineering,No-data,circuit
224,Circuit,57.55,GFTI,424,"International Institute of Information Technology, Bhubaneswar",4153,Electronics and Telecommunication Engineering,SAFE,circuit
225,Circuit,57.25,GFTI,428,"Central University of Rajasthan, Rajasthan",4114,Electronics and Communication Engineering,SAFE,circuit
226,Circuit,56.75,GFTI,424,"International Institute of Information Technology, Bhubaneswar",4144,Electrical and Electronics Engineering,SAFE,circuit
227,Circuit,56.5,NIT,209,National Institute of Technology Goa,4114,Electronics and Communication Engineering,Reach,circuit
228,Circuit,56.0,GFTI,453,Central University of Karnataka,4111,Electrical Engineering,No-data,circuit
229,Circuit,55.75,NIT,227,"National Institute of Technology, Uttarakhand",4114,Electronics and Communication Engineering,SAFE,circuit
230,Circuit,54.5,NIT,209,National Institute of Technology Goa,4144,Electrical and Electronics Engineering,Good,circuit
231,Circuit,53.75,NIT,227,"National Institute of Technology, Uttarakhand",4144,Electrical and Electronics Engineering,Out,circuit
232,Circuit,47.5,NIT,205,National Institute of Technology Agartala,4110,Computer Science and Engineering,Borderline,circuit
233,Circuit,47.5,NIT,212,National Institute of Technology Meghalaya,4110,Computer Science and Engineering,Out,circuit
234,Circuit,47.5,NIT,213,National Institute of Technology Nagaland,4110,Computer Science and Engineering,Out,circuit
235,Circuit,47.5,NIT,217,National Institute of Technology Sikkim,4110,Computer Science and Engineering,Reach,circuit
236,Circuit,47.5,NIT,218,National Institute of Technology Arunachal Pradesh,4110,Computer Science and Engineering,Reach,circuit
237,Circuit,47.5,NIT,221,"National Institute of Technology, Manipur",4110,Computer Science and Engineering,Good,circuit
238,Circuit,47.5,NIT,221,"National Institute of Technology, Manipur",5216,Computer Science and Engineering,No-data,circuit
239,Circuit,47.5,NIT,222,"National Institute of Technology, Mizoram",4110,Computer Science and Engineering,Good,circuit
240,Circuit,47.5,NIT,225,"National Institute of Technology, Srinagar",4110,Computer Science and Engineering,Good,circuit
241,Circuit,45.5,NIT,217,National Institute of Technology Sikkim,410P,Artificial Intelligence and Machine Learning,No-data,circuit
242,Circuit,44.7,NIT,222,"National Institute of Technology, Mizoram",4124,Mathematics and Computing,Out,circuit
243,Circuit,43.5,NIT,225,"National Institute of Technology, Srinagar",4146,Information Technology,Good,circuit
244,Circuit,41.5,IIIT,305,"Indian Institute of Information Technology(IIIT) Kilohrad, Sonepat, Haryana",4110,Computer Science and Engineering,SAFE,circuit
245,Circuit,41.5,IIIT,306,"Indian Institute of Information Technology(IIIT) Una, Himachal Pradesh",4110,Computer Science and Engineering,SAFE,circuit
246,Circuit,41.5,IIIT,313,INDIAN INSTITUTE OF INFORMATION TECHNOLOGY SENAPATI MANIPUR,4110,Computer Science and Engineering,Out,circuit
247,Circuit,41.5,IIIT,324,Indian Institute of Information Technology Surat,4110,Computer Science and Engineering,Good,circuit
248,Circuit,41.5,IIIT,325,"Indian Institute of Information Technology, Agartala",4110,Computer Science and Engineering,SAFE,circuit
249,Circuit,41.5,IIIT,327,"Indian Institute of Information Technology, Vadodara International Campus Diu (IIITVICD)",4110,Computer Science and Engineering,SAFE,circuit
250,Circuit,41.5,IIIT,306,"Indian Institute of Information Technology(IIIT) Una, Himachal Pradesh",410J,Computer Science and Engineering (Cyber Security),Good,circuit
251,Circuit,41.5,IIIT,324,Indian Institute of Information Technology Surat,410J,Computer Science and Engineering (Cyber Security),Reach,circuit
252,Circuit,41.5,IIIT,327,"Indian Institute of Information Technology, Vadodara International Campus Diu (IIITVICD)",410J,Computer Science and Engineering (Cyber Security),No-data,circuit
253,Circuit,41.5,IIIT,313,INDIAN INSTITUTE OF INFORMATION TECHNOLOGY SENAPATI MANIPUR,4195,Computer Science and Engineering with specialization in Cyber Security,Out,circuit
254,Circuit,41.5,IIIT,313,INDIAN INSTITUTE OF INFORMATION TECHNOLOGY SENAPATI MANIPUR,413H,Computer Science and Engineering with specialization in Quantum Technologies,Out,circuit
255,Circuit,41.5,NIT,205,National Institute of Technology Agartala,4114,Electronics and Communication Engineering,Good,circuit
256,Circuit,41.5,NIT,212,National Institute of Technology Meghalaya,4114,Electronics and Communication Engineering,Good,circuit
257,Circuit,41.5,NIT,213,National Institute of Technology Nagaland,4114,Electronics and Communication Engineering,SAFE,circuit
258,Circuit,41.5,NIT,217,National Institute of Technology Sikkim,4114,Electronics and Communication Engineering,SAFE,circuit
259,Circuit,41.5,NIT,218,National Institute of Technology Arunachal Pradesh,4114,Electronics and Communication Engineering,SAFE,circuit
260,Circuit,41.5,NIT,221,"National Institute of Technology, Manipur",4114,Electronics and Communication Engineering,SAFE,circuit
261,Circuit,41.5,NIT,221,"National Institute of Technology, Manipur",5234,Electronics and Communication Engineering,No-data,circuit
262,Circuit,41.5,NIT,222,"National Institute of Technology, Mizoram",4114,Electronics and Communication Engineering,SAFE,circuit
263,Circuit,41.5,NIT,225,"National Institute of Technology, Srinagar",4114,Electronics and Communication Engineering,SAFE,circuit
264,Circuit,40.3,IIIT,305,"Indian Institute of Information Technology(IIIT) Kilohrad, Sonepat, Haryana",411J,Computer Science & Engineering (Data Science and Analytics),No-data,circuit
265,Circuit,40.3,IIIT,324,Indian Institute of Information Technology Surat,410W,Computer Science and Engineering (Artificial Intelligence and Machine Learning),Borderline,circuit
266,Circuit,40.3,IIIT,305,"Indian Institute of Information Technology(IIIT) Kilohrad, Sonepat, Haryana",412G,Computer Science and Engineering (Artificial Intelligence),No-data,circuit
267,Circuit,40.3,IIIT,306,"Indian Institute of Information Technology(IIIT) Una, Himachal Pradesh",412E,Computer Science and Engineering (Data Science),Out,circuit
268,Circuit,40.3,IIIT,313,INDIAN INSTITUTE OF INFORMATION TECHNOLOGY SENAPATI MANIPUR,410R,Computer Science and Engineering with specialization in Artificial Intelligence and Data Science,Out,circuit
269,Circuit,40.3,NIT,205,National Institute of Technology Agartala,4142,Electronics and Instrumentation Engineering,SAFE,circuit
270,Circuit,40.3,NIT,213,National Institute of Technology Nagaland,4142,Electronics and Instrumentation Engineering,SAFE,circuit
271,Circuit,40.0,GFTI,412,"School of Engineering, Tezpur University, Napaam, Tezpur",5418,B.Tech. (Computer Science and Engineering) - MBA,Out,circuit
272,Circuit,40.0,GFTI,401,"Assam University, Silchar",4110,Computer Science and Engineering,Good,circuit
273,Circuit,40.0,GFTI,403,"Gurukula Kangri Vishwavidyalaya, Haridwar",4110,Computer Science and Engineering,SAFE,circuit
274,Circuit,40.0,GFTI,406,"School of Studies of Engineering and Technology, Guru Ghasidas Vishwavidyalaya, Bilaspur",4110,Computer Science and Engineering,SAFE,circuit
275,Circuit,40.0,GFTI,408,"National Institute of Electronics and Information Technology, Aurangabad (Maharashtra)",4110,Computer Science and Engineering,SAFE,circuit
276,Circuit,40.0,GFTI,409,"National Institute of Advanced Manufacturing Technology, Ranchi",4110,Computer Science and Engineering,No-data,circuit
277,Circuit,40.0,GFTI,410,Sant Longowal Institute of Engineering and Technology,4110,Computer Science and Engineering,SAFE,circuit
278,Circuit,40.0,GFTI,410,Sant Longowal Institute of Engineering and Technology,5216,Computer Science and Engineering,SAFE,circuit
279,Circuit,40.0,GFTI,412,"School of Engineering, Tezpur University, Napaam, Tezpur",4110,Computer Science and Engineering,Out,circuit
280,Circuit,40.0,GFTI,416,"Shri Mata Vaishno Devi University, Katra, Jammu & Kashmir",4110,Computer Science and Engineering,SAFE,circuit
281,Circuit,40.0,GFTI,425,"Central institute of Technology Kokrajar, Assam",4110,Computer Science and Engineering,SAFE,circuit
282,Circuit,40.0,GFTI,426,"Puducherry Technological University, Puducherry",4110,Computer Science and Engineering,SAFE,circuit
283,Circuit,40.0,GFTI,432,"North Eastern Regional Institute of Science and Technology, Nirjuli-791109 (Itanagar),Arunachal Pradesh",4110,Computer Science and Engineering,Out,circuit
284,Circuit,40.0,GFTI,434,"Chhattisgarh Swami Vivekanada Technical University, Bhilai (CSVTU Bhilai)",4110,Computer Science and Engineering,No-data,circuit
285,Circuit,40.0,GFTI,437,Central University of Jammu,4110,Computer Science and Engineering,SAFE,circuit
286,Circuit,40.0,GFTI,438,"Institute of Engineering and Technology, Dr. H. S. Gour University. Sagar (A Central University)",4110,Computer Science and Engineering,SAFE,circuit
287,Circuit,40.0,GFTI,439,Central University of Haryana,4110,Computer Science and Engineering,SAFE,circuit
288,Circuit,40.0,GFTI,440,"Birla Institute of Technology, Deoghar Off-Campus",4110,Computer Science and Engineering,SAFE,circuit
289,Circuit,40.0,GFTI,444,CU Jharkhand,4110,Computer Science and Engineering,Out,circuit
290,Circuit,40.0,GFTI,451,Shri G. S. Institute of Technology and Science Indore,4110,Computer Science and Engineering,Out,circuit
291,Circuit,40.0,GFTI,460,"Central University of Punjab, Bathinda",4110,Computer Science and Engineering,No-data,circuit
292,Circuit,40.0,GFTI,447,"National Institute of Electronics and Information Technology, Ajmer (Rajasthan)",413K,"Computer Science and Engineering (Internet of Things, Cyber Security including Block Chain Technology )",SAFE,circuit
293,Circuit,40.0,GFTI,448,"National Institute of Electronics and Information Technology, Gorakhpur (UP)",413L,Computer Science and Engineering with minor in AI and ML,SAFE,circuit
294,Circuit,40.0,GFTI,437,Central University of Jammu,4195,Computer Science and Engineering with specialization in Cyber Security,SAFE,circuit
295,Circuit,39.5,IIIT,327,"Indian Institute of Information Technology, Vadodara International Campus Diu (IIITVICD)",4185,Artificial Intelligence,SAFE,circuit
296,Circuit,39.5,NIT,205,National Institute of Technology Agartala,4111,Electrical Engineering,SAFE,circuit
297,Circuit,39.5,NIT,218,National Institute of Technology Arunachal Pradesh,4111,Electrical Engineering,SAFE,circuit
298,Circuit,39.5,NIT,221,"National Institute of Technology, Manipur",4111,Electrical Engineering,SAFE,circuit
299,Circuit,39.5,NIT,221,"National Institute of Technology, Manipur",5217,Electrical Engineering,No-data,circuit
300,Circuit,39.5,NIT,222,"National Institute of Technology, Mizoram",4111,Electrical Engineering,SAFE,circuit
301,Circuit,39.5,NIT,225,"National Institute of Technology, Srinagar",4111,Electrical Engineering,SAFE,circuit
302,Circuit,39.5,NIT,212,National Institute of Technology Meghalaya,4144,Electrical and Electronics Engineering,SAFE,circuit
303,Circuit,39.5,NIT,213,National Institute of Technology Nagaland,4144,Electrical and Electronics Engineering,SAFE,circuit
304,Circuit,39.5,NIT,217,National Institute of Technology Sikkim,4144,Electrical and Electronics Engineering,SAFE,circuit
305,Circuit,38.8,GFTI,434,"Chhattisgarh Swami Vivekanada Technical University, Bhilai (CSVTU Bhilai)",4603,Computer Science Engineering (Artificial Intelligence),SAFE,circuit
306,Circuit,38.8,GFTI,427,"Ghani Khan Choudhary Institute of Engineering and Technology, Malda, West Bengal",410E,Computer Science Engineering (Artificial lntelligence and Machine Learning),No-data,circuit
307,Circuit,38.8,GFTI,434,"Chhattisgarh Swami Vivekanada Technical University, Bhilai (CSVTU Bhilai)",4604,Computer Science Engineering (Data Science),SAFE,circuit
308,Circuit,38.8,GFTI,440,"Birla Institute of Technology, Deoghar Off-Campus",410W,Computer Science and Engineering (Artificial Intelligence and Machine Learning),No-data,circuit
309,Circuit,38.8,GFTI,455,"National Institute of Electronics and Information Technology, Aizawl",410W,Computer Science and Engineering (Artificial Intelligence and Machine Learning),No-data,circuit
310,Circuit,38.8,GFTI,407,"J.K. Institute of Applied Physics & Technology, Department of Electronics & Communication, University of Allahabad- Allahabad",4196,Computer Science and Engineering with Major in Artificial Intelligence,SAFE,circuit
311,Circuit,38.7,IIIT,324,Indian Institute of Information Technology Surat,411F,B.Tech in Mathematics and Computing,No-data,circuit
312,Circuit,38.0,GFTI,449,"Rajiv Gandhi National Aviation University, Fursatganj, Amethi (UP)",413R,Artificial Intelligence & Data Science - Aviation Systems,No-data,circuit
313,Circuit,38.0,GFTI,406,"School of Studies of Engineering and Technology, Guru Ghasidas Vishwavidyalaya, Bilaspur",4188,Artificial Intelligence and Data Science,SAFE,circuit
314,Circuit,38.0,GFTI,410,Sant Longowal Institute of Engineering and Technology,4188,Artificial Intelligence and Data Science,SAFE,circuit
315,Circuit,38.0,GFTI,426,"Puducherry Technological University, Puducherry",4188,Artificial Intelligence and Data Science,No-data,circuit
316,Circuit,38.0,GFTI,452,National Institute of Technical Teachers Training and Research Bhopal,410P,Artificial Intelligence and Machine Learning,No-data,circuit
317,Circuit,38.0,GFTI,460,"Central University of Punjab, Bathinda",523V,Artificial Intelligence and Machine Learning,No-data,circuit
318,Circuit,38.0,GFTI,443,"Gati Shakti Vishwavidyalaya, Vadodara",411V,B.Tech in Artificial Intelligenece and Data Science (Transportation and Logistics),Out,circuit
319,Circuit,37.5,IIIT,305,"Indian Institute of Information Technology(IIIT) Kilohrad, Sonepat, Haryana",4146,Information Technology,SAFE,circuit
320,Circuit,37.2,GFTI,416,"Shri Mata Vaishno Devi University, Katra, Jammu & Kashmir",411F,B.Tech in Mathematics and Computing,SAFE,circuit
321,Circuit,37.2,GFTI,437,Central University of Jammu,4124,Mathematics and Computing,Out,circuit
322,Circuit,37.2,GFTI,440,"Birla Institute of Technology, Deoghar Off-Campus",5506,Mathematics and Computing,No-data,circuit
323,Circuit,36.7,IIIT,313,INDIAN INSTITUTE OF INFORMATION TECHNOLOGY SENAPATI MANIPUR,410M,Electronics and Communication Engineering with specialization in VLSI and Embedded Systems,Out,circuit
324,Circuit,36.0,GFTI,406,"School of Studies of Engineering and Technology, Guru Ghasidas Vishwavidyalaya, Bilaspur",4146,Information Technology,SAFE,circuit
325,Circuit,36.0,GFTI,411,"Mizoram University, Aizawl",4146,Information Technology,SAFE,circuit
326,Circuit,36.0,GFTI,426,"Puducherry Technological University, Puducherry",4146,Information Technology,SAFE,circuit
327,Circuit,36.0,GFTI,436,"North-Eastern Hill University, Shillong",4146,Information Technology,SAFE,circuit
328,Circuit,36.0,GFTI,451,Shri G. S. Institute of Technology and Science Indore,4146,Information Technology,Out,circuit
329,Circuit,35.5,IIIT,306,"Indian Institute of Information Technology(IIIT) Una, Himachal Pradesh",4114,Electronics and Communication Engineering,SAFE,circuit
330,Circuit,35.5,IIIT,313,INDIAN INSTITUTE OF INFORMATION TECHNOLOGY SENAPATI MANIPUR,4114,Electronics and Communication Engineering,Out,circuit
331,Circuit,35.5,IIIT,324,Indian Institute of Information Technology Surat,4114,Electronics and Communication Engineering,SAFE,circuit
332,Circuit,35.5,IIIT,327,"Indian Institute of Information Technology, Vadodara International Campus Diu (IIITVICD)",4114,Electronics and Communication Engineering,SAFE,circuit
333,Circuit,35.2,GFTI,445,"National Institute of Electronics and Information Technology, Ropar (Punjab)",410Z,Electronics and Communication Engineering (VLSI Design and Technology),No-data,circuit
334,Circuit,34.0,GFTI,448,"National Institute of Electronics and Information Technology, Gorakhpur (UP)",413M,B. Tech in Electronics and Communication Engineering with minor in Wearable Electronics,SAFE,circuit
335,Circuit,34.0,GFTI,412,"School of Engineering, Tezpur University, Napaam, Tezpur",5420,B.Tech. (Electronics and Communication Engineering) - MBA,Out,circuit
336,Circuit,34.0,GFTI,401,"Assam University, Silchar",4114,Electronics and Communication Engineering,SAFE,circuit
337,Circuit,34.0,GFTI,403,"Gurukula Kangri Vishwavidyalaya, Haridwar",4114,Electronics and Communication Engineering,SAFE,circuit
338,Circuit,34.0,GFTI,406,"School of Studies of Engineering and Technology, Guru Ghasidas Vishwavidyalaya, Bilaspur",4114,Electronics and Communication Engineering,SAFE,circuit
339,Circuit,34.0,GFTI,407,"J.K. Institute of Applied Physics & Technology, Department of Electronics & Communication, University of Allahabad- Allahabad",4114,Electronics and Communication Engineering,SAFE,circuit
340,Circuit,34.0,GFTI,410,Sant Longowal Institute of Engineering and Technology,4114,Electronics and Communication Engineering,SAFE,circuit
341,Circuit,34.0,GFTI,411,"Mizoram University, Aizawl",4114,Electronics and Communication Engineering,SAFE,circuit
342,Circuit,34.0,GFTI,412,"School of Engineering, Tezpur University, Napaam, Tezpur",4114,Electronics and Communication Engineering,Out,circuit
343,Circuit,34.0,GFTI,416,"Shri Mata Vaishno Devi University, Katra, Jammu & Kashmir",4114,Electronics and Communication Engineering,Out,circuit
344,Circuit,34.0,GFTI,425,"Central institute of Technology Kokrajar, Assam",4114,Electronics and Communication Engineering,Out,circuit
345,Circuit,34.0,GFTI,426,"Puducherry Technological University, Puducherry",4114,Electronics and Communication Engineering,SAFE,circuit
346,Circuit,34.0,GFTI,432,"North Eastern Regional Institute of Science and Technology, Nirjuli-791109 (Itanagar),Arunachal Pradesh",4114,Electronics and Communication Engineering,Out,circuit
347,Circuit,34.0,GFTI,436,"North-Eastern Hill University, Shillong",4114,Electronics and Communication Engineering,SAFE,circuit
348,Circuit,34.0,GFTI,437,Central University of Jammu,4114,Electronics and Communication Engineering,SAFE,circuit
349,Circuit,34.0,GFTI,438,"Institute of Engineering and Technology, Dr. H. S. Gour University. Sagar (A Central University)",4114,Electronics and Communication Engineering,Out,circuit
350,Circuit,34.0,GFTI,440,"Birla Institute of Technology, Deoghar Off-Campus",4114,Electronics and Communication Engineering,SAFE,circuit
351,Circuit,34.0,GFTI,452,National Institute of Technical Teachers Training and Research Bhopal,4114,Electronics and Communication Engineering,No-data,circuit
352,Circuit,34.0,GFTI,437,Central University of Jammu,410I,Electronics and Communication Engineering (Avionics),Out,circuit
353,Circuit,34.0,GFTI,449,"Rajiv Gandhi National Aviation University, Fursatganj, Amethi (UP)",410I,Electronics and Communication Engineering (Avionics),SAFE,circuit
354,Circuit,32.8,GFTI,443,"Gati Shakti Vishwavidyalaya, Vadodara",411R,B.Tech in Electronics & Communication Engineering (Rail Engineering),Out,circuit
355,Circuit,32.8,GFTI,426,"Puducherry Technological University, Puducherry",4142,Electronics and Instrumentation Engineering,SAFE,circuit
356,Circuit,32.8,GFTI,451,Shri G. S. Institute of Technology and Science Indore,4142,Electronics and Instrumentation Engineering,Out,circuit
357,Circuit,32.8,GFTI,451,Shri G. S. Institute of Technology and Science Indore,4153,Electronics and Telecommunication Engineering,Out,circuit
358,Circuit,32.0,GFTI,443,"Gati Shakti Vishwavidyalaya, Vadodara",411S,B.Tech in Electrical Engineering ( Rail  Engineering),Out,circuit
359,Circuit,32.0,GFTI,403,"Gurukula Kangri Vishwavidyalaya, Haridwar",4111,Electrical Engineering,SAFE,circuit
360,Circuit,32.0,GFTI,406,"School of Studies of Engineering and Technology, Guru Ghasidas Vishwavidyalaya, Bilaspur",4111,Electrical Engineering,SAFE,circuit
361,Circuit,32.0,GFTI,410,Sant Longowal Institute of Engineering and Technology,4111,Electrical Engineering,SAFE,circuit
362,Circuit,32.0,GFTI,410,Sant Longowal Institute of Engineering and Technology,5217,Electrical Engineering,Out,circuit
363,Circuit,32.0,GFTI,411,"Mizoram University, Aizawl",4111,Electrical Engineering,SAFE,circuit
364,Circuit,32.0,GFTI,412,"School of Engineering, Tezpur University, Napaam, Tezpur",4111,Electrical Engineering,SAFE,circuit
365,Circuit,32.0,GFTI,416,"Shri Mata Vaishno Devi University, Katra, Jammu & Kashmir",4111,Electrical Engineering,SAFE,circuit
366,Circuit,32.0,GFTI,427,"Ghani Khan Choudhary Institute of Engineering and Technology, Malda, West Bengal",4111,Electrical Engineering,No-data,circuit
367,Circuit,32.0,GFTI,432,"North Eastern Regional Institute of Science and Technology, Nirjuli-791109 (Itanagar),Arunachal Pradesh",4111,Electrical Engineering,Out,circuit
368,Circuit,32.0,GFTI,439,Central University of Haryana,4111,Electrical Engineering,SAFE,circuit
369,Circuit,32.0,GFTI,444,CU Jharkhand,4111,Electrical Engineering,Out,circuit
370,Circuit,32.0,GFTI,450,Islamic University of Science and Technology Kashmir,4111,Electrical Engineering,No-data,circuit
371,Circuit,32.0,GFTI,451,Shri G. S. Institute of Technology and Science Indore,4111,Electrical Engineering,Out,circuit
372,Circuit,32.0,GFTI,452,National Institute of Technical Teachers Training and Research Bhopal,4111,Electrical Engineering,No-data,circuit
373,Circuit,32.0,GFTI,426,"Puducherry Technological University, Puducherry",4144,Electrical and Electronics Engineering,Out,circuit
374,Circuit,32.0,GFTI,440,"Birla Institute of Technology, Deoghar Off-Campus",4144,Electrical and Electronics Engineering,SAFE,circuit
375,Circuit,28.0,GFTI,425,"Central institute of Technology Kokrajar, Assam",4121,Instrumentation Engineering,Out,circuit
376,Circuit,28.0,GFTI,410,Sant Longowal Institute of Engineering and Technology,4148,Instrumentation and Control Engineering,Out,circuit
377,Core,86.45,NIT,228,"National Institute of Technology, Warangal",4125,Mechanical Engineering,Borderline,core/backup
378,Core,85.7,NIT,226,"National Institute of Technology, Tiruchirappalli",4125,Mechanical Engineering,Out,core/backup
379,Core,84.95,NIT,211,"National Institute of Technology Karnataka, Surathkal",4125,Mechanical Engineering,Out,core/backup
380,Core,84.2,NIT,223,"National Institute of Technology, Rourkela",4125,Mechanical Engineering,Borderline,core/backup
381,Core,84.1,NIT,226,"National Institute of Technology, Tiruchirappalli",4145,Production Engineering,Good,core/backup
382,Core,83.45,NIT,206,National Institute of Technology Calicut,4125,Mechanical Engineering,Borderline,core/backup
383,Core,83.25,NIT,228,"National Institute of Technology, Warangal",4107,Chemical Engineering,Reach,core/backup
384,Core,83.25,NIT,228,"National Institute of Technology, Warangal",5210,Chemical Engineering,Out,core/backup
385,Core,82.7,NIT,230,"Visvesvaraya National Institute of Technology, Nagpur",4125,Mechanical Engineering,Good,core/backup
386,Core,82.6,NIT,223,"National Institute of Technology, Rourkela",5258,Ceramic Engineering and M.Tech Industrial Ceramic,Out,core/backup
387,Core,82.6,NIT,223,"National Institute of Technology, Rourkela",4155,Industrial Design,Out,core/backup
388,Core,82.5,NIT,226,"National Institute of Technology, Tiruchirappalli",4107,Chemical Engineering,Out,core/backup
389,Core,81.95,NIT,202,Malaviya National Institute of Technology Jaipur,4125,Mechanical Engineering,Borderline,core/backup
390,Core,81.85,NIT,206,National Institute of Technology Calicut,4145,Production Engineering,SAFE,core/backup
391,Core,81.75,NIT,211,"National Institute of Technology Karnataka, Surathkal",4107,Chemical Engineering,Good,core/backup
392,Core,81.25,NIT,228,"National Institute of Technology, Warangal",4109,Civil Engineering,Out,core/backup
393,Core,81.2,NIT,204,Motilal Nehru National Institute of Technology Allahabad,4125,Mechanical Engineering,Borderline,core/backup
394,Core,81.0,NIT,223,"National Institute of Technology, Rourkela",4107,Chemical Engineering,Reach,core/backup
395,Core,81.0,NIT,223,"National Institute of Technology, Rourkela",5210,Chemical Engineering,No-data,core/backup
396,Core,80.5,NIT,226,"National Institute of Technology, Tiruchirappalli",4109,Civil Engineering,Out,core/backup
397,Core,80.45,NIT,229,"Sardar Vallabhbhai National Institute of Technology, Surat",4125,Mechanical Engineering,SAFE,core/backup
398,Core,80.25,NIT,206,National Institute of Technology Calicut,4107,Chemical Engineering,Good,core/backup
399,Core,79.75,NIT,211,"National Institute of Technology Karnataka, Surathkal",4109,Civil Engineering,Reach,core/backup
400,Core,79.7,NIT,232,"Indian Institute of Engineering Science and Technology, Shibpur",4125,Mechanical Engineering,SAFE,core/backup
401,Core,79.5,NIT,230,"Visvesvaraya National Institute of Technology, Nagpur",4107,Chemical Engineering,SAFE,core/backup
402,Core,79.5,NIT,230,"Visvesvaraya National Institute of Technology, Nagpur",413Y,Chemical Technology (Bioprocess Technology),No-data,core/backup
403,Core,79.25,NIT,228,"National Institute of Technology, Warangal",4127,Metallurgical and Materials Engineering,Borderline,core/backup
404,Core,79.25,NIT,228,"National Institute of Technology, Warangal",5243,Metallurgical and Materials Engineering,Out,core/backup
405,Core,79.0,NIT,223,"National Institute of Technology, Rourkela",4109,Civil Engineering,Borderline,core/backup
406,Core,78.95,NIT,208,National Institute of Technology Durgapur,4125,Mechanical Engineering,SAFE,core/backup
407,Core,78.85,NIT,229,"Sardar Vallabhbhai National Institute of Technology, Surat",410B,Industrial Chemistry,SAFE,core/backup
408,Core,78.75,NIT,202,Malaviya National Institute of Technology Jaipur,4107,Chemical Engineering,SAFE,core/backup
409,Core,78.5,NIT,226,"National Institute of Technology, Tiruchirappalli",5101,Architecture,Out,core/backup
410,Core,78.5,NIT,226,"National Institute of Technology, Tiruchirappalli",4127,Metallurgical and Materials Engineering,Reach,core/backup
411,Core,78.25,NIT,206,National Institute of Technology Calicut,4109,Civil Engineering,Borderline,core/backup
412,Core,78.2,NIT,203,Maulana Azad National Institute of Technology Bhopal,4125,Mechanical Engineering,SAFE,core/backup
413,Core,78.0,NIT,204,Motilal Nehru National Institute of Technology Allahabad,4107,Chemical Engineering,Good,core/backup
414,Core,77.75,NIT,211,"National Institute of Technology Karnataka, Surathkal",4127,Metallurgical and Materials Engineering,Good,core/backup
415,Core,77.5,NIT,230,"Visvesvaraya National Institute of Technology, Nagpur",4109,Civil Engineering,SAFE,core/backup
416,Core,77.45,NIT,220,"National Institute of Technology, Kurukshetra",4125,Mechanical Engineering,SAFE,core/backup
417,Core,77.45,NIT,220,"National Institute of Technology, Kurukshetra",5233,Mechanical Engineering,SAFE,core/backup
418,Core,77.25,NIT,229,"Sardar Vallabhbhai National Institute of Technology, Surat",4107,Chemical Engineering,SAFE,core/backup
419,Core,77.0,NIT,223,"National Institute of Technology, Rourkela",5101,Architecture,Out,core/backup
420,Core,77.0,NIT,223,"National Institute of Technology, Rourkela",4106,Ceramic Engineering,SAFE,core/backup
421,Core,77.0,NIT,223,"National Institute of Technology, Rourkela",4169,Food Process Engineering,Out,core/backup
422,Core,77.0,NIT,223,"National Institute of Technology, Rourkela",5509,Life Science,Out,core/backup
423,Core,77.0,NIT,223,"National Institute of Technology, Rourkela",4127,Metallurgical and Materials Engineering,Good,core/backup
424,Core,77.0,NIT,223,"National Institute of Technology, Rourkela",5243,Metallurgical and Materials Engineering,Out,core/backup
425,Core,76.75,NIT,202,Malaviya National Institute of Technology Jaipur,4109,Civil Engineering,Reach,core/backup
426,Core,76.7,NIT,219,"National Institute of Technology, Jamshedpur",4125,Mechanical Engineering,SAFE,core/backup
427,Core,76.25,NIT,206,National Institute of Technology Calicut,5101,Architecture,Out,core/backup
428,Core,76.25,NIT,206,National Institute of Technology Calicut,4198,Energy Engineering,Good,core/backup
429,Core,76.25,NIT,206,National Institute of Technology Calicut,4123,Materials Science and Engineering,Good,core/backup
430,Core,76.0,NIT,204,Motilal Nehru National Institute of Technology Allahabad,4109,Civil Engineering,Reach,core/backup
431,Core,75.95,NIT,224,"National Institute of Technology, Silchar",4125,Mechanical Engineering,SAFE,core/backup
432,Core,75.85,NIT,220,"National Institute of Technology, Kurukshetra",411C,Industrial Internet of Things,Good,core/backup
433,Core,75.85,NIT,220,"National Institute of Technology, Kurukshetra",4136,Production and Industrial Engineering,SAFE,core/backup
434,Core,75.75,NIT,211,"National Institute of Technology Karnataka, Surathkal",4130,Mining Engineering,Out,core/backup
435,Core,75.75,NIT,208,National Institute of Technology Durgapur,4107,Chemical Engineering,SAFE,core/backup
436,Core,75.75,NIT,208,National Institute of Technology Durgapur,5257,Chemical Engineering,Out,core/backup
437,Core,75.5,NIT,230,"Visvesvaraya National Institute of Technology, Nagpur",5101,Architecture,Out,core/backup
438,Core,75.5,NIT,230,"Visvesvaraya National Institute of Technology, Nagpur",4127,Metallurgical and Materials Engineering,SAFE,core/backup
439,Core,75.25,NIT,228,"National Institute of Technology, Warangal",4104,Bio Technology,Reach,core/backup
440,Core,75.25,NIT,229,"Sardar Vallabhbhai National Institute of Technology, Surat",4109,Civil Engineering,Good,core/backup
441,Core,75.1,NIT,219,"National Institute of Technology, Jamshedpur",4136,Production and Industrial Engineering,SAFE,core/backup
442,Core,75.0,NIT,223,"National Institute of Technology, Rourkela",4130,Mining Engineering,Out,core/backup
443,Core,75.0,NIT,223,"National Institute of Technology, Rourkela",5247,Mining Engineering,Out,core/backup
444,Core,75.0,NIT,203,Maulana Azad National Institute of Technology Bhopal,4107,Chemical Engineering,SAFE,core/backup
445,Core,74.75,NIT,202,Malaviya National Institute of Technology Jaipur,5101,Architecture,Out,core/backup
446,Core,74.75,NIT,202,Malaviya National Institute of Technology Jaipur,4127,Metallurgical and Materials Engineering,Good,core/backup
447,Core,74.5,NIT,232,"Indian Institute of Engineering Science and Technology, Shibpur",4109,Civil Engineering,SAFE,core/backup
448,Core,74.0,NIT,204,Motilal Nehru National Institute of Technology Allahabad,4192,Engineering and Computational Mechanics,Out,core/backup
449,Core,74.0,NIT,204,Motilal Nehru National Institute of Technology Allahabad,412H,Materials Engineering,No-data,core/backup
450,Core,73.75,NIT,208,National Institute of Technology Durgapur,4109,Civil Engineering,SAFE,core/backup
451,Core,73.7,IIIT,311,"Pt. Dwarka Prasad Mishra Indian Institute of Information Technology, Design & Manufacture Jabalpur",4125,Mechanical Engineering,SAFE,core/backup
452,Core,73.5,NIT,230,"Visvesvaraya National Institute of Technology, Nagpur",4130,Mining Engineering,Out,core/backup
453,Core,73.25,NIT,228,"National Institute of Technology, Warangal",5503,Chemistry,Good,core/backup
454,Core,73.25,NIT,228,"National Institute of Technology, Warangal",5508,Mathematics,Good,core/backup
455,Core,73.25,NIT,228,"National Institute of Technology, Warangal",5507,Physics,Out,core/backup
456,Core,73.0,NIT,223,"National Institute of Technology, Rourkela",4152,Bio Medical Engineering,Out,core/backup
457,Core,73.0,NIT,223,"National Institute of Technology, Rourkela",4104,Bio Technology,Good,core/backup
458,Core,73.0,NIT,203,Maulana Azad National Institute of Technology Bhopal,4109,Civil Engineering,Good,core/backup
459,Core,72.5,NIT,232,"Indian Institute of Engineering Science and Technology, Shibpur",4101,Aerospace Engineering,Good,core/backup
460,Core,72.5,NIT,232,"Indian Institute of Engineering Science and Technology, Shibpur",5501,Applied Geology,No-data,core/backup
461,Core,72.5,NIT,232,"Indian Institute of Engineering Science and Technology, Shibpur",5101,Architecture,Out,core/backup
462,Core,72.5,NIT,232,"Indian Institute of Engineering Science and Technology, Shibpur",4156,Metallurgy and Materials Engineering,SAFE,core/backup
463,Core,72.25,NIT,206,National Institute of Technology Calicut,4104,Bio Technology,Reach,core/backup
464,Core,72.25,NIT,220,"National Institute of Technology, Kurukshetra",4109,Civil Engineering,SAFE,core/backup
465,Core,72.25,NIT,220,"National Institute of Technology, Kurukshetra",5213,Civil Engineering,Out,core/backup
466,Core,72.2,IIIT,310,"Indian Institute of Information Technology, Design & Manufacturing, Kancheepuram",5A11,B.Tech in Mechanical Engineering and M.Tech in AI and Robotics,SAFE,core/backup
467,Core,72.2,IIIT,310,"Indian Institute of Information Technology, Design & Manufacturing, Kancheepuram",4125,Mechanical Engineering,Good,core/backup
468,Core,71.75,NIT,208,National Institute of Technology Durgapur,4127,Metallurgical and Materials Engineering,SAFE,core/backup
469,Core,71.5,NIT,219,"National Institute of Technology, Jamshedpur",4109,Civil Engineering,Reach,core/backup
470,Core,71.45,GFTI,422,"Punjab Engineering College, Chandigarh",4125,Mechanical Engineering,No-data,core/backup
471,Core,71.0,NIT,223,"National Institute of Technology, Rourkela",5503,Chemistry,Out,core/backup
472,Core,71.0,NIT,223,"National Institute of Technology, Rourkela",4117,Engineering Physics,No-data,core/backup
473,Core,71.0,NIT,203,Maulana Azad National Institute of Technology Bhopal,5101,Architecture,Out,core/backup
474,Core,71.0,NIT,203,Maulana Azad National Institute of Technology Bhopal,4180,Materials and Metallurgical Engineering,No-data,core/backup
475,Core,71.0,NIT,203,Maulana Azad National Institute of Technology Bhopal,4501,Planning,Out,core/backup
476,Core,70.75,NIT,224,"National Institute of Technology, Silchar",4109,Civil Engineering,SAFE,core/backup
477,Core,70.5,NIT,232,"Indian Institute of Engineering Science and Technology, Shibpur",4130,Mining Engineering,Out,core/backup
478,Core,70.25,NIT,206,National Institute of Technology Calicut,5A09,B. Tech. (Mathematics & Computing) M. Tech. in (Mathematics & Computing),No-data,core/backup
479,Core,70.25,NIT,206,National Institute of Technology Calicut,4117,Engineering Physics,Good,core/backup
480,Core,70.25,NIT,220,"National Institute of Technology, Kurukshetra",5101,Architecture,Out,core/backup
481,Core,70.25,NIT,220,"National Institute of Technology, Kurukshetra",412A,ROBOTICS & AUTOMATION,Reach,core/backup
482,Core,70.25,NIT,220,"National Institute of Technology, Kurukshetra",412D,SUSTAINABLE ENERGY TECHNOLOGIES,Out,core/backup
483,Core,70.0,NIT,204,Motilal Nehru National Institute of Technology Allahabad,4104,Bio Technology,SAFE,core/backup
484,Core,69.85,GFTI,422,"Punjab Engineering College, Chandigarh",4136,Production and Industrial Engineering,No-data,core/backup
485,Core,69.5,NIT,230,"Visvesvaraya National Institute of Technology, Nagpur",4117,Engineering Physics,No-data,core/backup
486,Core,69.5,NIT,219,"National Institute of Technology, Jamshedpur",4192,Engineering and Computational Mechanics,Out,core/backup
487,Core,69.5,NIT,219,"National Institute of Technology, Jamshedpur",4127,Metallurgical and Materials Engineering,Out,core/backup
488,Core,68.75,NIT,202,Malaviya National Institute of Technology Jaipur,4117,Engineering Physics,No-data,core/backup
489,Core,68.0,GFTI,421,University of Hyderabad,5313,Materials Engineering,SAFE,core/backup
490,Core,67.75,NIT,208,National Institute of Technology Durgapur,4104,Bio Technology,SAFE,core/backup
491,Core,67.75,NIT,208,National Institute of Technology Durgapur,5296,Biotechnology,Out,core/backup
492,Core,67.25,NIT,229,"Sardar Vallabhbhai National Institute of Technology, Surat",5H3C,Chemistry,No-data,core/backup
493,Core,67.25,NIT,229,"Sardar Vallabhbhai National Institute of Technology, Surat",4117,Engineering Physics,SAFE,core/backup
494,Core,67.25,NIT,229,"Sardar Vallabhbhai National Institute of Technology, Surat",5H3E,Mathematics,No-data,core/backup
495,Core,67.25,NIT,229,"Sardar Vallabhbhai National Institute of Technology, Surat",5H3D,Physics,No-data,core/backup
496,Core,66.5,NIT,232,"Indian Institute of Engineering Science and Technology, Shibpur",5503,Chemistry,No-data,core/backup
497,Core,66.5,NIT,232,"Indian Institute of Engineering Science and Technology, Shibpur",5507,Physics,No-data,core/backup
498,Core,66.5,IIIT,311,"Pt. Dwarka Prasad Mishra Indian Institute of Information Technology, Design & Manufacture Jabalpur",4176,Smart Manufacturing,SAFE,core/backup
499,Core,66.25,GFTI,422,"Punjab Engineering College, Chandigarh",4109,Civil Engineering,No-data,core/backup
500,Core,65.75,NIT,208,National Institute of Technology Durgapur,5503,Chemistry,Out,core/backup
501,Core,65.0,NIT,203,Maulana Azad National Institute of Technology Bhopal,522S,B. Tech. and M. Tech. in Engineering and Computational Mechanics (Dual Degree),Out,core/backup
502,Core,65.0,IIIT,310,"Indian Institute of Information Technology, Design & Manufacturing, Kancheepuram",413C,Design Engineering,SAFE,core/backup
503,Core,65.0,IIIT,310,"Indian Institute of Information Technology, Design & Manufacturing, Kancheepuram",4176,Smart Manufacturing,SAFE,core/backup
504,Core,64.25,GFTI,422,"Punjab Engineering College, Chandigarh",4101,Aerospace Engineering,No-data,core/backup
505,Core,64.25,GFTI,422,"Punjab Engineering College, Chandigarh",4127,Metallurgical and Materials Engineering,No-data,core/backup
506,Core,59.75,IIIT,301,Atal Bihari Vajpayee Indian Institute of Information Technology & Management Gwalior,5B01,Integrated B. Tech.(IT) and M. Tech (IT),Reach,core/backup
507,Core,59.75,IIIT,301,Atal Bihari Vajpayee Indian Institute of Information Technology & Management Gwalior,5C01,Integrated B. Tech.(IT) and MBA,Good,core/backup
508,Core,59.75,IIIT,301,Atal Bihari Vajpayee Indian Institute of Information Technology & Management Gwalior,411M,Mathematics and Scientific Computing,Good,core/backup
509,Core,59.0,IIIT,310,"Indian Institute of Information Technology, Design & Manufacturing, Kancheepuram",4117,Engineering Physics,Out,core/backup
510,Circuit,47.5,NIT,214,National Institute of Technology Patna,4110,Computer Science and Engineering,Out,Bihar-last
511,Circuit,47.5,NIT,214,National Institute of Technology Patna,520I,Computer Science and Engineering with Specialization in Cyber Security,Borderline,Bihar-last
512,Circuit,46.3,NIT,214,National Institute of Technology Patna,520H,Computer Science and Engineering with Specialization in Data Science,Out,Bihar-last
513,Circuit,45.5,NIT,214,National Institute of Technology Patna,4188,Artificial Intelligence and Data Science,Out,Bihar-last
514,Circuit,44.7,NIT,214,National Institute of Technology Patna,520O,Mathematics and Computing Technology,Out,Bihar-last
515,Circuit,42.7,NIT,214,National Institute of Technology Patna,411H,Electronics Engineering (VLSI Design and Technology),SAFE,Bihar-last
516,Circuit,42.7,NIT,214,National Institute of Technology Patna,520J,Electronics and Communication Engineering with Specialization in Microelectronics and VLSI System Design,Good,Bihar-last
517,Circuit,41.5,IIIT,322,Indian Institute of Information Technology Bhagalpur,4110,Computer Science and Engineering,SAFE,Bihar-last
518,Circuit,41.5,NIT,214,National Institute of Technology Patna,4114,Electronics and Communication Engineering,Good,Bihar-last
519,Circuit,40.0,GFTI,441,"Birla Institute of Technology, Patna Off-Campus",4110,Computer Science and Engineering,SAFE,Bihar-last
520,Circuit,40.0,GFTI,446,"National Institute of Electronics and Information Technology, Patna (Bihar)",4110,Computer Science and Engineering,Good,Bihar-last
521,Circuit,39.5,NIT,214,National Institute of Technology Patna,4111,Electrical Engineering,SAFE,Bihar-last
522,Circuit,39.5,NIT,214,National Institute of Technology Patna,520K,Electrical Engineering with Specialization In Power System Engineering,Out,Bihar-last
523,Circuit,38.8,GFTI,441,"Birla Institute of Technology, Patna Off-Campus",410W,Computer Science and Engineering (Artificial Intelligence and Machine Learning),No-data,Bihar-last
524,Circuit,38.7,IIIT,322,Indian Institute of Information Technology Bhagalpur,4124,Mathematics and Computing,SAFE,Bihar-last
525,Circuit,37.2,GFTI,441,"Birla Institute of Technology, Patna Off-Campus",5506,Mathematics and Computing,Out,Bihar-last
526,Circuit,35.5,IIIT,322,Indian Institute of Information Technology Bhagalpur,4114,Electronics and Communication Engineering,SAFE,Bihar-last
527,Circuit,34.0,GFTI,441,"Birla Institute of Technology, Patna Off-Campus",4114,Electronics and Communication Engineering,SAFE,Bihar-last
528,Circuit,32.0,GFTI,441,"Birla Institute of Technology, Patna Off-Campus",4144,Electrical and Electronics Engineering,SAFE,Bihar-last
