Rank,Type,Institute,Branch,HisQuota,General-GN,OBC-NCL-GN,OBC-PwD,General-PwD
1,NIT,"National Institute of Technology, Tiruchirappalli",Computer Science and Engineering,OS,1394,411,22,36
2,NIT,"National Institute of Technology Karnataka, Surathkal",Computer Science and Engineering,OS,1809,592,42,
3,NIT,"National Institute of Technology, Warangal",Computer Science and Engineering,HS,2336,722,95,107
4,NIT,"National Institute of Technology Karnataka, Surathkal",Artificial Intelligence,OS,2739,998,,143
5,NIT,"National Institute of Technology, Warangal",Computer Science and Engineering ( Artificial Intelligence & Data Science),HS,2950,1070,,160
6,NIT,"National Institute of Technology Karnataka, Surathkal",Information Technology,OS,3169,1132,,114
7,NIT,"National Institute of Technology, Rourkela",Computer Science and Engineering,OS,3386,1180,47,120
8,NIT,"National Institute of Technology Karnataka, Surathkal",Computational and Data Science,OS,3580,1292,,
9,NIT,"National Institute of Technology, Warangal",Mathematics and Computing,HS,3606,1073,396,
10,NIT,"National Institute of Technology, Tiruchirappalli",Electronics and Communication Engineering,OS,3824,1408,68,131
11,NIT,"National Institute of Technology, Rourkela",Artificial Intelligence,OS,4216,1381,,
12,NIT,Motilal Nehru National Institute of Technology Allahabad,Computer Science and Engineering,OS,4521,1664,86,140
13,NIT,"National Institute of Technology Karnataka, Surathkal",Electronics and Communication Engineering,OS,4723,1714,,
14,NIT,National Institute of Technology Calicut,Computer Science and Engineering,OS,4987,1643,98,100
15,NIT,Malaviya National Institute of Technology Jaipur,Computer Science and Engineering,OS,5074,1925,84,138
16,NIT,"National Institute of Technology, Warangal",Electronics and Communication Engineering,HS,5295,1847,108,
17,IIIT,"Indian Institute of Information Technology, Allahabad",Information Technology,AI,5558,2488,188,249
18,IIIT,"Indian Institute of Information Technology, Allahabad",Information Technology-Business Informatics,AI,5774,2593,221,270
19,NIT,"National Institute of Technology, Rourkela",Electronics and Communication Engineering,OS,6092,2088,,176
20,NIT,"National Institute of Technology, Warangal",Electronics and Communication Engineering (VLSI Design and Technology),HS,6111,1941,,315
21,NIT,"National Institute of Technology, Tiruchirappalli",Electrical and Electronics Engineering,OS,6134,2409,,287
22,NIT,Malaviya National Institute of Technology Jaipur,Artificial Intelligence and Data Engineering,OS,6138,2321,,
23,NIT,"Visvesvaraya National Institute of Technology, Nagpur",Computer Science and Engineering,OS,6414,2182,115,214
24,NIT,"National Institute of Technology, Kurukshetra",Computer Science and Engineering,OS,6518,2440,,120
25,NIT,"National Institute of Technology, Kurukshetra",Computer Engineering,OS,7401,2616,108,199
26,NIT,"National Institute of Technology Karnataka, Surathkal",Electrical and Electronics Engineering,OS,7480,2703,107,
27,NIT,"National Institute of Technology, Kurukshetra",Computer Science and Engineering,OS,7500,2364,,
28,NIT,"Sardar Vallabhbhai National Institute of Technology, Surat",Computer Science and Engineering,OS,7661,2918,146,233
29,NIT,"National Institute of Technology, Kurukshetra",Artificial Intelligence and Data Science,OS,7998,3132,,
30,NIT,"National Institute of Technology, Warangal",Electrical and Electronics Engineering,HS,8301,3073,273,489
31,IIIT,"Indian Institute of Information Technology, Allahabad",Electronics and Communication Engineering,AI,8359,3607,224,400
32,NIT,National Institute of Technology Calicut,Electronics and Communication Engineering,OS,8368,2880,152,242
33,IIIT,Atal Bihari Vajpayee Indian Institute of Information Technology & Management Gwalior,Computer Science and Engineering,AI,8443,3353,212,212
34,NIT,Motilal Nehru National Institute of Technology Allahabad,Electronics and Communication Engineering,OS,8482,3193,204,355
35,NIT,National Institute of Technology Delhi,Computer Science and Engineering,OS,8533,3399,,
36,NIT,"National Institute of Technology, Kurukshetra",Information Technology,OS,8543,3077,111,
37,NIT,National Institute of Technology Delhi,Artificial Intelligence and Data Science,OS,8602,2825,,336
38,NIT,"National Institute of Technology, Jamshedpur",Computer Science and Engineering,OS,8683,2880,115,294
39,NIT,"National Institute of Technology, Kurukshetra",Artificial Intelligence and Machine Learning,OS,8958,3242,161,349
40,NIT,Maulana Azad National Institute of Technology Bhopal,Computer Science and Engineering,OS,9150,3424,140,283
41,NIT,Malaviya National Institute of Technology Jaipur,Electronics and Communication Engineering,OS,9424,3797,190,
42,NIT,"National Institute of Technology, Tiruchirappalli",Mechanical Engineering,OS,9465,4130,196,365
43,IIIT,Indian Institute of Information Technology Lucknow,Computer Science and Artificial Intelligence,AI,9497,3722,312,264
44,NIT,National Institute of Technology Durgapur,Computer Science and Engineering,OS,9557,3162,142,289
45,IIIT,Indian Institute of Information Technology Lucknow,Computer Science,AI,9749,3995,349,396
46,NIT,"Sardar Vallabhbhai National Institute of Technology, Surat",Mathematics and Computing,OS,10026,4042,306,
47,NIT,"National Institute of Technology, Kurukshetra",Mathematics and Computing,OS,10102,3833,236,487
48,NIT,"Sardar Vallabhbhai National Institute of Technology, Surat",Artificial Intelligence,OS,10168,3795,202,423
49,NIT,"Visvesvaraya National Institute of Technology, Nagpur",Electronics and Communication Engineering,OS,10862,3969,232,443
50,NIT,"Dr. B R Ambedkar National Institute of Technology, Jalandhar",Computer Science and Engineering,OS,11079,3817,174,347
51,NIT,"National Institute of Technology, Rourkela",Electronics and Instrumentation Engineering,OS,11098,4388,,
52,IIIT,Indian Institute of Information Technology Lucknow,Computer Science and Business,AI,11282,4649,475,501
53,NIT,"National Institute of Technology, Rourkela",Electrical Engineering,OS,11332,4215,228,493
54,IIIT,Indian Institute of Information Technology Lucknow,Information Technology,AI,11619,4722,608,509
55,IIIT,Atal Bihari Vajpayee Indian Institute of Information Technology & Management Gwalior,Mathematics and Scientific Computing,AI,11658,4658,631,585
56,NIT,Motilal Nehru National Institute of Technology Allahabad,Electrical Engineering,OS,11672,4974,390,437
57,NIT,Motilal Nehru National Institute of Technology Allahabad,Engineering and Computational Mechanics,OS,11915,5413,,
58,NIT,"National Institute of Technology, Tiruchirappalli",Instrumentation and Control Engineering,OS,12096,4548,399,681
59,NIT,"National Institute of Technology, Kurukshetra",Electronics and Communication Engineering,OS,12225,4950,,
60,NIT,"Sardar Vallabhbhai National Institute of Technology, Surat",Artificial Intelligence,OS,12259,4746,,473
61,NIT,"National Institute of Technology, Kurukshetra",Electronics and Communication Engineering,OS,12266,4589,183,366
62,NIT,National Institute of Technology Hamirpur,Computer Science and Engineering,OS,12416,4246,250,429
63,NIT,National Institute of Technology Delhi,Electronics and Communication Engineering,OS,12490,4653,,382
64,NIT,National Institute of Technology Calicut,Electrical and Electronics Engineering,OS,12627,4598,263,464
65,NIT,National Institute of Technology Durgapur,B.Tech in Mathematics and Computing,OS,12708,4267,439,
66,NIT,"National Institute of Technology, Kurukshetra",ROBOTICS & AUTOMATION,OS,12760,4976,424,880
67,NIT,"National Institute of Technology Karnataka, Surathkal",Mechanical Engineering,OS,12800,4966,349,599
68,NIT,National Institute of Technology Goa,Computer Science and Engineering,OS,12918,4777,,
69,NIT,National Institute of Technology Raipur,Computer Science and Engineering,OS,13170,4262,209,427
70,IIIT,Atal Bihari Vajpayee Indian Institute of Information Technology & Management Gwalior,Integrated B. Tech.(IT) and M. Tech (IT),AI,13359,5437,433,574
71,NIT,"National Institute of Technology, Jamshedpur",Electronics and Communication Engineering,OS,13376,4689,358,
72,NIT,National Institute of Technology Delhi,Aerospace Engineering,OS,13816,4736,,
73,NIT,"National Institute of Technology, Tiruchirappalli",Chemical Engineering,OS,13900,5659,,516
74,NIT,"Dr. B R Ambedkar National Institute of Technology, Jalandhar",Information Technology,OS,13972,4979,290,476
75,NIT,"Dr. B R Ambedkar National Institute of Technology, Jalandhar",Data Science and Engineering,OS,14068,5252,310,556
76,NIT,National Institute of Technology Durgapur,Electronics and Communication Engineering,OS,14130,4791,,519
77,NIT,National Institute of Technology Delhi,VLSI Design and Technology,OS,14205,5481,,
78,NIT,National Institute of Technology Hamirpur,Computer Science and Engineering,OS,14230,4675,,555
79,NIT,"Sardar Vallabhbhai National Institute of Technology, Surat",Electronics and Communication Engineering,OS,14374,5248,394,555
80,NIT,Malaviya National Institute of Technology Jaipur,Electrical Engineering,OS,14419,5333,489,783
81,NIT,National Institute of Technology Patna,Computer Science and Engineering,OS,14467,4774,235,491
82,NIT,Maulana Azad National Institute of Technology Bhopal,Mathematics and Data Science,OS,14519,5406,,
83,NIT,"National Institute of Technology, Warangal",Mechanical Engineering,HS,14706,5389,441,684
84,IIIT,"Pt. Dwarka Prasad Mishra Indian Institute of Information Technology, Design & Manufacture Jabalpur",Computer Science and Engineering,AI,14709,5567,419,804
85,NIT,"National Institute of Technology, Kurukshetra",Microelectronics & VLSI Engineering,OS,14777,5754,,
86,NIT,"Dr. B R Ambedkar National Institute of Technology, Jalandhar",Mathematics and Computing,OS,14780,5513,,1184
87,NIT,Maulana Azad National Institute of Technology Bhopal,Electronics and Communication Engineering,OS,14928,5575,330,627
88,NIT,"National Institute of Technology Karnataka, Surathkal",Chemical Engineering,OS,15010,6092,522,506
89,NIT,"Indian Institute of Engineering Science and Technology, Shibpur",Computer Science and Engineering,OS,15037,5610,,471
90,NIT,"Dr. B R Ambedkar National Institute of Technology, Jalandhar",Electronics and Communication Engineering,OS,15568,5673,346,747
91,NIT,"Visvesvaraya National Institute of Technology, Nagpur",Electrical and Electronics Engineering,OS,15606,5638,490,949
92,NIT,National Institute of Technology Patna,Mathematics and Computing Technology,OS,15634,6070,,
93,NIT,National Institute of Technology Patna,Computer Science and Engineering with Specialization in Data Science,OS,15738,5754,,
94,NIT,National Institute of Technology Raipur,Information Technology,OS,15865,5507,,642
95,NIT,"National Institute of Technology, Rourkela",Mechanical Engineering,OS,15993,5874,454,799
96,NIT,"Sardar Vallabhbhai National Institute of Technology, Surat",Electronics and VLSI Engineering,OS,16034,5901,,1105
97,IIIT,Atal Bihari Vajpayee Indian Institute of Information Technology & Management Gwalior,Integrated B. Tech.(IT) and MBA,AI,16045,6629,709,702
98,NIT,National Institute of Technology Hamirpur,Mathematics and Computing,OS,16068,5648,470,644
99,NIT,"National Institute of Technology, Kurukshetra",Electrical Engineering,OS,16528,6830,,762
100,NIT,National Institute of Technology Patna,Artificial Intelligence and Data Science,OS,16537,5792,,638
101,NIT,National Institute of Technology Patna,Computer Science and Engineering with Specialization in Cyber Security,OS,16845,5852,446,
102,NIT,"National Institute of Technology, Kurukshetra",Industrial Internet of Things,OS,17168,6989,599,1015
103,NIT,National Institute of Technology Calicut,Engineering Physics,OS,17204,7452,,1671
104,NIT,"Dr. B R Ambedkar National Institute of Technology, Jalandhar",Electronics and VLSI Engineering,OS,17266,6170,632,1072
105,NIT,"National Institute of Technology, Kurukshetra",Electrical Engineering,OS,17421,6142,548,588
106,IIIT,Atal Bihari Vajpayee Indian Institute of Information Technology & Management Gwalior,Electrical and Electronics Engineering,AI,17446,6826,761,1233
107,NIT,National Institute of Technology Delhi,Electrical Engineering,OS,17700,6310,401,600
108,GFTI,"Birla Institute of Technology, Mesra, Ranchi",Computer Science and Engineering,AI,17714,8175,732,813
109,NIT,"Indian Institute of Engineering Science and Technology, Shibpur",Information Technology,OS,17727,6304,452,747
110,NIT,National Institute of Technology Goa,Electronics and Communication Engineering,OS,17919,6506,,824
111,NIT,"National Institute of Technology, Andhra Pradesh",Computer Science and Engineering,OS,18001,6227,222,506
112,IIIT,"Indian Institute of Information Technology, Design & Manufacturing, Kancheepuram",Computer Science and Engineering,AI,18236,6934,278,534
113,NIT,"National Institute of Technology, Uttarakhand",Computer Science and Engineering,OS,18326,6471,227,666
114,NIT,National Institute of Technology Hamirpur,Electronics and Communication Engineering,OS,18439,6559,591,979
115,IIIT,"Indian Institute of Information Technology, Design & Manufacturing, Kancheepuram",Computer Science and Engineering with Major in Artificial Intelligence,AI,18474,7232,349,528
116,NIT,National Institute of Technology Puducherry,Computer Science and Engineering,OS,18526,6563,104,472
117,IIIT,Indian Institute of Information Technology (IIIT) Pune,Computer Science and Engineering,AI,18744,8061,632,702
118,NIT,"National Institute of Technology, Jamshedpur",Electrical Engineering,OS,18828,6662,656,664
119,GFTI,"International Institute of Information Technology, Naya Raipur",Computer Science and Engineering,AI,18898,7650,1042,1084
120,NIT,"National Institute of Technology, Warangal",Chemical Engineering,HS,18955,6974,,1102
121,NIT,"National Institute of Technology, Tiruchirappalli",Civil Engineering,OS,19047,6950,329,471
122,GFTI,"Birla Institute of Technology, Mesra, Ranchi",Artificial Intelligence and Machine Learning,AI,19131,8780,1290,939
123,NIT,"National Institute of Technology, Kurukshetra",Mechanical Engineering,OS,19202,9372,,2128
124,NIT,"National Institute of Technology, Rourkela",Chemical Engineering,OS,19343,7362,,1135
125,NIT,National Institute of Technology Raipur,Electronics and Communication Engineering,OS,19353,6487,378,790
126,IIIT,"Pt. Dwarka Prasad Mishra Indian Institute of Information Technology, Design & Manufacture Jabalpur",Electronics and Communication Engineering,AI,19376,7524,688,1392
127,NIT,"Sardar Vallabhbhai National Institute of Technology, Surat",Electrical Engineering,OS,19912,7018,611,1081
128,NIT,National Institute of Technology Durgapur,Electrical Engineering,OS,20305,6687,723,1210
129,NIT,Motilal Nehru National Institute of Technology Allahabad,Mechanical Engineering,OS,20468,7568,508,852
130,NIT,"National Institute of Technology, Jamshedpur",Engineering and Computational Mechanics,OS,20646,6273,,
131,NIT,National Institute of Technology Patna,Electronics and Communication Engineering,OS,20760,6766,601,829
132,NIT,"National Institute of Technology, Warangal",Chemical Engineering,HS,20805,6105,,
133,NIT,Maulana Azad National Institute of Technology Bhopal,Electrical Engineering,OS,20883,7179,609,1182
134,NIT,National Institute of Technology Calicut,Mechanical Engineering,OS,20932,7044,428,916
135,NIT,National Institute of Technology Hamirpur,Electronics and Communication Engineering,OS,20980,6949,,1035
136,NIT,Malaviya National Institute of Technology Jaipur,Mechanical Engineering,OS,20981,7949,,1099
137,NIT,"Dr. B R Ambedkar National Institute of Technology, Jalandhar",Electrical Engineering,OS,21323,7309,,1166
138,NIT,"Indian Institute of Engineering Science and Technology, Shibpur",Electronics and Telecommunication Engineering,OS,21734,7627,613,1140
139,NIT,Motilal Nehru National Institute of Technology Allahabad,Chemical Engineering,OS,22533,8395,750,1586
140,IIIT,"Indian Institute of Information Technology, Design & Manufacturing, Kancheepuram",Computer Science and Engineering,AI,22605,8677,453,879
141,NIT,National Institute of Technology Patna,Electronics and Communication Engineering with Specialization in Microelectronics and VLSI System Design,OS,22675,7022,726,
142,GFTI,"International Institute of Information Technology, Naya Raipur",Data Science and Artificial Intelligence,AI,22680,9036,,832
143,NIT,"National Institute of Technology, Warangal",Physics,HS,22728,10908,,
144,NIT,National Institute of Technology Patna,Electronics Engineering (VLSI Design and Technology),OS,22770,8295,1151,1449
145,NIT,"National Institute of Technology, Tiruchirappalli",Metallurgical and Materials Engineering,OS,22814,8578,,817
146,NIT,Maulana Azad National Institute of Technology Bhopal,B. Tech. and M. Tech. in Engineering and Computational Mechanics (Dual Degree),OS,22839,7810,,
147,IIIT,"Indian Institute of Information Technology(IIIT), Vadodara, Gujrat",Computer Science and Engineering,AI,22888,10038,1237,1768
148,NIT,National Institute of Technology Delhi,Mechanical Engineering,OS,22933,8540,,825
149,NIT,"National Institute of Technology, Rourkela",Chemical Engineering,OS,23031,7923,,
150,NIT,"National Institute of Technology Karnataka, Surathkal",Civil Engineering,OS,23157,8012,478,926
151,NIT,"Visvesvaraya National Institute of Technology, Nagpur",Mechanical Engineering,OS,23394,8167,654,924
152,NIT,"National Institute of Technology, Srinagar",Computer Science and Engineering,OS,23608,7550,418,797
153,NIT,National Institute of Technology Goa,Electrical and Electronics Engineering,OS,23633,8409,741,1128
154,IIIT,Indian Institute of Information Technology Bhopal,Computer Science and Engineering (Artificial Intelligence),AI,23637,10710,,1920
155,NIT,"National Institute of Technology, Tiruchirappalli",Production Engineering,OS,23708,8836,847,1018
156,NIT,"National Institute of Technology Karnataka, Surathkal",Metallurgical and Materials Engineering,OS,23835,8870,524,1075
157,NIT,"Indian Institute of Engineering Science and Technology, Shibpur",Aerospace Engineering,OS,23868,8386,446,
158,NIT,National Institute of Technology Puducherry,Electronics and Communication Engineering,OS,23990,7811,334,748
159,NIT,"National Institute of Technology, Warangal",Mathematics,HS,24026,8569,839,
160,NIT,"Sardar Vallabhbhai National Institute of Technology, Surat",Engineering Physics,OS,24038,11446,,2141
161,IIIT,Indian Institute of Information Technology (IIIT) Pune,Electronics and Communication Engineering,AI,24457,11029,903,1592
162,NIT,"National Institute of Technology, Kurukshetra",Mechanical Engineering,OS,24517,8747,685,
163,IIIT,"Indian Institute of Information Technology (IIIT)Kota, Rajasthan",Computer Science and Engineering,AI,24704,10324,1205,1459
164,IIIT,"Indian Institute of Information Technology, Design & Manufacturing, Kancheepuram",B.Tech. in Electronics and Communication Engineering and M.Tech. in Microelectronics and VLSI Systems,AI,24892,9448,,1371
165,NIT,National Institute of Technology Patna,Mechatronics and Automation Engineering,OS,24970,8808,,
166,IIIT,Indian Institute of Information Technology Bhopal,Computer Science and Engineering,AI,25169,10876,817,1585
167,IIIT,"Indian Institute of Information Technology(IIIT), Vadodara, Gujrat",Information Technology,AI,25425,11306,1398,1750
168,NIT,"National Institute of Technology, Andhra Pradesh",Electronics and Communication Engineering,OS,25689,8919,596,650
169,IIIT,Indian Institute of Information Technology Surat,Computer Science and Engineering,AI,25706,11085,604,1102
170,NIT,Malaviya National Institute of Technology Jaipur,Chemical Engineering,OS,25816,9297,858,1258
171,NIT,"National Institute of Technology, Uttarakhand",Electronics and Communication Engineering,OS,25925,8161,969,1913
172,NIT,National Institute of Technology Calicut,Energy Engineering,OS,25927,9199,630,1146
173,NIT,Maulana Azad National Institute of Technology Bhopal,Energy and Electrical Vehicle Engineering,OS,25974,8270,,
174,NIT,National Institute of Technology Hamirpur,Electrical Engineering,OS,26080,8913,1216,1692
175,NIT,"National Institute of Technology, Rourkela",Physics,OS,26186,11535,,
176,NIT,"National Institute of Technology, Warangal",Civil Engineering,HS,26369,8782,,513
177,IIIT,Indian Institute of Information Technology Surat,Computer Science and Engineering (Artificial Intelligence and Machine Learning),AI,26485,12232,,1038
178,IIIT,Indian Institute of Information Technology Bhopal,Computer Science and Engineering (Data Science),AI,26656,10977,754,1002
179,IIIT,"Indian Institute of Information Technology, Design & Manufacturing, Kancheepuram",Electronics and Communication Engineering,AI,26708,9721,723,1291
180,NIT,"National Institute of Technology, Rourkela",Civil Engineering,OS,26848,8600,673,634
181,IIIT,"Indian Institute of Information Technology (IIIT), Sri City, Chittoor",Computer Science and Engineering,AI,26887,11155,1042,1400
182,NIT,National Institute of Technology Patna,Electrical Engineering,OS,27102,8879,933,1293
183,IIIT,Indian Institute of Information Technology Tiruchirappalli,Computer Science and Engineering ( Artificial Intelligence & Data Science),AI,27113,11235,357,743
184,NIT,National Institute of Technology Raipur,Electrical Engineering,OS,27180,8768,,895
185,IIIT,Indian Institute of Information Technology Bhopal,Computer Science and Engineering (Artificial Intelligence),AI,27359,11438,1590,1081
186,NIT,National Institute of Technology Delhi,Civil Engineering,OS,27422,9935,518,791
187,IIIT,Indian Institute of Information Technology (IIIT) Nagpur,Computer Science Engineering (Artificial lntelligence and Machine Learning),AI,27501,11233,477,782
188,NIT,National Institute of Technology Calicut,Chemical Engineering,OS,27508,9092,588,1016
189,GFTI,"Birla Institute of Technology, Mesra, Ranchi",Electronics and Communication Engineering,AI,27857,12674,1523,2239
190,NIT,"National Institute of Technology, Warangal",Metallurgical and Materials Engineering,HS,27906,10088,,1686
191,IIIT,Indian Institute of Information Technology (IIIT) Nagpur,Computer Science and Engineering,AI,27922,11476,666,941
192,GFTI,Shri G. S. Institute of Technology and Science Indore,Computer Science and Engineering,AI,27947,,,
193,NIT,"National Institute of Technology, Warangal",Metallurgical and Materials Engineering,HS,28114,10720,,
194,NIT,"National Institute of Technology, Rourkela",Industrial Design,OS,28572,10368,,
195,IIIT,"Indian Institute of Information Technology (IIIT), Sri City, Chittoor",Artificial Intelligence and Data Science,AI,28650,11747,1180,1016
196,IIIT,"Indian Institute of Information Technology (IIIT)Kota, Rajasthan",Artificial Intelligence and Data Engineering,AI,28668,11762,1426,2084
197,NIT,"Sardar Vallabhbhai National Institute of Technology, Surat",Mechanical Engineering,OS,28677,10285,934,2294
198,IIIT,Indian Institute of Information Technology Tiruchirappalli,Computer Science and Engineering,AI,28842,11549,478,850
199,NIT,"National Institute of Technology Karnataka, Surathkal",Mining Engineering,OS,28861,10358,,
200,IIIT,"Indian Institute of Information Technology(IIIT) Kilohrad, Sonepat, Haryana",Computer Science and Engineering,AI,29024,12231,1405,1723
201,NIT,"National Institute of Technology, Jamshedpur",Mechanical Engineering,OS,29067,9628,970,1148
202,NIT,"National Institute of Technology, Rourkela",Mathematics,OS,29108,12617,,
203,NIT,"National Institute of Technology, Srinagar",Information Technology,OS,29160,9358,510,1025
204,NIT,National Institute of Technology Patna,Electrical Engineering with Specialization In Power System Engineering,OS,29177,9248,,
205,GFTI,"Jawaharlal Nehru University, Delhi",Computer Science and Engineering,AI,29286,11206,490,669
206,NIT,"Indian Institute of Engineering Science and Technology, Shibpur",Electrical Engineering,OS,29322,9637,,2089
207,IIIT,Indian Institute of Information Technology (IIIT) Nagpur,Computer Science Engineering (Data Science and Analytics),AI,29378,12194,823,1137
208,IIIT,Indian Institute of Information Technology Surat,Computer Science and Engineering (Cyber Security),AI,29537,12476,,876
209,IIIT,"Indian Institute of Information Technology(IIIT) Una, Himachal Pradesh",Computer Science and Engineering,AI,29621,12345,1211,1170
210,IIIT,Indian Institute of Information Technology Bhopal,Computer Science and Engineering (Cyber Security),AI,29714,12008,1316,1450
211,NIT,National Institute of Technology Durgapur,Mechanical Engineering,OS,29745,9784,841,1648
212,IIIT,"Indian Institute of Information Technology(IIIT), Vadodara, Gujrat",Artificial Intelligence,AI,29856,12123,1143,704
213,IIIT,"Indian Institute of Information Technology, Design & Manufacturing, Kancheepuram",B.Tech. in Electronics and Communication Engineering and M.Tech. in VLSI Design,AI,30045,11254,,1579
214,NIT,"National Institute of Technology, Rourkela",Metallurgical and Materials Engineering,OS,30623,10036,883,1794
215,IIIT,Indian Institute of Information Technology Bhopal,Computer Science and Engineering (Cyber Physical System),AI,30659,12626,,
216,NIT,"Dr. B R Ambedkar National Institute of Technology, Jalandhar",Instrumentation and Control Engineering,OS,30695,10560,1264,1743
217,NIT,"National Institute of Technology, Warangal",Bio Technology,HS,30732,11370,,1446
218,NIT,"Visvesvaraya National Institute of Technology, Nagpur",Chemical Engineering,OS,30829,10629,1179,1791
219,NIT,Maulana Azad National Institute of Technology Bhopal,Mechanical Engineering,OS,30912,10356,1034,2046
220,GFTI,"International Institute of Information Technology, Bhubaneswar",Computer Science and Engineering,AI,31011,12970,942,1343
221,NIT,Motilal Nehru National Institute of Technology Allahabad,Civil Engineering,OS,31359,10244,,712
222,IIIT,Indian Institute of Information Technology (IIIT) Nagpur,Computer Science Engineering (Human Computer lnteraction and Gaming Technology),AI,31479,13082,833,1092
223,IIIT,"Indian Institute of Information Technology, Design & Manufacturing, Kancheepuram",B.Tech. in Electronics and Communication Engineering and M.Tech. in Communication Systems,AI,31554,11036,1165,2109
224,GFTI,"International Institute of Information Technology, Naya Raipur",Electronics and Communication Engineering,AI,31757,12488,981,2052
225,IIIT,Indian Institute of Information Technology Bhopal,Information Technology,AI,31836,12662,1355,1824
226,NIT,"National Institute of Technology, Rourkela",Bio Technology,OS,31986,11753,,1531
227,IIIT,"Indian Institute of Information Technology(IIIT) Una, Himachal Pradesh",Information Technology,AI,32003,13592,1230,1627
228,IIIT,Indian Institute of Information Technology(IIIT) Kottayam,Computer Science and Engineering with specialization in Artificial Intelligence and Data Science,AI,32008,11966,866,1328
229,NIT,National Institute of Technology Puducherry,Electrical and Electronics Engineering,OS,32043,10871,,1292
230,NIT,"Dr. B R Ambedkar National Institute of Technology, Jalandhar",Mechanical Engineering,OS,32093,10615,1341,1646
231,IIIT,"Indian Institute of Information Technology(IIIT) Kilohrad, Sonepat, Haryana",Information Technology,AI,32271,13766,1224,1290
232,IIIT,"Indian Institute of Information Technology(IIIT) Una, Himachal Pradesh",Computer Science and Engineering (Data Science),AI,32482,13664,,
233,NIT,"National Institute of Technology, Uttarakhand",Electrical and Electronics Engineering,OS,32523,10421,,
234,GFTI,"Birla Institute of Technology, Mesra, Ranchi",Electrical and Electronics Engineering,AI,32544,14809,1644,3326
235,GFTI,Shri G. S. Institute of Technology and Science Indore,Information Technology,AI,32619,,,
236,GFTI,"Birla Institute of Technology, Mesra, Ranchi",Mathematics and Computing,AI,32675,15772,,2727
237,IIIT,Indian Institute of Information Technology Tiruchirappalli,Electronics and Communication Engineering (VLSI Design),AI,32763,14506,406,
238,IIIT,"Indian Institute of Information Technology Design & Manufacturing Kurnool, Andhra Pradesh",Computer Science and Engineering,AI,32966,13125,421,735
239,IIIT,Indian Institute of Information Technology (IIIT) Ranchi,Computer Science and Engineering (with Specialization of Data Science and Artificial Intelligence),AI,33019,13137,,1680
240,NIT,National Institute of Technology Goa,Mechanical Engineering,OS,33107,11190,1061,
241,GFTI,University of Hyderabad,Computer Science and Engineering,AI,33443,13506,587,846
242,IIIT,"Indian Institute of Information Technology(IIIT) Una, Himachal Pradesh",Computer Science and Engineering (Cyber Security),AI,33519,13964,,1565
243,IIIT,"Indian Institute of Information Technology(IIIT) Kilohrad, Sonepat, Haryana",CSE ( Data Science & Analytics),AI,33764,14678,1279,1987
244,IIIT,Indian Institute of Information Technology Bhopal,B.Tech in Mathematics and Computing,AI,33940,13796,1773,4161
245,NIT,"National Institute of Technology, Kurukshetra",SUSTAINABLE ENERGY TECHNOLOGIES,OS,34071,13424,,
246,NIT,"National Institute of Technology, Andhra Pradesh",Electrical and Electronics Engineering,OS,34089,11896,758,1311
247,NIT,Malaviya National Institute of Technology Jaipur,Civil Engineering,OS,34129,11497,,789
248,NIT,National Institute of Technology Calicut,Materials Science and Engineering,OS,34146,11657,,1540
249,IIIT,"Indian Institute of Information Technology (IIIT)Kota, Rajasthan",Electronics and Communication Engineering,AI,34171,13954,1422,1700
250,IIIT,Indian Institute of Information Technology (IIIT) Ranchi,Computer Science and Engineering,AI,34351,13683,1333,1705
251,IIIT,Indian Institute of Information Technology Surat,Electronics and Communication Engineering,AI,34354,14819,1342,2627
252,NIT,National Institute of Technology Calicut,Civil Engineering,OS,34517,11206,660,1286
253,NIT,National Institute of Technology Durgapur,Chemical Engineering,OS,34624,11825,1070,1866
254,NIT,National Institute of Technology Durgapur,Chemical Engineering,OS,34728,12497,,
255,IIIT,"Indian institute of information technology, Raichur, Karnataka",Computer Science and Engineering,AI,34770,14249,641,1190
256,NIT,"National Institute of Technology, Srinagar",Electronics and Communication Engineering,OS,34771,11224,987,1876
257,NIT,Motilal Nehru National Institute of Technology Allahabad,Production and Industrial Engineering,OS,35058,12740,,2388
258,NIT,National Institute of Technology Calicut,Production Engineering,OS,35348,11809,822,1574
259,GFTI,"International Institute of Information Technology, Bhubaneswar",Computer Engineering,AI,35487,14904,,1396
260,IIIT,"Indian Institute of Information Technology, Vadodara International Campus Diu (IIITVICD)",Computer Science and Engineering,AI,35496,15009,1354,2237
261,GFTI,"International Institute of Information Technology, Bhubaneswar",Information Technology,AI,35615,14782,,1589
262,IIIT,Indian Institute of Information Technology Bhopal,Computer Science and Engineering (Cyber Physical System),AI,35838,13490,1551,1692
263,NIT,"National Institute of Technology, Rourkela",Mining Engineering,OS,35860,11807,,
264,NIT,Maulana Azad National Institute of Technology Bhopal,Chemical Engineering,OS,35971,12149,1143,1633
265,NIT,National Institute of Technology Hamirpur,Mechanical Engineering,OS,36053,11885,1784,1857
266,IIIT,Indian Institute of Information Technology(IIIT) Kottayam,Computer Science and Engineering,AI,36070,14117,1203,2284
267,NIT,"National Institute of Technology, Kurukshetra",Civil Engineering,OS,36096,13356,,
268,NIT,"Sardar Vallabhbhai National Institute of Technology, Surat",Chemical Engineering,OS,36151,12023,1112,1972
269,NIT,Motilal Nehru National Institute of Technology Allahabad,Bio Technology,OS,36203,13455,1109,2420
270,NIT,National Institute of Technology Raipur,Mechanical Engineering,OS,36207,11869,,1363
271,IIIT,"Indian Institute of Information Technology (IIIT), Sri City, Chittoor",Electronics and Communication Engineering,AI,36340,13937,1109,1813
272,NIT,"National Institute of Technology, Kurukshetra",Civil Engineering,OS,36390,12227,1108,537
273,NIT,National Institute of Technology Hamirpur,Engineering Physics,OS,36452,13443,1646,3298
274,NIT,National Institute of Technology Calicut,Bio Technology,OS,36480,12357,674,1163
275,NIT,"National Institute of Technology, Rourkela",Metallurgical and Materials Engineering,OS,36532,13161,,
276,IIIT,Indian Institute of Information Technology Bhopal,Electronics and Communication Engineering,AI,36819,14862,1661,2568
277,IIIT,Indian Institute of Information Technology (IIIT) Nagpur,Electronics and Communication Engineering (Internet of Things),AI,37009,15476,1326,2069
278,NIT,"National Institute of Technology, Rourkela",Bio Medical Engineering,OS,37018,13319,,
279,IIIT,"Indian Institute of Information Technology(IIIT) Kalyani, West Bengal",Computer Science and Engineering ( Artificial Intelligence & Data Science),AI,37118,16265,,
280,NIT,"National Institute of Technology, Warangal",Chemistry,HS,37158,14261,,1956
281,IIIT,Indian Institute of Information Technology(IIIT) Kottayam,Computer Science and Engineering with specialization in Cyber Security,AI,37276,14498,934,1393
282,IIIT,"Indian Institute of Information Technology Design & Manufacturing Kurnool, Andhra Pradesh",Artificial Intelligence and Data Science,AI,37286,14466,530,702
283,NIT,National Institute of Technology Patna,Mechanical Engineering,OS,37299,12309,1225,2323
284,NIT,"Visvesvaraya National Institute of Technology, Nagpur",Civil Engineering,OS,37338,12295,1047,1648
285,GFTI,"Jawaharlal Nehru University, Delhi",Electronics and Communication Engineering,AI,37536,14717,1060,1482
286,NIT,"Indian Institute of Engineering Science and Technology, Shibpur",Mechanical Engineering,OS,37557,12937,,2875
287,NIT,"National Institute of Technology, Rourkela",Ceramic Engineering,OS,37629,12072,,2640
288,IIIT,Indian Institute of Information Technology(IIIT) Dharwad,Computer Science and Engineering,AI,37712,15536,1041,1366
289,NIT,"National Institute of Technology, Rourkela",Mining Engineering,OS,37781,14475,,
290,IIIT,Indian Institute of Information Technology Tiruchirappalli,Electronics and Communication Engineering,AI,37883,14409,1104,1185
291,IIIT,"Indian Institute of Information Technology(IIIT), Vadodara, Gujrat",Electronics and Communication Engineering,AI,37951,15961,1499,2985
292,NIT,Malaviya National Institute of Technology Jaipur,Metallurgical and Materials Engineering,OS,38125,13547,,2038
293,IIIT,"Indian institute of information technology, Raichur, Karnataka",Artificial Intelligence and Data Science,AI,38173,15432,962,1414
294,NIT,Motilal Nehru National Institute of Technology Allahabad,Materials Engineering,OS,38225,13658,,
295,IIIT,Indian Institute of Information Technology (IIIT) Nagpur,Electronics and Communication Engineering,AI,38760,15755,1633,2221
296,IIIT,"Indian Institute of Information Technology, Design & Manufacturing, Kancheepuram",B.Tech in Mechanical Engineering and M.Tech in AI and Robotics,AI,38999,15134,1073,1581
297,IIIT,"Indian Institute of Information Technology Design & Manufacturing Kurnool, Andhra Pradesh",Computer Science and Engineering,AI,39048,14998,546,618
298,NIT,"Dr. B R Ambedkar National Institute of Technology, Jalandhar",Chemical Engineering,OS,39060,12986,1068,2153
299,IIIT,"Indian Institute of Information Technology(IIIT) Una, Himachal Pradesh",Electronics and Communication Engineering,AI,39128,15828,1506,3078
300,NIT,National Institute of Technology Patna,Mechanical Engineering with Specialization in Manufacturing and Industrial Engineering,OS,39719,12799,,1563
301,IIIT,"Indian Institute of Information Technology, Design & Manufacturing, Kancheepuram",Engineering Physics,AI,39727,15149,,
302,IIIT,Indian Institute of Information Technology(IIIT) Dharwad,Data Science and Artificial Intelligence,AI,39888,16252,1215,1577
303,IIIT,Indian Institute of Information Technology(IIIT) Kottayam,Electronics and Communication Engineering,AI,40147,15087,1323,2513
304,NIT,"National Institute of Technology, Kurukshetra",Production and Industrial Engineering,OS,40373,13977,,2506
305,GFTI,"Birla Institute of Technology, Mesra, Ranchi",Quantitative Economics & Data Science,AI,40396,17457,,
306,NIT,National Institute of Technology Patna,Material Science and Engineering,OS,40406,14956,,
307,IIIT,"Indian Institute of Information Technology(IIIT) Kalyani, West Bengal",Computer Science and Engineering,AI,40447,16076,1393,965
308,NIT,National Institute of Technology Hamirpur,Chemical Engineering,OS,40783,13636,1796,1550
309,IIIT,Indian Institute of Information Technology Bhagalpur,Computer Science and Engineering,AI,40826,15716,1763,2715
310,NIT,National Institute of Technology Raipur,Chemical Engineering,OS,41042,13712,1271,1845
311,NIT,National Institute of Technology Durgapur,Civil Engineering,OS,41198,13280,970,
312,IIIT,"Indian institute of information technology, Raichur, Karnataka",Mathematics and Computing,AI,41288,16606,1446,2016
313,IIIT,Indian Institute of Information Technology (IIIT) Ranchi,Electronics and Communication Engineering (with Specialization of Embedded Systems and Internet of Things),AI,41288,16410,1701,3026
314,GFTI,Shri G. S. Institute of Technology and Science Indore,Electronics and Telecommunication Engineering,AI,41294,,,
315,NIT,"National Institute of Technology, Srinagar",Electrical Engineering,OS,41397,13653,1136,2659
316,NIT,"National Institute of Technology, Uttarakhand",Mechanical Engineering,OS,41413,13430,,
317,GFTI,"International Institute of Information Technology, Bhubaneswar",Electronics and Telecommunication Engineering,AI,41479,16574,,2626
318,NIT,"National Institute of Technology, Jamshedpur",Civil Engineering,OS,41573,13916,,1345
319,IIIT,Indian Institute of Information Technology Bhagalpur,Mathematics and Computing,AI,41684,16554,,2776
320,NIT,National Institute of Technology Patna,Chemical Technology,OS,41776,15570,1443,3410
321,NIT,National Institute of Technology Puducherry,Mechanical Engineering,OS,41779,13299,778,2209
322,IIIT,Indian Institute of Information Technology (IIIT) Ranchi,B.Tech in Mathematics and Computing,AI,41831,16807,,3723
323,IIIT,Indian Institute of Information Technology (IIIT) Ranchi,Electronics and Communication Engineering,AI,41973,16655,1460,2814
324,NIT,"Visvesvaraya National Institute of Technology, Nagpur",Metallurgical and Materials Engineering,OS,41975,14114,941,2005
325,NIT,Maulana Azad National Institute of Technology Bhopal,Civil Engineering,OS,42209,13937,969,1129
326,NIT,"National Institute of Technology, Rourkela",Food Process Engineering,OS,42318,14170,,
327,IIIT,Indian Institute of Information Technology(IIIT) Dharwad,Electronics and Communication Engineering,AI,42398,16788,886,2070
328,IIIT,"Indian Institute of Information Technology Design & Manufacturing Kurnool, Andhra Pradesh",Electronics and Communication Engineering with specialization in Design and Manufacturing,AI,42461,16329,558,1509
329,NIT,"Sardar Vallabhbhai National Institute of Technology, Surat",Civil Engineering,OS,42506,13552,842,1727
330,GFTI,"Institute of Infrastructure, Technology, Research and Management-Ahmedabad",Computer Engineering,AI,42550,17607,977,1928
331,IIIT,"Indian Institute of Information Technology, Vadodara International Campus Diu (IIITVICD)",Artificial Intelligence,AI,42565,16747,,3121
332,NIT,"National Institute of Technology, Andhra Pradesh",Mechanical Engineering,OS,42635,13766,1046,
333,IIIT,"Pt. Dwarka Prasad Mishra Indian Institute of Information Technology, Design & Manufacture Jabalpur",Mechanical Engineering,AI,42867,16001,1526,2270
334,NIT,"National Institute of Technology, Jamshedpur",Production and Industrial Engineering,OS,42884,14603,,2364
335,GFTI,"International Institute of Information Technology, Bhubaneswar",Electrical and Electronics Engineering,AI,43191,17310,,2281
336,IIIT,Indian Institute of Information Technology Bhopal,Physics and Computational Engineering,AI,43349,17248,,3258
337,IIIT,"Indian Institute of Information Technology Design & Manufacturing Kurnool, Andhra Pradesh",Electronics and Communication Engineering,AI,43811,16521,803,2076
338,IIIT,"Indian Institute of Information Technology(IIIT) Kalyani, West Bengal",Electronics and Communication Engineering,AI,43990,17087,1402,2642
339,NIT,"National Institute of Technology, Rourkela",Ceramic Engineering and M.Tech Industrial Ceramic,OS,44042,14772,,
340,NIT,"Dr. B R Ambedkar National Institute of Technology, Jalandhar",Civil Engineering,OS,44074,14424,,1635
341,IIIT,"Indian Institute of Information Technology(IIIT) Kalyani, West Bengal",Computer Science and Engineering (Cyber Security),AI,44403,16741,,
342,IIIT,"Indian Institute of Information Technology, Design & Manufacturing, Kancheepuram",Mechanical Engineering,AI,44607,16135,907,1771
343,IIIT,Indian Institute of Information Technology Bhagalpur,Electronics and Communication Engineering,AI,44643,17090,1700,3553
344,IIIT,"Indian Institute of Information Technology, Vadodara International Campus Diu (IIITVICD)",Electronics and Communication Engineering,AI,44651,17809,1739,3623
345,NIT,"National Institute of Technology, Andhra Pradesh",Chemical Engineering,OS,44739,15566,,2547
346,GFTI,"Birla Institute of Technology, Mesra, Ranchi",Mechanical Engineering,AI,44963,18379,1574,3387
347,NIT,National Institute of Technology Goa,Civil Engineering,OS,45671,15087,,1603
348,NIT,Maulana Azad National Institute of Technology Bhopal,Materials Science and Metallurgical Engineering,OS,45675,15428,1117,2116
349,NIT,National Institute of Technology Patna,Civil Engineering with Specialization in Construction Technology and Management,OS,45685,15683,,
350,NIT,National Institute of Technology Durgapur,Metallurgical and Materials Engineering,OS,45686,15274,1152,2313
351,GFTI,"Puducherry Technological University, Puducherry",Information Technology,AI,45792,18934,,1882
352,NIT,"Sardar Vallabhbhai National Institute of Technology, Surat",Mathematics,OS,46200,17675,1370,1578
353,NIT,"Visvesvaraya National Institute of Technology, Nagpur",Mining Engineering,OS,46237,14898,,
354,NIT,"Sardar Vallabhbhai National Institute of Technology, Surat",Industrial Chemistry,OS,46273,15073,1113,3431
355,NIT,"National Institute of Technology, Jamshedpur",Metallurgical and Materials Engineering,OS,46400,15505,,
356,NIT,National Institute of Technology Raipur,Civil Engineering,OS,46533,15601,951,1710
357,NIT,National Institute of Technology Hamirpur,Civil Engineering,OS,46739,15413,1353,3228
358,NIT,"Dr. B R Ambedkar National Institute of Technology, Jalandhar",Industrial and Production Engineering,OS,46820,15631,,2548
359,NIT,"Sardar Vallabhbhai National Institute of Technology, Surat",Physics,OS,46949,18009,1607,3257
360,GFTI,"J.K. Institute of Applied Physics & Technology, Department of Electronics & Communication, University of Allahabad- Allahabad",Computer Science and Engineering with Major in Artificial Intelligence,AI,46987,18865,1348,1840
361,NIT,"National Institute of Technology, Rourkela",Chemistry,OS,47082,15365,,
362,NIT,National Institute of Technology Patna,Civil Engineering,OS,47144,15906,1100,1928
363,GFTI,"J.K. Institute of Applied Physics & Technology, Department of Electronics & Communication, University of Allahabad- Allahabad",Computer Science and Engineering,AI,47381,18477,,1656
364,NIT,National Institute of Technology Hamirpur,Materials Science and Engineering,OS,47981,16199,1778,2469
365,NIT,"National Institute of Technology, Srinagar",Mechanical Engineering,OS,47993,15820,1576,2410
366,GFTI,"Birla Institute of Technology, Patna Off-Campus",Computer Science and Engineering,AI,48378,18840,1504,2257
367,NIT,National Institute of Technology Durgapur,Bio Technology,OS,48446,16020,1180,1668
368,IIIT,"Indian Institute of Information Technology, Design & Manufacturing, Kancheepuram",Smart Manufacturing,AI,48552,16809,980,1837
369,NIT,"National Institute of Technology, Uttarakhand",Civil Engineering,OS,48853,16010,,1429
370,NIT,National Institute of Technology Durgapur,Biotechnology,OS,48949,16893,,
371,NIT,"National Institute of Technology, Rourkela",Life Science,OS,48991,17332,,
372,NIT,"Dr. B R Ambedkar National Institute of Technology, Jalandhar",Bio Technology,OS,49148,16299,593,
373,NIT,National Institute of Technology Puducherry,Civil Engineering,OS,49492,16199,,919
374,IIIT,Indian Institute of Information Technology Bhagalpur,Mechatronics and Automation Engineering,AI,50166,18268,1432,3572
375,GFTI,"Puducherry Technological University, Puducherry",Computer Science and Engineering,AI,50252,19110,846,
376,GFTI,"Central University of Rajasthan, Rajasthan",Computer Science and Engineering,AI,50484,18638,,2707
377,NIT,National Institute of Technology Raipur,Metallurgical and Materials Engineering,OS,50632,17044,,2211
378,GFTI,"National Institute of Electronics and Information Technology, Ropar (Punjab)",B.Tech in CSE (AI and ML),AI,50647,22118,1226,1857
379,GFTI,Shri G. S. Institute of Technology and Science Indore,Electrical Engineering,AI,50882,,,
380,IIIT,"Indian Institute of Information Technology, Design & Manufacturing, Kancheepuram",Design Engineering,AI,50908,18076,,2217
381,GFTI,Shri G. S. Institute of Technology and Science Indore,Electronics and Instrumentation Engineering,AI,51031,,,
382,NIT,"National Institute of Technology, Andhra Pradesh",Civil Engineering,OS,51085,16656,1001,1523
383,IIIT,"Pt. Dwarka Prasad Mishra Indian Institute of Information Technology, Design & Manufacture Jabalpur",Smart Manufacturing,AI,51205,18155,1442,2519
384,GFTI,"National Institute of Electronics and Information Technology, Aurangabad (Maharashtra)",Computer Science and Engineering,AI,51218,19185,953,1619
385,IIIT,"Indian Institute of Information Technology Design & Manufacturing Kurnool, Andhra Pradesh",Mechanical Engineering with specialization in Design and Manufacturing,AI,51286,18370,1222,1950
386,NIT,"Indian Institute of Engineering Science and Technology, Shibpur",Metallurgy and Materials Engineering,OS,51609,17524,,3047
387,NIT,"Indian Institute of Engineering Science and Technology, Shibpur",Civil Engineering,OS,51785,17149,,2670
388,GFTI,"National Institute of Advanced Manufacturing Technology, Ranchi",Computer Engineering,AI,52283,19535,1473,2126
389,IIIT,"Indian Institute of Information Technology Design & Manufacturing Kurnool, Andhra Pradesh",Mechanical Engineering,AI,52287,18486,1086,2504
390,GFTI,"Birla Institute of Technology, Mesra, Ranchi",Chemical Engineering,AI,52317,19657,1590,3707
391,NIT,"National Institute of Technology, Andhra Pradesh",Metallurgical and Materials Engineering,OS,52571,17454,,
392,GFTI,"Birla Institute of Technology, Patna Off-Campus",Artificial Intelligence and Machine Learning,AI,52587,20272,1486,2508
393,NIT,"Dr. B R Ambedkar National Institute of Technology, Jalandhar",Textile Technology,OS,52639,17398,1294,3026
394,NIT,National Institute of Technology Raipur,Mining Engineering,OS,52960,17523,,
395,NIT,"National Institute of Technology, Andhra Pradesh",Bio Technology,OS,53191,17956,852,
396,NIT,National Institute of Technology Raipur,Bio Technology,OS,53379,17602,,
397,GFTI,"Puducherry Technological University, Puducherry",Electronics and Instrumentation Engineering,AI,53416,19590,,3326
398,NIT,National Institute of Technology Durgapur,Chemistry,OS,53419,18250,,
399,NIT,"National Institute of Technology, Srinagar",Chemical Engineering,OS,53917,17509,1314,3088
400,GFTI,"Birla Institute of Technology, Deoghar Off-Campus",Computer Science and Engineering,AI,54226,20545,1747,2132
401,GFTI,Shri G. S. Institute of Technology and Science Indore,Mechanical Engineering,AI,55093,,,
402,GFTI,"Birla Institute of Technology, Mesra, Ranchi",Civil Engineering,AI,55191,19224,1770,3090
403,NIT,National Institute of Technology Raipur,Bio Medical Engineering,OS,55223,18462,1080,2608
404,NIT,"Indian Institute of Engineering Science and Technology, Shibpur",Mining Engineering,OS,55315,18060,,
405,GFTI,"Institute of Infrastructure, Technology, Research and Management-Ahmedabad",Electrical Engineering,AI,55482,21574,1739,2776
406,NIT,"Sardar Vallabhbhai National Institute of Technology, Surat",Chemistry,OS,55715,19371,1600,2386
407,GFTI,Shri G. S. Institute of Technology and Science Indore,Civil Engineering,AI,55931,,,
408,GFTI,"Gati Shakti Vishwavidyalaya, Vadodara",B.Tech in Artificial Intelligenece and Data Science (Transportation and Logistics),AI,56492,21812,,
409,NIT,"National Institute of Technology, Srinagar",Civil Engineering,OS,56689,18187,1936,3204
410,GFTI,"Birla Institute of Technology, Mesra, Ranchi",Physics,AI,56858,20632,,
411,GFTI,"Birla Institute of Technology, Mesra, Ranchi",Production and Industrial Engineering,AI,57116,20633,1618,3850
412,GFTI,"Puducherry Technological University, Puducherry",Electrical and Electronics Engineering,AI,57217,18876,,
413,GFTI,"Birla Institute of Technology, Mesra, Ranchi",Bio Technology,AI,57244,20055,,3221
414,NIT,"National Institute of Technology, Srinagar",Metallurgical and Materials Engineering,OS,57306,18807,1510,2507
415,GFTI,"Birla Institute of Technology, Patna Off-Campus",Mathematics and Computing,AI,57842,23106,,
416,GFTI,"Puducherry Technological University, Puducherry",Electronics and Communication Engineering,AI,57898,20743,1261,2041
417,GFTI,"Birla Institute of Technology, Patna Off-Campus",Electronics and Communication Engineering,AI,58077,21567,1521,3900
418,GFTI,"National Institute of Electronics and Information Technology, Aurangabad (Maharashtra)",Electronic Engineering,AI,58243,21959,1689,3610
419,GFTI,Central University of Haryana,Computer Science and Engineering,AI,58528,21454,,4202
420,GFTI,"Institute of Chemical Technology, Mumbai: Indian Oil Odisha Campus, Bhubaneswar",Chemical Engineering,AI,59137,22053,1754,2846
421,GFTI,Sant Longowal Institute of Engineering and Technology,Computer Science and Engineering,AI,59237,21442,1636,2277
422,GFTI,"J.K. Institute of Applied Physics & Technology, Department of Electronics & Communication, University of Allahabad- Allahabad",Electronics and Communication Engineering,AI,59436,21536,1087,2271
423,GFTI,"National Institute of Electronics and Information Technology, Aurangabad (Maharashtra)",Electronics System Engineering,AI,59675,20835,,2407
424,GFTI,"Puducherry Technological University, Puducherry",Chemical Engineering,AI,59691,20450,1716,
425,GFTI,"Central University of Rajasthan, Rajasthan",Electronics and Communication Engineering,AI,59833,21551,,2981
426,GFTI,"Birla Institute of Technology, Mesra, Ranchi",Food Engineering  and Technology,AI,60252,21443,,3005
427,GFTI,"National Institute of Electronics and Information Technology, Ajmer (Rajasthan)","Computer Science and Engineering (Internet of Things, Cyber Security including Block Chain Technology )",AI,60700,23667,1177,2407
428,GFTI,"Institute of Infrastructure, Technology, Research and Management-Ahmedabad",Mechanical Engineering,AI,62546,24043,,3267
429,GFTI,"Birla Institute of Technology, Deoghar Off-Campus",Electronics and Communication Engineering,AI,63072,22039,1588,2432
430,GFTI,"Puducherry Technological University, Puducherry",Mechatronics Engineering,AI,63187,22786,1120,
431,GFTI,"National Institute of Electronics and Information Technology, Patna (Bihar)",Computer Science and Engineering,AI,63949,23908,727,862
432,GFTI,"Birla Institute of Technology, Patna Off-Campus",Electrical and Electronics Engineering,AI,63970,23523,1577,3142
433,GFTI,"Gati Shakti Vishwavidyalaya, Vadodara",B.Tech in Electronics & Communication Engineering (Rail Engineering),AI,64532,24867,,
434,GFTI,"Birla Institute of Technology, Deoghar Off-Campus",Electrical and Electronics Engineering,AI,65143,24152,1435,2943
435,GFTI,"Shri Mata Vaishno Devi University, Katra, Jammu & Kashmir",Computer Science and Engineering,AI,65360,23703,1738,2624
436,GFTI,"National Institute of Advanced Manufacturing Technology, Ranchi",Mechanical Engineering,AI,65709,23891,,3204
437,GFTI,"National Institute of Electronics and Information Technology, Gorakhpur (UP)",Computer Science and Engineering with minor in AI and ML,AI,65778,24352,1712,2392
438,GFTI,Sant Longowal Institute of Engineering and Technology,Artificial Intelligence and Data Science,AI,66031,24295,,2095
439,GFTI,"School of Studies of Engineering and Technology, Guru Ghasidas Vishwavidyalaya, Bilaspur",Computer Science and Engineering,AI,66116,23753,1520,2663
440,GFTI,Sant Longowal Institute of Engineering and Technology,Electronics and Communication Engineering,AI,66243,24007,,2918
441,GFTI,"Chhattisgarh Swami Vivekanada Technical University, Bhilai (CSVTU Bhilai)",Computer Science Engineering (Artificial Intelligence),AI,66592,24537,1810,1580
442,GFTI,"Rajiv Gandhi National Aviation University, Fursatganj, Amethi (UP)",Aerospace Engineering,AI,66956,27177,,3087
443,GFTI,"Chhattisgarh Swami Vivekanada Technical University, Bhilai (CSVTU Bhilai)",Computer Science Engineering (Data Science),AI,67345,24802,1491,3246
444,GFTI,"Gati Shakti Vishwavidyalaya, Vadodara",B.Tech in Aviation Engineering,AI,67398,29046,,
445,GFTI,"Institute of Engineering and Technology, Dr. H. S. Gour University. Sagar (A Central University)",Computer Science and Engineering,AI,67933,24611,,2830
446,GFTI,"Shri Mata Vaishno Devi University, Katra, Jammu & Kashmir",B.Tech in Mathematics and Computing,AI,69306,26016,,2723
447,GFTI,Shri G. S. Institute of Technology and Science Indore,Biomedical Engineering,AI,69348,,,
448,GFTI,University of Hyderabad,Materials Engineering,AI,69838,24870,1036,946
449,GFTI,Shri G. S. Institute of Technology and Science Indore,Industrial and Production Engineering,AI,71193,,,
450,GFTI,Sant Longowal Institute of Engineering and Technology,Computer Science and Engineering,AI,71482,25148,,4054
451,GFTI,"Gurukula Kangri Vishwavidyalaya, Haridwar",Computer Science and Engineering,AI,72560,26368,1784,3609
452,GFTI,"Puducherry Technological University, Puducherry",Mechanical Engineering,AI,72610,24871,1667,
453,GFTI,"Birla Institute of Technology, Patna Off-Campus",Mechanical Engineering,AI,72666,26696,1607,3071
454,GFTI,"Birla Institute of Technology, Deoghar Off-Campus",Mechanical Engineering,AI,72874,25791,1517,3294
455,GFTI,"Institute of Infrastructure, Technology, Research and Management-Ahmedabad",Civil Engineering,AI,72881,25523,1425,3089
456,GFTI,"Gati Shakti Vishwavidyalaya, Vadodara",B.Tech in Electrical Engineering ( Rail  Engineering),AI,72946,27615,,
457,GFTI,"National Institute of Electronics and Information Technology, Gorakhpur (UP)",B. Tech in Electronics and Communication Engineering with minor in Wearable Electronics,AI,72993,27307,,3975
458,GFTI,Central University of Jammu,Computer Science and Engineering,AI,73050,25896,1474,3692
459,GFTI,"Shri Mata Vaishno Devi University, Katra, Jammu & Kashmir",Robotics and AI,AI,74007,26739,,3674
460,GFTI,CU Jharkhand,Computer Science and Engineering,AI,74114,25509,,
461,GFTI,Central University of Jammu,Computer Science and Engineering with specialization in Cyber Security,AI,75791,27150,1548,3122
462,GFTI,"Gati Shakti Vishwavidyalaya, Vadodara",B.Tech in Mechanical Engineering ( Rail  Engineering),AI,76419,29550,,
463,GFTI,"Birla Institute of Technology, Patna Off-Campus",Civil Engineering,AI,76637,28811,,3889
464,GFTI,"Rajiv Gandhi National Aviation University, Fursatganj, Amethi (UP)",Electronics and Communication Engineering (Avionics),AI,76802,28582,1779,4182
465,GFTI,Sant Longowal Institute of Engineering and Technology,Electrical Engineering,AI,77189,26723,,3560
466,GFTI,Central University of Haryana,Electrical Engineering,AI,77771,28802,1713,2989
467,GFTI,Sant Longowal Institute of Engineering and Technology,Physics,AI,77941,37052,,
468,GFTI,"Institute of Engineering and Technology, Dr. H. S. Gour University. Sagar (A Central University)",Aeronautical Engineering,AI,77992,30437,,
469,GFTI,"School of Studies of Engineering and Technology, Guru Ghasidas Vishwavidyalaya, Bilaspur",Information Technology,AI,78476,27916,1717,2863
470,GFTI,"Central University of Rajasthan, Rajasthan",Bio Medical Engineering,AI,78678,31149,,2982
471,GFTI,Central University of Jammu,Electronics and Communication Engineering (Avionics),AI,78680,30442,,
472,GFTI,"National Institute of Advanced Manufacturing Technology, Ranchi",Metallurgy and Materials Engineering,AI,79157,31546,1647,3698
473,GFTI,CU Jharkhand,Integrated B. Tech. - M. Tech in Computer Science & Engineering,AI,79221,29829,,3578
474,GFTI,"School of Studies of Engineering and Technology, Guru Ghasidas Vishwavidyalaya, Bilaspur",Electronics and Communication Engineering,AI,81193,28719,1891,3866
475,GFTI,"Shri Mata Vaishno Devi University, Katra, Jammu & Kashmir",Electronics and Communication Engineering,AI,81654,29355,,
476,GFTI,"Puducherry Technological University, Puducherry",Civil Engineering,AI,81737,28948,1666,3366
477,GFTI,"Institute of Engineering and Technology, Dr. H. S. Gour University. Sagar (A Central University)",Electronics and Communication Engineering,AI,81819,30413,,
478,GFTI,"National Institute of Advanced Manufacturing Technology, Ranchi",Production and Industrial Engineering,AI,81850,31885,1891,3427
479,GFTI,"School of Studies of Engineering and Technology, Guru Ghasidas Vishwavidyalaya, Bilaspur",Artificial Intelligence and Data Science,AI,81910,28272,1814,3674
480,GFTI,"Gurukula Kangri Vishwavidyalaya, Haridwar",Electrical Engineering,AI,83117,30804,1274,3906
481,GFTI,Central University of Jammu,Electronics and Communication Engineering,AI,84500,29949,1688,4246
482,GFTI,"Gurukula Kangri Vishwavidyalaya, Haridwar",Electronics and Communication Engineering,AI,84508,30398,1663,3795
483,GFTI,CU Jharkhand,Electrical Engineering,AI,85150,30067,,
484,GFTI,"Shri Mata Vaishno Devi University, Katra, Jammu & Kashmir",Electrical Engineering,AI,85525,30690,,4293
485,GFTI,"Shri Mata Vaishno Devi University, Katra, Jammu & Kashmir",Bio Technology,AI,85900,34440,,
486,GFTI,Sant Longowal Institute of Engineering and Technology,Mathematics,AI,85902,36292,,
487,GFTI,"Gati Shakti Vishwavidyalaya, Vadodara",B.Tech in Civil Engineering (Rail Engineering),AI,88002,32866,,
488,GFTI,Central University of Haryana,Civil Engineering,AI,89863,33925,,
489,GFTI,"Shri Mata Vaishno Devi University, Katra, Jammu & Kashmir",Mechanical Engineering,AI,90382,31672,,4296
490,GFTI,Sant Longowal Institute of Engineering and Technology,Electrical Engineering,AI,90963,33452,,
491,GFTI,CU Jharkhand,Civil Engineering,AI,91069,31755,,
492,GFTI,Central University of Jammu,Mathematics and Computing,AI,91635,34042,,
493,GFTI,Sant Longowal Institute of Engineering and Technology,Chemical Engineering,AI,92240,34031,,
494,GFTI,Sant Longowal Institute of Engineering and Technology,Civil Engineering,AI,92270,33528,,
495,GFTI,CU Jharkhand,Integrated B. Tech. - M. Tech in Electrical Engineering,AI,92728,36796,,4335
496,GFTI,Sant Longowal Institute of Engineering and Technology,Instrumentation and Control Engineering,AI,92813,34623,,
497,GFTI,"School of Studies of Engineering and Technology, Guru Ghasidas Vishwavidyalaya, Bilaspur",Electrical Engineering,AI,93844,32874,,3082
498,GFTI,Sant Longowal Institute of Engineering and Technology,Mechanical Engineering,AI,94237,34525,,
499,GFTI,Sant Longowal Institute of Engineering and Technology,Chemistry,AI,94950,37043,,
500,GFTI,"School of Studies of Engineering and Technology, Guru Ghasidas Vishwavidyalaya, Bilaspur",Animation and VFX,AI,95386,34847,,1628
501,GFTI,"Shri Mata Vaishno Devi University, Katra, Jammu & Kashmir",Civil Engineering,AI,95561,33000,,
502,GFTI,"School of Studies of Engineering and Technology, Guru Ghasidas Vishwavidyalaya, Bilaspur",Chemical Engineering,AI,96627,35458,,3549
503,GFTI,"School of Studies of Engineering and Technology, Guru Ghasidas Vishwavidyalaya, Bilaspur",Mechanical Engineering,AI,96651,34376,,
504,GFTI,Central University of Haryana,Printing and Packaging Technology,AI,96768,35072,,3584
505,GFTI,"Gurukula Kangri Vishwavidyalaya, Haridwar",Mechanical Engineering,AI,97972,35316,,3984
506,GFTI,"School of Studies of Engineering and Technology, Guru Ghasidas Vishwavidyalaya, Bilaspur",Civil Engineering,AI,99003,35032,,
507,GFTI,"National Institute of Food Technology Entrepreneurship and Management, Thanjavur",Food Technology,AI,100147,36590,1228,2651
508,GFTI,"Chhattisgarh Swami Vivekanada Technical University, Bhilai (CSVTU Bhilai)",Civil Engineering,AI,101822,36860,,3095
509,GFTI,Sant Longowal Institute of Engineering and Technology,Mechanical Engineering,AI,102094,36575,,
510,GFTI,CU Jharkhand,Metallurgical and Materials Engineering,AI,105884,38934,,
511,GFTI,"Indian Institute of Handloom Technology(IIHT), Varanasi",Handloom and Textile Technology,AI,106042,37001,1850,3514
512,GFTI,"Indian Institute of Handloom Technology, Salem",Handloom and Textile Technology,AI,106441,36628,1644,3478
513,GFTI,"School of Studies of Engineering and Technology, Guru Ghasidas Vishwavidyalaya, Bilaspur",Industrial and Production Engineering,AI,108943,37468,,
514,GFTI,"Indian Institute of Carpet Technology, Bhadohi",Carpet  and Textile Technology,AI,110109,36946,,
515,GFTI,Sant Longowal Institute of Engineering and Technology,Food Technology,AI,110531,37944,,4287
516,GFTI,"National Institute of Food Technology Entrepreneurship and Management, Kundli",Food Technology and Management,AI,110765,38043,,3467
517,GFTI,CU Jharkhand,Integrated B. Tech. - M. Tech in Civil Engineering,AI,110858,38628,,3562
518,GFTI,"Institute of Engineering and Technology, Dr. H. S. Gour University. Sagar (A Central University)",Fashion and Apparel Engineering,AI,111179,37804,,
519,GFTI,CU Jharkhand,Integrated B. Tech.- M. Tech in Metallurgical & Materials Engineering,AI,111567,39002,1461,
520,GFTI,"Institute of Engineering and Technology, Dr. H. S. Gour University. Sagar (A Central University)",Dairy Engineering,AI,112203,37955,,
521,GFTI,"Institute of Engineering and Technology, Dr. H. S. Gour University. Sagar (A Central University)",Food Engineering  and Technology,AI,114323,38538,,
