Choice,Composite,Type,InstCode,Institute,BranchCode,Branch,PwDseat,Reach,OBC-PwD_close,Gen-PwD_close
1,99.38,NIT,228,"National Institute of Technology, Warangal",4110,Computer Science and Engineering,Y,Out,154,98
2,98.75,NIT,226,"National Institute of Technology, Tiruchirappalli",4110,Computer Science and Engineering,Y,Out,18,43
3,98.12,NIT,211,"National Institute of Technology Karnataka, Surathkal",4110,Computer Science and Engineering,Y,Out,24,
4,97.88,NIT,228,"National Institute of Technology, Warangal",412F,Computer Science and Engineering ( Artificial Intelligence & Data Science),Y,Out,,119
5,97.5,NIT,223,"National Institute of Technology, Rourkela",4110,Computer Science and Engineering,Y,Out,57,118
6,96.88,NIT,206,National Institute of Technology Calicut,4110,Computer Science and Engineering,Y,Out,98,134
7,96.25,NIT,230,"Visvesvaraya National Institute of Technology, Nagpur",4110,Computer Science and Engineering,Y,Out,122,281
8,95.88,NIT,228,"National Institute of Technology, Warangal",4124,Mathematics and Computing,Y,Reach,283,
9,95.62,NIT,211,"National Institute of Technology Karnataka, Surathkal",4185,Artificial Intelligence,Y,Out,,71
10,95.62,NIT,211,"National Institute of Technology Karnataka, Surathkal",410Q,Computational and Data Science,Y,Out,,
11,95.62,NIT,202,Malaviya National Institute of Technology Jaipur,4110,Computer Science and Engineering,Y,Out,74,138
12,95.0,NIT,223,"National Institute of Technology, Rourkela",4185,Artificial Intelligence,Y,Out,,
13,95.0,NIT,204,Motilal Nehru National Institute of Technology Allahabad,4110,Computer Science and Engineering,Y,Out,79,148
14,94.75,NIT,230,"Visvesvaraya National Institute of Technology, Nagpur",413Z,Computer Science and Engineering (Artificial Intelligence and Data Science),Y,No-data,,
15,94.38,NIT,229,"Sardar Vallabhbhai National Institute of Technology, Surat",4110,Computer Science and Engineering,Y,Out,175,163
16,94.0,NIT,223,"National Institute of Technology, Rourkela",411F,B.Tech in Mathematics and Computing,-,No-data,,
17,93.75,NIT,232,"Indian Institute of Engineering Science and Technology, Shibpur",4110,Computer Science and Engineering,Y,Reach,,795
18,93.38,NIT,228,"National Institute of Technology, Warangal",410Z,Electronics and Communication Engineering (VLSI Design and Technology),Y,Out,,528
19,93.12,NIT,202,Malaviya National Institute of Technology Jaipur,411G,Artificial Intelligence and Data Engineering,-,Out,,
20,93.12,NIT,208,National Institute of Technology Durgapur,4110,Computer Science and Engineering,Y,Out,162,406
21,92.75,NIT,230,"Visvesvaraya National Institute of Technology, Nagpur",4124,Mathematics and Computing,-,No-data,,
22,92.5,NIT,203,Maulana Azad National Institute of Technology Bhopal,4110,Computer Science and Engineering,Y,Out,136,253
23,92.12,NIT,202,Malaviya National Institute of Technology Jaipur,4124,Mathematics and Computing,Y,No-data,,
24,91.88,NIT,228,"National Institute of Technology, Warangal",4114,Electronics and Communication Engineering,Y,Out,155,
25,91.88,NIT,229,"Sardar Vallabhbhai National Institute of Technology, Surat",4185,Artificial Intelligence,Y,Out,183,430
26,91.88,NIT,229,"Sardar Vallabhbhai National Institute of Technology, Surat",5B06,Artificial Intelligence,Y,Out,,473
27,91.88,NIT,220,"National Institute of Technology, Kurukshetra",4110,Computer Science and Engineering,Y,Out,,93
28,91.88,NIT,220,"National Institute of Technology, Kurukshetra",5216,Computer Science and Engineering,Y,Out,,
29,91.5,NIT,204,Motilal Nehru National Institute of Technology Allahabad,4124,Mathematics and Computing,Y,No-data,,
30,91.25,NIT,226,"National Institute of Technology, Tiruchirappalli",4114,Electronics and Communication Engineering,Y,Out,80,183
31,91.25,NIT,219,"National Institute of Technology, Jamshedpur",4110,Computer Science and Engineering,Y,Out,114,294
32,90.88,NIT,229,"Sardar Vallabhbhai National Institute of Technology, Surat",4124,Mathematics and Computing,Y,Reach,306,
33,90.62,NIT,211,"National Institute of Technology Karnataka, Surathkal",4114,Electronics and Communication Engineering,Y,Out,,
34,90.62,NIT,224,"National Institute of Technology, Silchar",4110,Computer Science and Engineering,Y,Out,220,259
35,90.25,NIT,232,"Indian Institute of Engineering Science and Technology, Shibpur",4124,Mathematics and Computing,Y,No-data,,
36,90.0,NIT,223,"National Institute of Technology, Rourkela",4114,Electronics and Communication Engineering,Y,Out,,232
37,90.0,NIT,203,Maulana Azad National Institute of Technology Bhopal,520F,Mathematics and Data Science,-,Out,,
38,90.0,GFTI,421,University of Hyderabad,5314,Computer Science and Engineering,Y,No-data,,
39,89.75,NIT,230,"Visvesvaraya National Institute of Technology, Nagpur",411H,Electronics Engineering (VLSI Design and Technology),Y,No-data,,
40,89.62,NIT,211,"National Institute of Technology Karnataka, Surathkal",4146,Information Technology,Y,Out,,112
41,89.62,NIT,208,National Institute of Technology Durgapur,411F,B.Tech in Mathematics and Computing,Y,Borderline,430,
42,89.38,NIT,206,National Institute of Technology Calicut,4114,Electronics and Communication Engineering,Y,Out,170,252
43,89.38,NIT,220,"National Institute of Technology, Kurukshetra",4188,Artificial Intelligence and Data Science,Y,Out,,
44,89.38,NIT,220,"National Institute of Technology, Kurukshetra",410P,Artificial Intelligence and Machine Learning,Y,Out,161,321
45,88.75,NIT,230,"Visvesvaraya National Institute of Technology, Nagpur",4114,Electronics and Communication Engineering,Y,Out,200,457
46,88.75,IIIT,311,"Pt. Dwarka Prasad Mishra Indian Institute of Information Technology, Design & Manufacture Jabalpur",4110,Computer Science and Engineering,Y,Reach,330,675
47,88.38,NIT,220,"National Institute of Technology, Kurukshetra",4124,Mathematics and Computing,Y,Out,269,487
48,88.12,NIT,202,Malaviya National Institute of Technology Jaipur,4114,Electronics and Communication Engineering,Y,Out,90,
49,88.12,IIIT,301,Atal Bihari Vajpayee Indian Institute of Information Technology & Management Gwalior,4110,Computer Science and Engineering,Y,Out,229,129
50,87.88,NIT,229,"Sardar Vallabhbhai National Institute of Technology, Surat",410V,Electronics and VLSI Engineering,Y,Borderline,,1105
51,87.5,NIT,223,"National Institute of Technology, Rourkela",4142,Electronics and Instrumentation Engineering,Y,Out,,
52,87.5,NIT,204,Motilal Nehru National Institute of Technology Allahabad,4114,Electronics and Communication Engineering,Y,Out,184,365
53,87.5,IIIT,310,"Indian Institute of Information Technology, Design & Manufacturing, Kancheepuram",4110,Computer Science and Engineering,Y,Out,208,458
54,87.5,IIIT,310,"Indian Institute of Information Technology, Design & Manufacturing, Kancheepuram",5216,Computer Science and Engineering,Y,Reach,313,688
55,87.38,NIT,228,"National Institute of Technology, Warangal",4144,Electrical and Electronics Engineering,Y,Reach,356,623
56,86.88,NIT,229,"Sardar Vallabhbhai National Institute of Technology, Surat",4114,Electronics and Communication Engineering,Y,Borderline,439,668
57,86.88,GFTI,422,"Punjab Engineering College, Chandigarh",4110,Computer Science and Engineering,Y,No-data,,
58,86.75,NIT,226,"National Institute of Technology, Tiruchirappalli",4144,Electrical and Electronics Engineering,Y,Out,,194
59,86.38,NIT,228,"National Institute of Technology, Warangal",413O,Electrical and Electronics Engineering (Electric Mobility),Y,No-data,,
60,86.25,IIIT,315,Indian Institute of Information Technology Lucknow,4184,Computer Science,Y,Reach,362,346
61,86.25,IIIT,315,Indian Institute of Information Technology Lucknow,410C,Computer Science and Business,Y,Borderline,459,359
62,86.12,NIT,211,"National Institute of Technology Karnataka, Surathkal",4144,Electrical and Electronics Engineering,Y,Out,100,
63,86.0,IIIT,310,"Indian Institute of Information Technology, Design & Manufacturing, Kancheepuram",4196,Computer Science and Engineering with Major in Artificial Intelligence,Y,Out,267,363
64,85.62,NIT,208,National Institute of Technology Durgapur,4114,Electronics and Communication Engineering,Y,Out,,506
65,85.62,IIIT,307,"Indian Institute of Information Technology (IIIT), Sri City, Chittoor",4110,Computer Science and Engineering,Y,SAFE,1224,1377
66,85.5,NIT,223,"National Institute of Technology, Rourkela",4111,Electrical Engineering,Y,Out,261,478
67,85.38,NIT,220,"National Institute of Technology, Kurukshetra",412B,Microelectronics & VLSI Engineering,Y,Out,,
68,85.38,GFTI,422,"Punjab Engineering College, Chandigarh",4603,Computer Science Engineering (Artificial Intelligence),Y,No-data,,
69,85.38,GFTI,422,"Punjab Engineering College, Chandigarh",4604,Computer Science Engineering (Data Science),Y,No-data,,
70,85.25,NIT,232,"Indian Institute of Engineering Science and Technology, Shibpur",4146,Information Technology,Y,Borderline,424,911
71,85.0,NIT,203,Maulana Azad National Institute of Technology Bhopal,4114,Electronics and Communication Engineering,Y,Reach,304,636
72,85.0,IIIT,320,Indian Institute of Information Technology (IIIT) Nagpur,410G,Computer Science Engineering (Human Computer lnteraction and Gaming Technology),Y,Good,610,1155
73,85.0,IIIT,320,Indian Institute of Information Technology (IIIT) Nagpur,4110,Computer Science and Engineering,Y,Good,666,871
74,84.88,NIT,206,National Institute of Technology Calicut,4144,Electrical and Electronics Engineering,Y,Out,264,557
75,84.75,IIIT,315,Indian Institute of Information Technology Lucknow,4190,Computer Science and Artificial Intelligence,Y,Borderline,451,222
76,84.38,NIT,220,"National Institute of Technology, Kurukshetra",4114,Electronics and Communication Engineering,Y,Out,183,167
77,84.38,NIT,220,"National Institute of Technology, Kurukshetra",5234,Electronics and Communication Engineering,Y,Out,,
78,84.38,IIIT,321,Indian Institute of Information Technology (IIIT) Pune,4110,Computer Science and Engineering,Y,Good,578,737
79,84.25,NIT,230,"Visvesvaraya National Institute of Technology, Nagpur",4144,Electrical and Electronics Engineering,Y,Good,516,1033
80,83.75,NIT,232,"Indian Institute of Engineering Science and Technology, Shibpur",4153,Electronics and Telecommunication Engineering,Y,Good,685,1221
81,83.75,NIT,219,"National Institute of Technology, Jamshedpur",4114,Electronics and Communication Engineering,Y,Borderline,390,
82,83.75,IIIT,308,"Indian Institute of Information Technology(IIIT), Vadodara, Gujrat",4110,Computer Science and Engineering,Y,SAFE,1740,1829
83,83.75,IIIT,308,"Indian Institute of Information Technology(IIIT), Vadodara, Gujrat",410J,Computer Science and Engineering (Cyber Security),Y,No-data,,
84,83.62,NIT,202,Malaviya National Institute of Technology Jaipur,4111,Electrical Engineering,Y,Good,507,1057
85,83.5,IIIT,320,Indian Institute of Information Technology (IIIT) Nagpur,410E,Computer Science Engineering (Artificial lntelligence and Machine Learning),Y,No-data,,
86,83.5,IIIT,320,Indian Institute of Information Technology (IIIT) Nagpur,410F,Computer Science Engineering (Data Science and Analytics),Y,Good,679,932
87,83.38,NIT,228,"National Institute of Technology, Warangal",4125,Mechanical Engineering,Y,Borderline,455,548
88,83.38,NIT,220,"National Institute of Technology, Kurukshetra",4146,Information Technology,Y,Out,111,
89,83.38,GFTI,422,"Punjab Engineering College, Chandigarh",4124,Mathematics and Computing,Y,No-data,,
90,83.12,NIT,224,"National Institute of Technology, Silchar",4114,Electronics and Communication Engineering,Y,Borderline,391,970
91,83.12,IIIT,307,"Indian Institute of Information Technology (IIIT), Sri City, Chittoor",4188,Artificial Intelligence and Data Science,Y,SAFE,1180,378
92,83.12,NIT,207,National Institute of Technology Delhi,4110,Computer Science and Engineering,Y,Out,,
93,83.0,NIT,204,Motilal Nehru National Institute of Technology Allahabad,4111,Electrical Engineering,Y,Reach,361,630
94,82.75,NIT,226,"National Institute of Technology, Tiruchirappalli",4125,Mechanical Engineering,Y,Out,222,393
95,82.5,NIT,214,National Institute of Technology Patna,4110,Computer Science and Engineering,Y,Out,227,589
96,82.5,NIT,214,National Institute of Technology Patna,520I,Computer Science and Engineering with Specialization in Cyber Security,-,Borderline,431,
97,82.38,NIT,229,"Sardar Vallabhbhai National Institute of Technology, Surat",4111,Electrical Engineering,Y,Good,611,1287
98,82.12,NIT,211,"National Institute of Technology Karnataka, Surathkal",4125,Mechanical Engineering,Y,Out,257,611
99,81.88,IIIT,309,"Indian Institute of Information Technology, Allahabad",4114,Electronics and Communication Engineering,Y,Reach,288,524
100,81.88,IIIT,309,"Indian Institute of Information Technology, Allahabad",5234,Electronics and Communication Engineering,-,No-data,,
101,81.88,IIIT,321,Indian Institute of Information Technology (IIIT) Pune,4188,Artificial Intelligence and Data Science,Y,No-data,,
102,81.88,NIT,216,National Institute of Technology Raipur,4110,Computer Science and Engineering,Y,Out,187,439
103,81.75,NIT,226,"National Institute of Technology, Tiruchirappalli",4148,Instrumentation and Control Engineering,Y,Good,503,789
104,81.75,NIT,232,"Indian Institute of Engineering Science and Technology, Shibpur",4111,Electrical Engineering,Y,SAFE,,2208
105,81.5,NIT,223,"National Institute of Technology, Rourkela",4125,Mechanical Engineering,Y,Borderline,399,712
106,81.5,IIIT,310,"Indian Institute of Information Technology, Design & Manufacturing, Kancheepuram",523T,B.Tech. in Electronics and Communication Engineering and M.Tech. in Microelectronics and VLSI Systems,Y,Good,,1371
107,81.25,IIIT,311,"Pt. Dwarka Prasad Mishra Indian Institute of Information Technology, Design & Manufacture Jabalpur",4114,Electronics and Communication Engineering,Y,Good,672,1101
108,81.25,IIIT,308,"Indian Institute of Information Technology(IIIT), Vadodara, Gujrat",4185,Artificial Intelligence,Y,SAFE,1143,704
109,81.25,GFTI,402,"Birla Institute of Technology, Mesra, Ranchi",4110,Computer Science and Engineering,Y,Good,702,920
110,81.12,NIT,208,National Institute of Technology Durgapur,4111,Electrical Engineering,Y,Good,675,1478
111,81.0,NIT,214,National Institute of Technology Patna,520H,Computer Science and Engineering with Specialization in Data Science,-,Out,,
112,80.88,NIT,206,National Institute of Technology Calicut,4125,Mechanical Engineering,Y,Borderline,428,800
113,80.88,IIIT,309,"Indian Institute of Information Technology, Allahabad",5424,B. Tech. Information Technology-Business Informatics (IT- BIn) - Master of Business Administration (MBA),-,No-data,,
114,80.88,IIIT,309,"Indian Institute of Information Technology, Allahabad",4146,Information Technology,Y,Out,210,255
115,80.88,IIIT,309,"Indian Institute of Information Technology, Allahabad",5280,Information Technology,Y,No-data,,
116,80.88,IIIT,309,"Indian Institute of Information Technology, Allahabad",4186,Information Technology-Business Informatics,Y,Out,198,210
117,80.75,NIT,226,"National Institute of Technology, Tiruchirappalli",4145,Production Engineering,Y,Good,544,954
118,80.62,NIT,224,"National Institute of Technology, Silchar",4142,Electronics and Instrumentation Engineering,Y,Good,,1439
119,80.62,NIT,207,National Institute of Technology Delhi,4188,Artificial Intelligence and Data Science,Y,Out,,375
120,80.62,IIIT,302,"Indian Institute of Information Technology (IIIT)Kota, Rajasthan",4110,Computer Science and Engineering,Y,SAFE,1201,1470
121,80.5,NIT,203,Maulana Azad National Institute of Technology Bhopal,4111,Electrical Engineering,Y,Good,570,1175
122,80.5,NIT,203,Maulana Azad National Institute of Technology Bhopal,412X,Energy and Electrical Vehicle Engineering,-,Out,,
123,80.38,GFTI,422,"Punjab Engineering College, Chandigarh",411H,Electronics Engineering (VLSI Design and Technology),Y,No-data,,
124,80.25,NIT,230,"Visvesvaraya National Institute of Technology, Nagpur",4125,Mechanical Engineering,Y,Good,487,978
125,80.25,IIIT,308,"Indian Institute of Information Technology(IIIT), Vadodara, Gujrat",4124,Mathematics and Computing,Y,No-data,,
126,80.0,IIIT,310,"Indian Institute of Information Technology, Design & Manufacturing, Kancheepuram",521Q,B.Tech. in Electronics and Communication Engineering and M.Tech. in Communication Systems,Y,SAFE,1165,2109
127,80.0,IIIT,310,"Indian Institute of Information Technology, Design & Manufacturing, Kancheepuram",4114,Electronics and Communication Engineering,Y,Good,494,874
128,80.0,NIT,214,National Institute of Technology Patna,4188,Artificial Intelligence and Data Science,Y,Out,,638
129,80.0,IIIT,316,Indian Institute of Information Technology(IIIT) Dharwad,4110,Computer Science and Engineering,Y,SAFE,1094,1314
130,79.88,NIT,220,"National Institute of Technology, Kurukshetra",4111,Electrical Engineering,Y,Good,547,588
131,79.88,NIT,220,"National Institute of Technology, Kurukshetra",5217,Electrical Engineering,Y,Out,,373
132,79.75,GFTI,402,"Birla Institute of Technology, Mesra, Ranchi",410W,Computer Science and Engineering (Artificial Intelligence and Machine Learning),Y,No-data,,
133,79.62,NIT,202,Malaviya National Institute of Technology Jaipur,4125,Mechanical Engineering,Y,Borderline,,1006
134,79.5,NIT,223,"National Institute of Technology, Rourkela",5258,Ceramic Engineering and M.Tech Industrial Ceramic,-,Out,,
135,79.5,NIT,223,"National Institute of Technology, Rourkela",4155,Industrial Design,-,Out,,
136,79.5,NIT,203,Maulana Azad National Institute of Technology Bhopal,413N,Electrical Engineering with E Mobility,-,No-data,,
137,79.38,NIT,228,"National Institute of Technology, Warangal",4107,Chemical Engineering,Y,Reach,,811
138,79.38,NIT,228,"National Institute of Technology, Warangal",5210,Chemical Engineering,Y,Out,,
139,79.38,GFTI,422,"Punjab Engineering College, Chandigarh",4114,Electronics and Communication Engineering,Y,No-data,,
140,79.38,IIIT,318,Indian Institute of Information Technology(IIIT) Kottayam,4110,Computer Science and Engineering,Y,SAFE,1262,2375
141,79.38,IIIT,318,Indian Institute of Information Technology(IIIT) Kottayam,4195,Computer Science and Engineering with specialization in Cyber Security,Y,SAFE,983,609
142,79.25,NIT,219,"National Institute of Technology, Jamshedpur",4111,Electrical Engineering,Y,Good,539,275
143,79.0,NIT,204,Motilal Nehru National Institute of Technology Allahabad,4125,Mechanical Engineering,Y,Borderline,403,854
144,79.0,NIT,214,National Institute of Technology Patna,520O,Mathematics and Computing Technology,-,Out,,
145,78.88,NIT,206,National Institute of Technology Calicut,4145,Production Engineering,Y,SAFE,1002,1704
146,78.75,NIT,226,"National Institute of Technology, Tiruchirappalli",4107,Chemical Engineering,Y,Out,,196
147,78.75,GFTI,402,"Birla Institute of Technology, Mesra, Ranchi",5511,Quantitative Economics & Data Science,Y,Out,,
148,78.75,IIIT,314,Indian Institute of Information Technology Tiruchirappalli,4110,Computer Science and Engineering,Y,Good,657,973
149,78.62,NIT,224,"National Institute of Technology, Silchar",4111,Electrical Engineering,Y,Good,769,1698
150,78.38,NIT,229,"Sardar Vallabhbhai National Institute of Technology, Surat",4125,Mechanical Engineering,Y,SAFE,814,1278
151,78.12,NIT,211,"National Institute of Technology Karnataka, Surathkal",4107,Chemical Engineering,Y,Good,495,336
152,78.12,IIIT,307,"Indian Institute of Information Technology (IIIT), Sri City, Chittoor",4114,Electronics and Communication Engineering,Y,SAFE,1248,1521
153,78.12,IIIT,302,"Indian Institute of Information Technology (IIIT)Kota, Rajasthan",411G,Artificial Intelligence and Data Engineering,Y,SAFE,1138,1984
154,78.12,NIT,201,"Dr. B R Ambedkar National Institute of Technology, Jalandhar",4110,Computer Science and Engineering,Y,Out,198,411
155,77.88,IIIT,321,Indian Institute of Information Technology (IIIT) Pune,413X,Microelectronics and VLSI Design,Y,No-data,,
156,77.88,IIIT,318,Indian Institute of Information Technology(IIIT) Kottayam,410R,Computer Science and Engineering with specialization in Artificial Intelligence and Data Science,Y,SAFE,994,872
157,77.75,NIT,232,"Indian Institute of Engineering Science and Technology, Shibpur",4125,Mechanical Engineering,Y,SAFE,,3780
158,77.75,IIIT,315,Indian Institute of Information Technology Lucknow,4146,Information Technology,Y,Out,236,364
159,77.75,GFTI,402,"Birla Institute of Technology, Mesra, Ranchi",5506,Mathematics and Computing,Y,SAFE,,2921
160,77.5,NIT,223,"National Institute of Technology, Rourkela",4107,Chemical Engineering,Y,Reach,,788
161,77.5,NIT,223,"National Institute of Technology, Rourkela",5210,Chemical Engineering,-,No-data,,
162,77.5,IIIT,320,Indian Institute of Information Technology (IIIT) Nagpur,4114,Electronics and Communication Engineering,Y,SAFE,1458,1720
163,77.5,IIIT,320,Indian Institute of Information Technology (IIIT) Nagpur,410H,Electronics and Communication Engineering (Internet of Things),Y,SAFE,1046,2209
164,77.5,IIIT,316,Indian Institute of Information Technology(IIIT) Dharwad,413T,Artificial Intelligence and Computing,Y,No-data,,
165,77.5,IIIT,316,Indian Institute of Information Technology(IIIT) Dharwad,4181,Data Science and Artificial Intelligence,Y,SAFE,1555,2128
166,77.5,NIT,231,"National Institute of Technology, Andhra Pradesh",4110,Computer Science and Engineering,Y,Out,218,432
167,77.25,IIIT,314,Indian Institute of Information Technology Tiruchirappalli,412F,Computer Science and Engineering ( Artificial Intelligence & Data Science),Y,Reach,357,743
168,77.12,NIT,208,National Institute of Technology Durgapur,4125,Mechanical Engineering,Y,SAFE,961,1964
169,76.88,NIT,228,"National Institute of Technology, Warangal",4109,Civil Engineering,Y,Out,,531
170,76.88,NIT,206,National Institute of Technology Calicut,4107,Chemical Engineering,Y,Good,573,1016
171,76.88,IIIT,321,Indian Institute of Information Technology (IIIT) Pune,4114,Electronics and Communication Engineering,Y,Good,728,1575
172,76.88,NIT,210,National Institute of Technology Hamirpur,4110,Computer Science and Engineering,Y,Out,246,616
173,76.88,NIT,210,National Institute of Technology Hamirpur,5216,Computer Science and Engineering,Y,Reach,,669
174,76.5,NIT,203,Maulana Azad National Institute of Technology Bhopal,4125,Mechanical Engineering,Y,SAFE,839,1945
175,76.5,NIT,214,National Institute of Technology Patna,520J,Electronics and Communication Engineering with Specialization in Microelectronics and VLSI System Design,-,Good,655,
176,76.38,NIT,229,"Sardar Vallabhbhai National Institute of Technology, Surat",410B,Industrial Chemistry,Y,SAFE,1113,3431
177,76.25,NIT,226,"National Institute of Technology, Tiruchirappalli",4109,Civil Engineering,Y,Out,270,575
178,76.25,NIT,230,"Visvesvaraya National Institute of Technology, Nagpur",4107,Chemical Engineering,Y,SAFE,1179,1550
179,76.25,NIT,230,"Visvesvaraya National Institute of Technology, Nagpur",413Y,Chemical Technology (Bioprocess Technology),Y,No-data,,
180,76.25,IIIT,308,"Indian Institute of Information Technology(IIIT), Vadodara, Gujrat",4114,Electronics and Communication Engineering,Y,SAFE,1499,2985
181,76.25,NIT,215,National Institute of Technology Puducherry,4110,Computer Science and Engineering,Y,Out,104,472
182,76.12,IIIT,301,Atal Bihari Vajpayee Indian Institute of Information Technology & Management Gwalior,4144,Electrical and Electronics Engineering,Y,Good,639,748
183,76.0,NIT,214,National Institute of Technology Patna,411H,Electronics Engineering (VLSI Design and Technology),Y,SAFE,1151,1449
184,75.88,NIT,220,"National Institute of Technology, Kurukshetra",4125,Mechanical Engineering,Y,SAFE,865,
185,75.88,NIT,220,"National Institute of Technology, Kurukshetra",5233,Mechanical Engineering,Y,SAFE,,1990
186,75.88,IIIT,318,Indian Institute of Information Technology(IIIT) Kottayam,411F,B.Tech in Mathematics and Computing,Y,No-data,,
187,75.62,NIT,211,"National Institute of Technology Karnataka, Surathkal",4109,Civil Engineering,Y,Reach,368,776
188,75.62,NIT,202,Malaviya National Institute of Technology Jaipur,4107,Chemical Engineering,Y,SAFE,840,1075
189,75.62,NIT,207,National Institute of Technology Delhi,4114,Electronics and Communication Engineering,Y,Out,,304
190,75.62,NIT,201,"Dr. B R Ambedkar National Institute of Technology, Jalandhar",4185,Artificial Intelligence,Y,No-data,,
191,75.62,NIT,201,"Dr. B R Ambedkar National Institute of Technology, Jalandhar",4187,Data Science and Engineering,Y,Reach,310,703
192,75.62,IIIT,317,"Indian Institute of Information Technology Design & Manufacturing Kurnool, Andhra Pradesh",4110,Computer Science and Engineering,Y,Good,535,1103
193,75.62,IIIT,317,"Indian Institute of Information Technology Design & Manufacturing Kurnool, Andhra Pradesh",5216,Computer Science and Engineering,-,Good,546,618
194,75.25,NIT,219,"National Institute of Technology, Jamshedpur",4125,Mechanical Engineering,Y,SAFE,1415,1148
195,75.25,IIIT,308,"Indian Institute of Information Technology(IIIT), Vadodara, Gujrat",4146,Information Technology,Y,SAFE,1688,1853
196,75.0,NIT,223,"National Institute of Technology, Rourkela",4109,Civil Engineering,Y,Borderline,427,641
197,75.0,NIT,204,Motilal Nehru National Institute of Technology Allahabad,4107,Chemical Engineering,Y,Good,750,899
198,75.0,NIT,214,National Institute of Technology Patna,4114,Electronics and Communication Engineering,Y,Good,751,755
199,75.0,IIIT,303,Indian Institute of Information Technology Guwahati,4110,Computer Science and Engineering,Y,SAFE,863,1671
200,74.88,GFTI,422,"Punjab Engineering College, Chandigarh",4111,Electrical Engineering,Y,No-data,,
201,74.62,NIT,224,"National Institute of Technology, Silchar",4125,Mechanical Engineering,Y,SAFE,1335,1298
202,74.62,NIT,201,"Dr. B R Ambedkar National Institute of Technology, Jalandhar",4124,Mathematics and Computing,Y,Reach,,828
203,74.38,NIT,228,"National Institute of Technology, Warangal",4127,Metallurgical and Materials Engineering,Y,Borderline,,1125
204,74.38,NIT,228,"National Institute of Technology, Warangal",5243,Metallurgical and Materials Engineering,-,Out,,
205,74.38,NIT,206,National Institute of Technology Calicut,4109,Civil Engineering,Y,Borderline,434,801
206,74.38,NIT,229,"Sardar Vallabhbhai National Institute of Technology, Surat",4107,Chemical Engineering,Y,SAFE,1395,1501
207,74.38,NIT,216,National Institute of Technology Raipur,4114,Electronics and Communication Engineering,Y,Reach,282,699
208,74.38,IIIT,326,"Indian institute of information technology, Raichur, Karnataka",4110,Computer Science and Engineering,Y,Good,692,1218
209,73.88,NIT,220,"National Institute of Technology, Kurukshetra",411C,Industrial Internet of Things,Y,Good,655,1520
210,73.88,NIT,220,"National Institute of Technology, Kurukshetra",4136,Production and Industrial Engineering,Y,SAFE,,2564
211,73.75,NIT,226,"National Institute of Technology, Tiruchirappalli",4127,Metallurgical and Materials Engineering,Y,Reach,,797
212,73.75,NIT,230,"Visvesvaraya National Institute of Technology, Nagpur",4109,Civil Engineering,Y,SAFE,1047,1172
213,73.75,GFTI,402,"Birla Institute of Technology, Mesra, Ranchi",4114,Electronics and Communication Engineering,Y,SAFE,1523,2820
214,73.75,IIIT,304,"Indian Institute of Information Technology(IIIT) Kalyani, West Bengal",4110,Computer Science and Engineering,Y,SAFE,1537,1223
215,73.75,IIIT,304,"Indian Institute of Information Technology(IIIT) Kalyani, West Bengal",410J,Computer Science and Engineering (Cyber Security),-,Out,,
216,73.5,NIT,223,"National Institute of Technology, Rourkela",4106,Ceramic Engineering,Y,SAFE,,2228
217,73.5,NIT,223,"National Institute of Technology, Rourkela",4169,Food Process Engineering,-,Out,,
218,73.5,NIT,223,"National Institute of Technology, Rourkela",5509,Life Science,-,Out,,
219,73.38,NIT,216,National Institute of Technology Raipur,4146,Information Technology,Y,Reach,,727
220,73.38,NIT,210,National Institute of Technology Hamirpur,4124,Mathematics and Computing,Y,Borderline,443,664
221,73.25,NIT,219,"National Institute of Technology, Jamshedpur",4136,Production and Industrial Engineering,Y,SAFE,,2482
222,73.12,NIT,211,"National Institute of Technology Karnataka, Surathkal",4127,Metallurgical and Materials Engineering,Y,Good,531,1241
223,73.12,NIT,202,Malaviya National Institute of Technology Jaipur,4109,Civil Engineering,Y,Reach,,832
224,73.12,NIT,208,National Institute of Technology Durgapur,4107,Chemical Engineering,Y,SAFE,936,1949
225,73.12,NIT,208,National Institute of Technology Durgapur,5257,Chemical Engineering,-,Out,,
226,73.12,IIIT,302,"Indian Institute of Information Technology (IIIT)Kota, Rajasthan",4114,Electronics and Communication Engineering,Y,SAFE,1499,2383
227,73.12,IIIT,317,"Indian Institute of Information Technology Design & Manufacturing Kurnool, Andhra Pradesh",4188,Artificial Intelligence and Data Science,Y,Borderline,412,656
228,73.12,IIIT,317,"Indian Institute of Information Technology Design & Manufacturing Kurnool, Andhra Pradesh",523U,Artificial Intelligence and Data Science,-,No-data,,
229,73.12,IIIT,319,Indian Institute of Information Technology (IIIT) Ranchi,4110,Computer Science and Engineering,Y,SAFE,1566,2002
230,72.88,NIT,206,National Institute of Technology Calicut,5A09,B. Tech. (Mathematics & Computing) M. Tech. in (Mathematics & Computing),Y,No-data,,
231,72.88,NIT,206,National Institute of Technology Calicut,4198,Energy Engineering,Y,Good,630,1146
232,72.75,NIT,226,"National Institute of Technology, Tiruchirappalli",5101,Architecture,Y,Out,66,
233,72.75,IIIT,311,"Pt. Dwarka Prasad Mishra Indian Institute of Information Technology, Design & Manufacture Jabalpur",4125,Mechanical Engineering,Y,SAFE,1379,2071
234,72.75,IIIT,314,Indian Institute of Information Technology Tiruchirappalli,413G,Electronics and Communication Engineering (VLSI Design),Y,Borderline,406,
235,72.5,NIT,223,"National Institute of Technology, Rourkela",4127,Metallurgical and Materials Engineering,Y,Good,641,1439
236,72.5,NIT,223,"National Institute of Technology, Rourkela",5243,Metallurgical and Materials Engineering,-,Out,,
237,72.5,NIT,204,Motilal Nehru National Institute of Technology Allahabad,4109,Civil Engineering,Y,Reach,,736
238,72.5,NIT,203,Maulana Azad National Institute of Technology Bhopal,4107,Chemical Engineering,Y,SAFE,1403,827
239,72.5,IIIT,316,Indian Institute of Information Technology(IIIT) Dharwad,4114,Electronics and Communication Engineering,Y,SAFE,1092,2369
240,72.5,IIIT,303,Indian Institute of Information Technology Guwahati,413V,Electronics Communication and Artificial Intelligence,Y,No-data,,
241,72.5,IIIT,323,Indian Institute of Information Technology Bhopal,4110,Computer Science and Engineering,Y,SAFE,825,1625
242,72.5,IIIT,323,Indian Institute of Information Technology Bhopal,411Y,Computer Science and Engineering (Cyber Physical System),Y,SAFE,1551,1692
243,72.5,IIIT,323,Indian Institute of Information Technology Bhopal,410J,Computer Science and Engineering (Cyber Security),Y,SAFE,1649,1450
244,72.25,IIIT,304,"Indian Institute of Information Technology(IIIT) Kalyani, West Bengal",412F,Computer Science and Engineering ( Artificial Intelligence & Data Science),-,Out,,
245,71.88,NIT,206,National Institute of Technology Calicut,4123,Materials Science and Engineering,Y,Good,,1433
246,71.88,NIT,229,"Sardar Vallabhbhai National Institute of Technology, Surat",4109,Civil Engineering,Y,Good,740,1577
247,71.88,IIIT,318,Indian Institute of Information Technology(IIIT) Kottayam,4114,Electronics and Communication Engineering,Y,SAFE,1296,2339
248,71.88,IIIT,326,"Indian institute of information technology, Raichur, Karnataka",4188,Artificial Intelligence and Data Science,Y,Good,568,945
249,71.88,GFTI,423,"Jawaharlal Nehru University, Delhi",4110,Computer Science and Engineering,Y,Good,746,898
250,71.62,NIT,201,"Dr. B R Ambedkar National Institute of Technology, Jalandhar",410V,Electronics and VLSI Engineering,Y,Good,632,1184
251,71.62,IIIT,319,Indian Institute of Information Technology (IIIT) Ranchi,4602,Computer Science and Engineering (with Specialization of Data Science and Artificial Intelligence),Y,SAFE,,2027
252,71.5,NIT,223,"National Institute of Technology, Rourkela",5101,Architecture,-,Out,,
253,71.5,IIIT,310,"Indian Institute of Information Technology, Design & Manufacturing, Kancheepuram",5A11,B.Tech in Mechanical Engineering and M.Tech in AI and Robotics,Y,SAFE,902,1581
254,71.5,IIIT,310,"Indian Institute of Information Technology, Design & Manufacturing, Kancheepuram",4125,Mechanical Engineering,Y,Good,619,1324
255,71.25,NIT,230,"Visvesvaraya National Institute of Technology, Nagpur",4127,Metallurgical and Materials Engineering,Y,SAFE,843,1364
256,71.25,NIT,232,"Indian Institute of Engineering Science and Technology, Shibpur",4109,Civil Engineering,Y,SAFE,,2945
257,71.25,IIIT,314,Indian Institute of Information Technology Tiruchirappalli,4114,Electronics and Communication Engineering,Y,SAFE,1104,1392
258,71.12,NIT,207,National Institute of Technology Delhi,4111,Electrical Engineering,Y,Borderline,431,598
259,71.0,NIT,204,Motilal Nehru National Institute of Technology Allahabad,4192,Engineering and Computational Mechanics,Y,Out,,
260,71.0,IIIT,323,Indian Institute of Information Technology Bhopal,412G,Computer Science and Engineering (Artificial Intelligence),Y,SAFE,1590,1081
261,71.0,IIIT,323,Indian Institute of Information Technology Bhopal,412E,Computer Science and Engineering (Data Science),Y,Good,754,1102
262,70.88,NIT,206,National Institute of Technology Calicut,5101,Architecture,Y,Out,29,98
263,70.88,GFTI,422,"Punjab Engineering College, Chandigarh",4125,Mechanical Engineering,Y,No-data,,
264,70.88,IIIT,326,"Indian institute of information technology, Raichur, Karnataka",4124,Mathematics and Computing,Y,SAFE,1504,2601
265,70.62,NIT,211,"National Institute of Technology Karnataka, Surathkal",4130,Mining Engineering,-,Out,,
266,70.62,NIT,202,Malaviya National Institute of Technology Jaipur,4127,Metallurgical and Materials Engineering,Y,Good,,1277
267,70.62,NIT,208,National Institute of Technology Durgapur,4109,Civil Engineering,Y,SAFE,1009,
268,70.62,NIT,201,"Dr. B R Ambedkar National Institute of Technology, Jalandhar",4114,Electronics and Communication Engineering,Y,Reach,373,852
269,70.62,GFTI,420,"International Institute of Information Technology, Naya Raipur",4110,Computer Science and Engineering,Y,SAFE,1042,1051
270,70.5,NIT,214,National Institute of Technology Patna,4111,Electrical Engineering,Y,SAFE,937,1695
271,70.5,NIT,214,National Institute of Technology Patna,520K,Electrical Engineering with Specialization In Power System Engineering,-,Out,,
272,70.25,NIT,230,"Visvesvaraya National Institute of Technology, Nagpur",5101,Architecture,Y,Out,87,184
273,70.0,NIT,223,"National Institute of Technology, Rourkela",4130,Mining Engineering,-,Out,,
274,70.0,NIT,223,"National Institute of Technology, Rourkela",5247,Mining Engineering,-,Out,,
275,70.0,NIT,204,Motilal Nehru National Institute of Technology Allahabad,412H,Materials Engineering,Y,No-data,,
276,70.0,NIT,203,Maulana Azad National Institute of Technology Bhopal,4109,Civil Engineering,Y,Good,726,999
277,70.0,NIT,231,"National Institute of Technology, Andhra Pradesh",4114,Electronics and Communication Engineering,Y,Good,596,615
278,70.0,GFTI,424,"International Institute of Information Technology, Bhubaneswar",4110,Computer Science and Engineering,Y,Good,741,1638
279,69.88,NIT,216,National Institute of Technology Raipur,4111,Electrical Engineering,Y,Borderline,,984
280,69.75,NIT,232,"Indian Institute of Engineering Science and Technology, Shibpur",4101,Aerospace Engineering,Y,Good,519,
281,69.75,NIT,232,"Indian Institute of Engineering Science and Technology, Shibpur",5501,Applied Geology,Y,No-data,,
282,69.62,NIT,202,Malaviya National Institute of Technology Jaipur,5101,Architecture,Y,Out,,98
283,69.62,NIT,201,"Dr. B R Ambedkar National Institute of Technology, Jalandhar",4146,Information Technology,Y,Reach,340,505
284,69.62,IIIT,319,Indian Institute of Information Technology (IIIT) Ranchi,411F,B.Tech in Mathematics and Computing,Y,SAFE,,3723
285,69.38,NIT,228,"National Institute of Technology, Warangal",4104,Bio Technology,Y,Reach,,850
286,69.38,NIT,220,"National Institute of Technology, Kurukshetra",4109,Civil Engineering,Y,SAFE,1108,924
287,69.38,NIT,220,"National Institute of Technology, Kurukshetra",5213,Civil Engineering,Y,Out,,
288,69.38,NIT,210,National Institute of Technology Hamirpur,4114,Electronics and Communication Engineering,Y,Good,671,843
289,69.38,NIT,210,National Institute of Technology Hamirpur,5234,Electronics and Communication Engineering,Y,Borderline,,1035
290,69.25,GFTI,402,"Birla Institute of Technology, Mesra, Ranchi",4144,Electrical and Electronics Engineering,Y,SAFE,1738,4034
291,69.0,IIIT,323,Indian Institute of Information Technology Bhopal,411F,B.Tech in Mathematics and Computing,Y,SAFE,1773,4161
292,68.88,GFTI,422,"Punjab Engineering College, Chandigarh",4136,Production and Industrial Engineering,Y,No-data,,
293,68.75,NIT,230,"Visvesvaraya National Institute of Technology, Nagpur",4130,Mining Engineering,-,Out,,
294,68.75,NIT,232,"Indian Institute of Engineering Science and Technology, Shibpur",4156,Metallurgy and Materials Engineering,Y,SAFE,,3875
295,68.75,NIT,219,"National Institute of Technology, Jamshedpur",4109,Civil Engineering,Y,Reach,,928
296,68.75,NIT,215,National Institute of Technology Puducherry,4114,Electronics and Communication Engineering,Y,Reach,311,674
297,68.75,GFTI,428,"Central University of Rajasthan, Rajasthan",4110,Computer Science and Engineering,Y,SAFE,,3035
298,68.12,NIT,208,National Institute of Technology Durgapur,4127,Metallurgical and Materials Engineering,Y,SAFE,1194,2331
299,68.12,NIT,224,"National Institute of Technology, Silchar",4109,Civil Engineering,Y,SAFE,1369,2581
300,68.12,IIIT,317,"Indian Institute of Information Technology Design & Manufacturing Kurnool, Andhra Pradesh",5234,Electronics and Communication Engineering,-,SAFE,803,2076
301,68.12,IIIT,317,"Indian Institute of Information Technology Design & Manufacturing Kurnool, Andhra Pradesh",4174,Electronics and Communication Engineering with specialization in Design and Manufacturing,Y,Good,574,1195
302,68.12,GFTI,420,"International Institute of Information Technology, Naya Raipur",4181,Data Science and Artificial Intelligence,Y,Reach,,832
303,68.12,NIT,209,National Institute of Technology Goa,4110,Computer Science and Engineering,Y,Out,,
304,67.88,NIT,220,"National Institute of Technology, Kurukshetra",412A,ROBOTICS & AUTOMATION,Y,Reach,366,720
305,67.88,NIT,220,"National Institute of Technology, Kurukshetra",412D,SUSTAINABLE ENERGY TECHNOLOGIES,Y,Out,,
306,67.88,GFTI,453,Central University of Karnataka,410W,Computer Science and Engineering (Artificial Intelligence and Machine Learning),Y,No-data,,
307,67.75,NIT,232,"Indian Institute of Engineering Science and Technology, Shibpur",5101,Architecture,Y,Out,,
308,67.5,NIT,223,"National Institute of Technology, Rourkela",4152,Bio Medical Engineering,-,Out,,
309,67.5,NIT,223,"National Institute of Technology, Rourkela",4104,Bio Technology,Y,Good,,1531
310,67.5,NIT,203,Maulana Azad National Institute of Technology Bhopal,4180,Materials and Metallurgical Engineering,Y,No-data,,
311,67.5,IIIT,303,Indian Institute of Information Technology Guwahati,4114,Electronics and Communication Engineering,Y,SAFE,1120,2042
312,67.5,NIT,227,"National Institute of Technology, Uttarakhand",4110,Computer Science and Engineering,Y,Out,227,605
313,67.25,NIT,219,"National Institute of Technology, Jamshedpur",4192,Engineering and Computational Mechanics,Y,Out,,
314,67.12,NIT,207,National Institute of Technology Delhi,4125,Mechanical Engineering,Y,Borderline,,1044
315,66.88,NIT,228,"National Institute of Technology, Warangal",5503,Chemistry,Y,Good,,1512
316,66.88,NIT,228,"National Institute of Technology, Warangal",5508,Mathematics,Y,Good,579,
317,66.88,NIT,228,"National Institute of Technology, Warangal",5507,Physics,Y,Out,,
318,66.88,NIT,206,National Institute of Technology Calicut,4104,Bio Technology,Y,Reach,355,266
319,66.5,NIT,203,Maulana Azad National Institute of Technology Bhopal,5101,Architecture,Y,Out,,115
320,66.5,NIT,203,Maulana Azad National Institute of Technology Bhopal,4501,Planning,Y,Out,,
321,66.5,NIT,214,National Institute of Technology Patna,4125,Mechanical Engineering,Y,SAFE,920,1996
322,66.5,NIT,214,National Institute of Technology Patna,520L,Mechanical Engineering with Specialization in Manufacturing and Industrial Engineering,-,Good,,1563
323,66.25,NIT,232,"Indian Institute of Engineering Science and Technology, Shibpur",4130,Mining Engineering,Y,Out,,
324,66.25,NIT,219,"National Institute of Technology, Jamshedpur",4127,Metallurgical and Materials Engineering,Y,Out,,
325,66.25,IIIT,304,"Indian Institute of Information Technology(IIIT) Kalyani, West Bengal",4114,Electronics and Communication Engineering,Y,SAFE,1709,2348
326,66.12,NIT,201,"Dr. B R Ambedkar National Institute of Technology, Jalandhar",4111,Electrical Engineering,Y,Good,,1140
327,65.88,NIT,220,"National Institute of Technology, Kurukshetra",5101,Architecture,Y,Out,,184
328,65.88,NIT,216,National Institute of Technology Raipur,4125,Mechanical Engineering,Y,Borderline,,1020
329,65.88,GFTI,453,Central University of Karnataka,4124,Mathematics and Computing,Y,No-data,,
330,65.62,IIIT,319,Indian Institute of Information Technology (IIIT) Ranchi,4114,Electronics and Communication Engineering,Y,SAFE,1566,2884
331,65.62,IIIT,319,Indian Institute of Information Technology (IIIT) Ranchi,4601,Electronics and Communication Engineering (with Specialization of Embedded Systems and Internet of Things),Y,SAFE,1740,2803
332,65.5,NIT,231,"National Institute of Technology, Andhra Pradesh",4144,Electrical and Electronics Engineering,Y,Good,646,965
333,65.25,GFTI,402,"Birla Institute of Technology, Mesra, Ranchi",4125,Mechanical Engineering,Y,SAFE,1674,4034
334,65.0,NIT,223,"National Institute of Technology, Rourkela",5503,Chemistry,-,Out,,
335,65.0,NIT,223,"National Institute of Technology, Rourkela",4117,Engineering Physics,-,No-data,,
336,65.0,NIT,204,Motilal Nehru National Institute of Technology Allahabad,4104,Bio Technology,Y,SAFE,731,2420
337,65.0,GFTI,421,University of Hyderabad,5313,Materials Engineering,Y,SAFE,1263,1455
338,65.0,IIIT,323,Indian Institute of Information Technology Bhopal,4114,Electronics and Communication Engineering,Y,SAFE,1674,2292
339,64.88,NIT,210,National Institute of Technology Hamirpur,4111,Electrical Engineering,Y,SAFE,1274,1734
340,64.75,IIIT,311,"Pt. Dwarka Prasad Mishra Indian Institute of Information Technology, Design & Manufacture Jabalpur",4176,Smart Manufacturing,Y,SAFE,1442,2610
341,64.38,NIT,206,National Institute of Technology Calicut,4117,Engineering Physics,Y,Good,,1671
342,64.38,GFTI,422,"Punjab Engineering College, Chandigarh",4109,Civil Engineering,Y,No-data,,
343,64.38,GFTI,423,"Jawaharlal Nehru University, Delhi",4114,Electronics and Communication Engineering,Y,SAFE,880,1822
344,64.25,NIT,215,National Institute of Technology Puducherry,4144,Electrical and Electronics Engineering,Y,Borderline,,1111
345,64.12,IIIT,301,Atal Bihari Vajpayee Indian Institute of Information Technology & Management Gwalior,411M,Mathematics and Scientific Computing,Y,Good,631,629
346,64.0,IIIT,323,Indian Institute of Information Technology Bhopal,4146,Information Technology,Y,SAFE,1290,1985
347,63.75,NIT,230,"Visvesvaraya National Institute of Technology, Nagpur",4117,Engineering Physics,Y,No-data,,
348,63.5,IIIT,310,"Indian Institute of Information Technology, Design & Manufacturing, Kancheepuram",413C,Design Engineering,Y,SAFE,,2217
349,63.5,IIIT,310,"Indian Institute of Information Technology, Design & Manufacturing, Kancheepuram",4176,Smart Manufacturing,Y,SAFE,887,1957
350,63.25,GFTI,402,"Birla Institute of Technology, Mesra, Ranchi",4136,Production and Industrial Engineering,Y,SAFE,1735,4034
351,63.12,NIT,202,Malaviya National Institute of Technology Jaipur,4117,Engineering Physics,Y,No-data,,
352,63.12,NIT,208,National Institute of Technology Durgapur,4104,Bio Technology,Y,SAFE,1286,2040
353,63.12,NIT,208,National Institute of Technology Durgapur,5296,Biotechnology,-,Out,,
354,63.12,GFTI,420,"International Institute of Information Technology, Naya Raipur",4114,Electronics and Communication Engineering,-,SAFE,981,1784
355,62.88,GFTI,422,"Punjab Engineering College, Chandigarh",4101,Aerospace Engineering,Y,No-data,,
356,62.5,NIT,214,National Institute of Technology Patna,521R,Chemical Technology,-,SAFE,1443,3410
357,62.12,NIT,201,"Dr. B R Ambedkar National Institute of Technology, Jalandhar",4125,Mechanical Engineering,Y,SAFE,1751,1217
358,61.88,NIT,229,"Sardar Vallabhbhai National Institute of Technology, Surat",5H3C,Chemistry,Y,No-data,,
359,61.88,NIT,229,"Sardar Vallabhbhai National Institute of Technology, Surat",4117,Engineering Physics,Y,SAFE,,2141
360,61.88,NIT,229,"Sardar Vallabhbhai National Institute of Technology, Surat",5H3E,Mathematics,Y,No-data,,
361,61.88,NIT,229,"Sardar Vallabhbhai National Institute of Technology, Surat",5H3D,Physics,Y,No-data,,
362,61.88,GFTI,422,"Punjab Engineering College, Chandigarh",4127,Metallurgical and Materials Engineering,Y,No-data,,
363,61.88,NIT,216,National Institute of Technology Raipur,4107,Chemical Engineering,Y,SAFE,1070,1797
364,61.88,GFTI,453,Central University of Karnataka,4114,Electronics and Communication Engineering,Y,No-data,,
365,61.5,NIT,231,"National Institute of Technology, Andhra Pradesh",4125,Mechanical Engineering,Y,SAFE,806,
366,61.5,GFTI,424,"International Institute of Information Technology, Bhubaneswar",4146,Information Technology,Y,Good,,1876
367,61.25,NIT,232,"Indian Institute of Engineering Science and Technology, Shibpur",5503,Chemistry,Y,No-data,,
368,61.25,NIT,232,"Indian Institute of Engineering Science and Technology, Shibpur",5507,Physics,-,No-data,,
369,61.25,GFTI,402,"Birla Institute of Technology, Mesra, Ranchi",4107,Chemical Engineering,Y,SAFE,1709,3978
370,61.25,GFTI,428,"Central University of Rajasthan, Rajasthan",4114,Electronics and Communication Engineering,Y,SAFE,,2981
371,61.12,NIT,201,"Dr. B R Ambedkar National Institute of Technology, Jalandhar",4148,Instrumentation and Control Engineering,Y,SAFE,1486,1050
372,60.88,NIT,210,National Institute of Technology Hamirpur,4125,Mechanical Engineering,Y,SAFE,1784,2070
373,60.62,NIT,208,National Institute of Technology Durgapur,5503,Chemistry,-,Out,,
374,60.62,NIT,207,National Institute of Technology Delhi,4109,Civil Engineering,-,Good,518,791
375,60.62,NIT,209,National Institute of Technology Goa,4114,Electronics and Communication Engineering,-,Reach,,901
376,60.38,IIIT,321,Indian Institute of Information Technology (IIIT) Pune,413W,Cyber Security,Y,No-data,,
377,60.25,NIT,215,National Institute of Technology Puducherry,4125,Mechanical Engineering,Y,SAFE,778,2209
378,60.12,NIT,201,"Dr. B R Ambedkar National Institute of Technology, Jalandhar",4149,Industrial and Production Engineering,Y,SAFE,,3491
379,60.0,NIT,203,Maulana Azad National Institute of Technology Bhopal,522S,B. Tech. and M. Tech. in Engineering and Computational Mechanics (Dual Degree),-,Out,,
380,60.0,NIT,214,National Institute of Technology Patna,4109,Civil Engineering,Y,SAFE,1185,1346
381,60.0,NIT,214,National Institute of Technology Patna,520M,Civil Engineering with Specialization in Construction Technology and Management,-,Out,,
382,60.0,GFTI,424,"International Institute of Information Technology, Bhubaneswar",4153,Electronics and Telecommunication Engineering,Y,SAFE,,2301
383,60.0,NIT,227,"National Institute of Technology, Uttarakhand",4114,Electronics and Communication Engineering,Y,SAFE,1026,1894
384,59.62,IIIT,317,"Indian Institute of Information Technology Design & Manufacturing Kurnool, Andhra Pradesh",5233,Mechanical Engineering,-,SAFE,1086,2504
385,59.62,IIIT,317,"Indian Institute of Information Technology Design & Manufacturing Kurnool, Andhra Pradesh",4175,Mechanical Engineering with specialization in Design and Manufacturing,Y,SAFE,1477,1828
386,59.38,NIT,216,National Institute of Technology Raipur,4109,Civil Engineering,Y,SAFE,962,1855
387,59.25,GFTI,405,"Institute of Infrastructure, Technology, Research and Management-Ahmedabad",4111,Electrical Engineering,Y,SAFE,1739,3225
388,59.12,NIT,207,National Institute of Technology Delhi,4101,Aerospace Engineering,-,Out,,
389,59.12,NIT,207,National Institute of Technology Delhi,411Z,VLSI Design and Technology,Y,Out,,
390,58.75,GFTI,402,"Birla Institute of Technology, Mesra, Ranchi",4109,Civil Engineering,Y,SAFE,1738,2159
391,58.5,NIT,214,National Institute of Technology Patna,411B,Mechatronics and Automation Engineering,-,Out,,
392,58.12,NIT,201,"Dr. B R Ambedkar National Institute of Technology, Jalandhar",4107,Chemical Engineering,Y,SAFE,1068,1897
393,58.0,GFTI,424,"International Institute of Information Technology, Bhubaneswar",4144,Electrical and Electronics Engineering,Y,SAFE,,2390
394,57.5,NIT,214,National Institute of Technology Patna,520N,Material Science and Engineering,-,Out,,
395,57.5,NIT,231,"National Institute of Technology, Andhra Pradesh",4107,Chemical Engineering,Y,SAFE,,2547
396,57.38,GFTI,453,Central University of Karnataka,4111,Electrical Engineering,Y,No-data,,
397,57.25,GFTI,402,"Birla Institute of Technology, Mesra, Ranchi",4167,Food Engineering  and Technology,Y,SAFE,,3005
398,56.88,NIT,216,National Institute of Technology Raipur,4127,Metallurgical and Materials Engineering,Y,SAFE,,1982
399,56.88,NIT,210,National Institute of Technology Hamirpur,4107,Chemical Engineering,Y,SAFE,1796,2083
400,56.5,NIT,214,National Institute of Technology Patna,5101,Architecture,Y,Out,,
401,56.25,NIT,205,National Institute of Technology Agartala,4110,Computer Science and Engineering,Y,Borderline,441,673
402,56.25,NIT,212,National Institute of Technology Meghalaya,4110,Computer Science and Engineering,-,Out,,
403,56.25,NIT,213,National Institute of Technology Nagaland,4110,Computer Science and Engineering,-,Out,,
404,56.25,NIT,217,National Institute of Technology Sikkim,4110,Computer Science and Engineering,Y,Reach,,925
405,56.25,NIT,218,National Institute of Technology Arunachal Pradesh,4110,Computer Science and Engineering,Y,Reach,,882
406,56.25,NIT,221,"National Institute of Technology, Manipur",4110,Computer Science and Engineering,Y,Good,675,1567
407,56.25,NIT,221,"National Institute of Technology, Manipur",5216,Computer Science and Engineering,-,No-data,,
408,56.25,NIT,222,"National Institute of Technology, Mizoram",4110,Computer Science and Engineering,Y,Good,,1542
409,56.25,NIT,225,"National Institute of Technology, Srinagar",4110,Computer Science and Engineering,Y,Good,415,1171
410,56.12,NIT,209,National Institute of Technology Goa,4144,Electrical and Electronics Engineering,Y,Good,716,1128
411,55.88,NIT,216,National Institute of Technology Raipur,5101,Architecture,Y,Out,,
412,55.62,IIIT,301,Atal Bihari Vajpayee Indian Institute of Information Technology & Management Gwalior,5B01,Integrated B. Tech.(IT) and M. Tech (IT),Y,Reach,345,371
413,55.62,IIIT,301,Atal Bihari Vajpayee Indian Institute of Information Technology & Management Gwalior,5C01,Integrated B. Tech.(IT) and MBA,Y,Good,746,305
414,55.62,NIT,201,"Dr. B R Ambedkar National Institute of Technology, Jalandhar",4109,Civil Engineering,-,Borderline,,1098
415,55.5,NIT,227,"National Institute of Technology, Uttarakhand",4144,Electrical and Electronics Engineering,-,Out,,
416,55.25,GFTI,405,"Institute of Infrastructure, Technology, Research and Management-Ahmedabad",4125,Mechanical Engineering,Y,SAFE,,3913
417,55.0,IIIT,310,"Indian Institute of Information Technology, Design & Manufacturing, Kancheepuram",4117,Engineering Physics,Y,Out,,
418,55.0,NIT,231,"National Institute of Technology, Andhra Pradesh",4109,Civil Engineering,Y,Good,684,1597
419,54.38,NIT,216,National Institute of Technology Raipur,4130,Mining Engineering,-,Out,,
420,54.38,NIT,210,National Institute of Technology Hamirpur,4109,Civil Engineering,Y,SAFE,1398,3228
421,53.75,NIT,215,National Institute of Technology Puducherry,4109,Civil Engineering,Y,Reach,,919
422,53.75,NIT,217,National Institute of Technology Sikkim,410P,Artificial Intelligence and Machine Learning,-,No-data,,
423,52.75,NIT,222,"National Institute of Technology, Mizoram",4124,Mathematics and Computing,-,Out,,
424,52.5,NIT,231,"National Institute of Technology, Andhra Pradesh",4127,Metallurgical and Materials Engineering,Y,Out,,
425,52.12,NIT,209,National Institute of Technology Goa,4125,Mechanical Engineering,Y,SAFE,1061,
426,51.88,NIT,216,National Institute of Technology Raipur,4152,Bio Medical Engineering,Y,SAFE,993,2035
427,51.88,NIT,216,National Institute of Technology Raipur,4104,Bio Technology,Y,Out,,
428,51.88,NIT,210,National Institute of Technology Hamirpur,4123,Materials Science and Engineering,Y,SAFE,1778,2849
429,51.5,NIT,227,"National Institute of Technology, Uttarakhand",4125,Mechanical Engineering,-,Out,,
430,51.25,IIIT,308,"Indian Institute of Information Technology(IIIT), Vadodara, Gujrat",413U,Applied and Computational Physics,Y,No-data,,
431,51.25,GFTI,402,"Birla Institute of Technology, Mesra, Ranchi",4104,Bio Technology,Y,SAFE,,3137
432,51.25,IIIT,305,"Indian Institute of Information Technology(IIIT) Kilohrad, Sonepat, Haryana",4110,Computer Science and Engineering,Y,SAFE,1557,1909
433,51.25,IIIT,306,"Indian Institute of Information Technology(IIIT) Una, Himachal Pradesh",4110,Computer Science and Engineering,Y,SAFE,1585,1091
434,51.25,IIIT,313,INDIAN INSTITUTE OF INFORMATION TECHNOLOGY SENAPATI MANIPUR,4110,Computer Science and Engineering,-,Out,,
435,51.25,IIIT,322,Indian Institute of Information Technology Bhagalpur,4110,Computer Science and Engineering,Y,SAFE,1722,2488
436,51.25,IIIT,324,Indian Institute of Information Technology Surat,4110,Computer Science and Engineering,Y,Good,633,994
437,51.25,IIIT,325,"Indian Institute of Information Technology, Agartala",4110,Computer Science and Engineering,Y,SAFE,1306,2560
438,51.25,IIIT,327,"Indian Institute of Information Technology, Vadodara International Campus Diu (IIITVICD)",4110,Computer Science and Engineering,Y,SAFE,1631,2532
439,51.25,IIIT,306,"Indian Institute of Information Technology(IIIT) Una, Himachal Pradesh",410J,Computer Science and Engineering (Cyber Security),-,Good,,1413
440,51.25,IIIT,324,Indian Institute of Information Technology Surat,410J,Computer Science and Engineering (Cyber Security),Y,Reach,,876
441,51.25,IIIT,327,"Indian Institute of Information Technology, Vadodara International Campus Diu (IIITVICD)",410J,Computer Science and Engineering (Cyber Security),Y,No-data,,
442,51.25,IIIT,313,INDIAN INSTITUTE OF INFORMATION TECHNOLOGY SENAPATI MANIPUR,4195,Computer Science and Engineering with specialization in Cyber Security,-,Out,,
443,51.25,IIIT,313,INDIAN INSTITUTE OF INFORMATION TECHNOLOGY SENAPATI MANIPUR,413H,Computer Science and Engineering with specialization in Quantum Technologies,-,Out,,
444,50.88,NIT,210,National Institute of Technology Hamirpur,5101,Architecture,Y,Out,,
445,50.0,GFTI,412,"School of Engineering, Tezpur University, Napaam, Tezpur",5418,B.Tech. (Computer Science and Engineering) - MBA,-,Out,,
446,50.0,GFTI,401,"Assam University, Silchar",4110,Computer Science and Engineering,Y,Good,,1618
447,50.0,GFTI,403,"Gurukula Kangri Vishwavidyalaya, Haridwar",4110,Computer Science and Engineering,Y,SAFE,1784,4139
448,50.0,GFTI,406,"School of Studies of Engineering and Technology, Guru Ghasidas Vishwavidyalaya, Bilaspur",4110,Computer Science and Engineering,Y,SAFE,1843,2436
449,50.0,GFTI,408,"National Institute of Electronics and Information Technology, Aurangabad (Maharashtra)",4110,Computer Science and Engineering,Y,SAFE,953,1619
450,50.0,GFTI,409,"National Institute of Advanced Manufacturing Technology, Ranchi",4110,Computer Science and Engineering,Y,No-data,,
451,50.0,GFTI,410,Sant Longowal Institute of Engineering and Technology,4110,Computer Science and Engineering,Y,SAFE,1672,3081
452,50.0,GFTI,410,Sant Longowal Institute of Engineering and Technology,5216,Computer Science and Engineering,Y,SAFE,,4054
453,50.0,GFTI,412,"School of Engineering, Tezpur University, Napaam, Tezpur",4110,Computer Science and Engineering,-,Out,,
454,50.0,GFTI,416,"Shri Mata Vaishno Devi University, Katra, Jammu & Kashmir",4110,Computer Science and Engineering,Y,SAFE,1738,2554
455,50.0,GFTI,425,"Central institute of Technology Kokrajar, Assam",4110,Computer Science and Engineering,Y,SAFE,,3945
456,50.0,GFTI,426,"Puducherry Technological University, Puducherry",4110,Computer Science and Engineering,-,SAFE,846,
457,50.0,GFTI,432,"North Eastern Regional Institute of Science and Technology, Nirjuli-791109 (Itanagar),Arunachal Pradesh",4110,Computer Science and Engineering,-,Out,,
458,50.0,GFTI,434,"Chhattisgarh Swami Vivekanada Technical University, Bhilai (CSVTU Bhilai)",4110,Computer Science and Engineering,Y,No-data,,
459,50.0,GFTI,437,Central University of Jammu,4110,Computer Science and Engineering,Y,SAFE,1474,3326
460,50.0,GFTI,438,"Institute of Engineering and Technology, Dr. H. S. Gour University. Sagar (A Central University)",4110,Computer Science and Engineering,-,SAFE,,2830
461,50.0,GFTI,439,Central University of Haryana,4110,Computer Science and Engineering,Y,SAFE,,4225
462,50.0,GFTI,440,"Birla Institute of Technology, Deoghar Off-Campus",4110,Computer Science and Engineering,Y,SAFE,1747,2311
463,50.0,GFTI,441,"Birla Institute of Technology, Patna Off-Campus",4110,Computer Science and Engineering,Y,SAFE,1534,1559
464,50.0,GFTI,444,CU Jharkhand,4110,Computer Science and Engineering,-,Out,,
465,50.0,GFTI,446,"National Institute of Electronics and Information Technology, Patna (Bihar)",4110,Computer Science and Engineering,Y,Good,727,862
466,50.0,GFTI,451,Shri G. S. Institute of Technology and Science Indore,4110,Computer Science and Engineering,-,Out,,
467,50.0,GFTI,460,"Central University of Punjab, Bathinda",4110,Computer Science and Engineering,Y,No-data,,
468,50.0,GFTI,447,"National Institute of Electronics and Information Technology, Ajmer (Rajasthan)",413K,"Computer Science and Engineering (Internet of Things, Cyber Security including Block Chain Technology )",Y,SAFE,1177,2407
469,50.0,GFTI,448,"National Institute of Electronics and Information Technology, Gorakhpur (UP)",413L,Computer Science and Engineering with minor in AI and ML,Y,SAFE,1712,2392
470,50.0,GFTI,437,Central University of Jammu,4195,Computer Science and Engineering with specialization in Cyber Security,Y,SAFE,1548,4205
471,49.75,IIIT,305,"Indian Institute of Information Technology(IIIT) Kilohrad, Sonepat, Haryana",411J,Computer Science & Engineering (Data Science and Analytics),Y,No-data,,
472,49.75,IIIT,324,Indian Institute of Information Technology Surat,410W,Computer Science and Engineering (Artificial Intelligence and Machine Learning),Y,Borderline,,1038
473,49.75,IIIT,305,"Indian Institute of Information Technology(IIIT) Kilohrad, Sonepat, Haryana",412G,Computer Science and Engineering (Artificial Intelligence),Y,No-data,,
474,49.75,IIIT,306,"Indian Institute of Information Technology(IIIT) Una, Himachal Pradesh",412E,Computer Science and Engineering (Data Science),Y,Out,,
475,49.75,IIIT,313,INDIAN INSTITUTE OF INFORMATION TECHNOLOGY SENAPATI MANIPUR,410R,Computer Science and Engineering with specialization in Artificial Intelligence and Data Science,-,Out,,
476,49.12,NIT,201,"Dr. B R Ambedkar National Institute of Technology, Jalandhar",4139,Textile Technology,Y,SAFE,1294,3284
477,48.75,GFTI,402,"Birla Institute of Technology, Mesra, Ranchi",5507,Physics,Y,Out,,
478,48.75,GFTI,405,"Institute of Infrastructure, Technology, Research and Management-Ahmedabad",4109,Civil Engineering,Y,SAFE,1425,3336
479,48.75,IIIT,327,"Indian Institute of Information Technology, Vadodara International Campus Diu (IIITVICD)",4185,Artificial Intelligence,Y,SAFE,,3121
480,48.75,NIT,205,National Institute of Technology Agartala,4114,Electronics and Communication Engineering,Y,Good,689,1584
481,48.75,NIT,212,National Institute of Technology Meghalaya,4114,Electronics and Communication Engineering,Y,Good,,1354
482,48.75,NIT,213,National Institute of Technology Nagaland,4114,Electronics and Communication Engineering,-,SAFE,,2034
483,48.75,NIT,217,National Institute of Technology Sikkim,4114,Electronics and Communication Engineering,Y,SAFE,966,
484,48.75,NIT,218,National Institute of Technology Arunachal Pradesh,4114,Electronics and Communication Engineering,Y,SAFE,1196,1963
485,48.75,NIT,221,"National Institute of Technology, Manipur",4114,Electronics and Communication Engineering,Y,SAFE,1157,
486,48.75,NIT,221,"National Institute of Technology, Manipur",5234,Electronics and Communication Engineering,-,No-data,,
487,48.75,NIT,222,"National Institute of Technology, Mizoram",4114,Electronics and Communication Engineering,Y,SAFE,,2374
488,48.75,NIT,225,"National Institute of Technology, Srinagar",4114,Electronics and Communication Engineering,Y,SAFE,970,2024
489,48.5,GFTI,434,"Chhattisgarh Swami Vivekanada Technical University, Bhilai (CSVTU Bhilai)",4603,Computer Science Engineering (Artificial Intelligence),Y,SAFE,1810,1622
490,48.5,GFTI,427,"Ghani Khan Choudhary Institute of Engineering and Technology, Malda, West Bengal",410E,Computer Science Engineering (Artificial lntelligence and Machine Learning),-,No-data,,
491,48.5,GFTI,434,"Chhattisgarh Swami Vivekanada Technical University, Bhilai (CSVTU Bhilai)",4604,Computer Science Engineering (Data Science),Y,SAFE,1649,3964
492,48.5,GFTI,440,"Birla Institute of Technology, Deoghar Off-Campus",410W,Computer Science and Engineering (Artificial Intelligence and Machine Learning),Y,No-data,,
493,48.5,GFTI,441,"Birla Institute of Technology, Patna Off-Campus",410W,Computer Science and Engineering (Artificial Intelligence and Machine Learning),Y,No-data,,
494,48.5,GFTI,455,"National Institute of Electronics and Information Technology, Aizawl",410W,Computer Science and Engineering (Artificial Intelligence and Machine Learning),Y,No-data,,
495,48.5,GFTI,407,"J.K. Institute of Applied Physics & Technology, Department of Electronics & Communication, University of Allahabad- Allahabad",4196,Computer Science and Engineering with Major in Artificial Intelligence,Y,SAFE,1163,1885
496,48.12,NIT,201,"Dr. B R Ambedkar National Institute of Technology, Jalandhar",4104,Bio Technology,Y,Good,593,
497,47.75,IIIT,324,Indian Institute of Information Technology Surat,411F,B.Tech in Mathematics and Computing,Y,No-data,,
498,47.75,NIT,225,"National Institute of Technology, Srinagar",4146,Information Technology,Y,Good,510,1225
499,47.75,IIIT,322,Indian Institute of Information Technology Bhagalpur,4124,Mathematics and Computing,Y,SAFE,,3028
500,47.5,NIT,231,"National Institute of Technology, Andhra Pradesh",4104,Bio Technology,Y,Good,698,
501,47.5,GFTI,449,"Rajiv Gandhi National Aviation University, Fursatganj, Amethi (UP)",413R,Artificial Intelligence & Data Science - Aviation Systems,Y,No-data,,
502,47.5,GFTI,406,"School of Studies of Engineering and Technology, Guru Ghasidas Vishwavidyalaya, Bilaspur",4188,Artificial Intelligence and Data Science,Y,SAFE,1814,3674
503,47.5,GFTI,410,Sant Longowal Institute of Engineering and Technology,4188,Artificial Intelligence and Data Science,Y,SAFE,,2095
504,47.5,GFTI,426,"Puducherry Technological University, Puducherry",4188,Artificial Intelligence and Data Science,-,No-data,,
505,47.5,GFTI,452,National Institute of Technical Teachers Training and Research Bhopal,410P,Artificial Intelligence and Machine Learning,Y,No-data,,
506,47.5,GFTI,460,"Central University of Punjab, Bathinda",523V,Artificial Intelligence and Machine Learning,Y,No-data,,
507,47.5,GFTI,443,"Gati Shakti Vishwavidyalaya, Vadodara",411V,B.Tech in Artificial Intelligenece and Data Science (Transportation and Logistics),Y,Out,,
508,47.25,GFTI,405,"Institute of Infrastructure, Technology, Research and Management-Ahmedabad",4151,Computer Engineering,Y,SAFE,977,2296
509,46.5,GFTI,416,"Shri Mata Vaishno Devi University, Katra, Jammu & Kashmir",411F,B.Tech in Mathematics and Computing,Y,SAFE,,2723
510,46.5,GFTI,437,Central University of Jammu,4124,Mathematics and Computing,Y,Out,,
511,46.5,GFTI,440,"Birla Institute of Technology, Deoghar Off-Campus",5506,Mathematics and Computing,Y,No-data,,
512,46.5,GFTI,441,"Birla Institute of Technology, Patna Off-Campus",5506,Mathematics and Computing,-,Out,,
513,46.25,NIT,205,National Institute of Technology Agartala,4142,Electronics and Instrumentation Engineering,Y,SAFE,,2475
514,46.25,NIT,213,National Institute of Technology Nagaland,4142,Electronics and Instrumentation Engineering,Y,SAFE,1754,4118
515,45.62,NIT,209,National Institute of Technology Goa,4109,Civil Engineering,Y,Good,,1603
516,45.25,IIIT,313,INDIAN INSTITUTE OF INFORMATION TECHNOLOGY SENAPATI MANIPUR,410M,Electronics and Communication Engineering with specialization in VLSI and Embedded Systems,-,Out,,
517,45.0,NIT,227,"National Institute of Technology, Uttarakhand",4109,Civil Engineering,-,Good,,1429
518,44.38,NIT,210,National Institute of Technology Hamirpur,4117,Engineering Physics,Y,SAFE,1646,3298
519,44.25,NIT,205,National Institute of Technology Agartala,4111,Electrical Engineering,Y,SAFE,1528,2121
520,44.25,NIT,218,National Institute of Technology Arunachal Pradesh,4111,Electrical Engineering,Y,SAFE,1269,
521,44.25,NIT,221,"National Institute of Technology, Manipur",4111,Electrical Engineering,Y,SAFE,1507,
522,44.25,NIT,221,"National Institute of Technology, Manipur",5217,Electrical Engineering,-,No-data,,
523,44.25,NIT,222,"National Institute of Technology, Mizoram",4111,Electrical Engineering,Y,SAFE,1512,
524,44.25,NIT,225,"National Institute of Technology, Srinagar",4111,Electrical Engineering,Y,SAFE,1458,2781
525,44.25,NIT,212,National Institute of Technology Meghalaya,4144,Electrical and Electronics Engineering,Y,SAFE,1665,
526,44.25,NIT,213,National Institute of Technology Nagaland,4144,Electrical and Electronics Engineering,-,SAFE,,3249
527,44.25,NIT,217,National Institute of Technology Sikkim,4144,Electrical and Electronics Engineering,Y,SAFE,1523,
528,44.0,GFTI,445,"National Institute of Electronics and Information Technology, Ropar (Punjab)",410Z,Electronics and Communication Engineering (VLSI Design and Technology),Y,No-data,,
529,43.75,IIIT,306,"Indian Institute of Information Technology(IIIT) Una, Himachal Pradesh",4114,Electronics and Communication Engineering,Y,SAFE,1585,3858
530,43.75,IIIT,313,INDIAN INSTITUTE OF INFORMATION TECHNOLOGY SENAPATI MANIPUR,4114,Electronics and Communication Engineering,-,Out,,
531,43.75,IIIT,322,Indian Institute of Information Technology Bhagalpur,4114,Electronics and Communication Engineering,Y,SAFE,1626,3228
532,43.75,IIIT,324,Indian Institute of Information Technology Surat,4114,Electronics and Communication Engineering,Y,SAFE,1075,2342
533,43.75,IIIT,327,"Indian Institute of Information Technology, Vadodara International Campus Diu (IIITVICD)",4114,Electronics and Communication Engineering,Y,SAFE,1739,3623
534,42.75,IIIT,305,"Indian Institute of Information Technology(IIIT) Kilohrad, Sonepat, Haryana",4146,Information Technology,Y,SAFE,1626,1386
535,42.5,GFTI,448,"National Institute of Electronics and Information Technology, Gorakhpur (UP)",413M,B. Tech in Electronics and Communication Engineering with minor in Wearable Electronics,Y,SAFE,,3975
536,42.5,GFTI,412,"School of Engineering, Tezpur University, Napaam, Tezpur",5420,B.Tech. (Electronics and Communication Engineering) - MBA,Y,Out,,
537,42.5,GFTI,401,"Assam University, Silchar",4114,Electronics and Communication Engineering,Y,SAFE,,3972
538,42.5,GFTI,403,"Gurukula Kangri Vishwavidyalaya, Haridwar",4114,Electronics and Communication Engineering,Y,SAFE,1663,3854
539,42.5,GFTI,406,"School of Studies of Engineering and Technology, Guru Ghasidas Vishwavidyalaya, Bilaspur",4114,Electronics and Communication Engineering,Y,SAFE,1891,4054
540,42.5,GFTI,407,"J.K. Institute of Applied Physics & Technology, Department of Electronics & Communication, University of Allahabad- Allahabad",4114,Electronics and Communication Engineering,Y,SAFE,1558,3271
541,42.5,GFTI,410,Sant Longowal Institute of Engineering and Technology,4114,Electronics and Communication Engineering,Y,SAFE,,2918
542,42.5,GFTI,411,"Mizoram University, Aizawl",4114,Electronics and Communication Engineering,Y,SAFE,,3396
543,42.5,GFTI,412,"School of Engineering, Tezpur University, Napaam, Tezpur",4114,Electronics and Communication Engineering,Y,Out,,
544,42.5,GFTI,416,"Shri Mata Vaishno Devi University, Katra, Jammu & Kashmir",4114,Electronics and Communication Engineering,Y,Out,,
545,42.5,GFTI,425,"Central institute of Technology Kokrajar, Assam",4114,Electronics and Communication Engineering,-,Out,,
546,42.5,GFTI,426,"Puducherry Technological University, Puducherry",4114,Electronics and Communication Engineering,-,SAFE,1405,1468
547,42.5,GFTI,432,"North Eastern Regional Institute of Science and Technology, Nirjuli-791109 (Itanagar),Arunachal Pradesh",4114,Electronics and Communication Engineering,-,Out,,
548,42.5,GFTI,436,"North-Eastern Hill University, Shillong",4114,Electronics and Communication Engineering,Y,SAFE,,3078
549,42.5,GFTI,437,Central University of Jammu,4114,Electronics and Communication Engineering,Y,SAFE,1688,4293
550,42.5,GFTI,438,"Institute of Engineering and Technology, Dr. H. S. Gour University. Sagar (A Central University)",4114,Electronics and Communication Engineering,-,Out,,
551,42.5,GFTI,440,"Birla Institute of Technology, Deoghar Off-Campus",4114,Electronics and Communication Engineering,Y,SAFE,1588,2432
552,42.5,GFTI,441,"Birla Institute of Technology, Patna Off-Campus",4114,Electronics and Communication Engineering,Y,SAFE,1521,3530
553,42.5,GFTI,452,National Institute of Technical Teachers Training and Research Bhopal,4114,Electronics and Communication Engineering,Y,No-data,,
554,42.5,GFTI,437,Central University of Jammu,410I,Electronics and Communication Engineering (Avionics),Y,Out,,
555,42.5,GFTI,449,"Rajiv Gandhi National Aviation University, Fursatganj, Amethi (UP)",410I,Electronics and Communication Engineering (Avionics),Y,SAFE,1779,4182
556,41.5,GFTI,406,"School of Studies of Engineering and Technology, Guru Ghasidas Vishwavidyalaya, Bilaspur",4146,Information Technology,Y,SAFE,1717,2244
557,41.5,GFTI,411,"Mizoram University, Aizawl",4146,Information Technology,Y,SAFE,,3505
558,41.5,GFTI,426,"Puducherry Technological University, Puducherry",4146,Information Technology,-,SAFE,,2834
559,41.5,GFTI,436,"North-Eastern Hill University, Shillong",4146,Information Technology,Y,SAFE,,3696
560,41.5,GFTI,451,Shri G. S. Institute of Technology and Science Indore,4146,Information Technology,-,Out,,
561,40.25,NIT,205,National Institute of Technology Agartala,4125,Mechanical Engineering,Y,SAFE,1514,3534
562,40.25,NIT,212,National Institute of Technology Meghalaya,4125,Mechanical Engineering,-,Out,,
563,40.25,NIT,213,National Institute of Technology Nagaland,4125,Mechanical Engineering,-,Out,,
564,40.25,NIT,217,National Institute of Technology Sikkim,4125,Mechanical Engineering,-,Out,,
565,40.25,NIT,218,National Institute of Technology Arunachal Pradesh,4125,Mechanical Engineering,Y,SAFE,1521,
566,40.25,NIT,221,"National Institute of Technology, Manipur",4125,Mechanical Engineering,Y,SAFE,1528,3757
567,40.25,NIT,221,"National Institute of Technology, Manipur",5233,Mechanical Engineering,-,No-data,,
568,40.25,NIT,222,"National Institute of Technology, Mizoram",4125,Mechanical Engineering,Y,SAFE,,4235
569,40.25,NIT,225,"National Institute of Technology, Srinagar",4125,Mechanical Engineering,Y,SAFE,1825,2582
570,40.0,IIIT,323,Indian Institute of Information Technology Bhopal,413D,Physics and Computational Engineering,Y,SAFE,,3258
571,40.0,GFTI,443,"Gati Shakti Vishwavidyalaya, Vadodara",411R,B.Tech in Electronics & Communication Engineering (Rail Engineering),Y,Out,,
572,40.0,GFTI,426,"Puducherry Technological University, Puducherry",4142,Electronics and Instrumentation Engineering,-,SAFE,,3011
573,40.0,GFTI,451,Shri G. S. Institute of Technology and Science Indore,4142,Electronics and Instrumentation Engineering,-,Out,,
574,40.0,GFTI,451,Shri G. S. Institute of Technology and Science Indore,4153,Electronics and Telecommunication Engineering,-,Out,,
575,38.75,GFTI,428,"Central University of Rajasthan, Rajasthan",4152,Bio Medical Engineering,Y,SAFE,,2982
576,38.25,NIT,205,National Institute of Technology Agartala,4145,Production Engineering,Y,SAFE,1318,
577,38.0,GFTI,443,"Gati Shakti Vishwavidyalaya, Vadodara",411S,B.Tech in Electrical Engineering ( Rail  Engineering),Y,Out,,
578,38.0,GFTI,403,"Gurukula Kangri Vishwavidyalaya, Haridwar",4111,Electrical Engineering,Y,SAFE,1274,3966
579,38.0,GFTI,406,"School of Studies of Engineering and Technology, Guru Ghasidas Vishwavidyalaya, Bilaspur",4111,Electrical Engineering,Y,SAFE,,3082
580,38.0,GFTI,410,Sant Longowal Institute of Engineering and Technology,4111,Electrical Engineering,Y,SAFE,,3560
581,38.0,GFTI,410,Sant Longowal Institute of Engineering and Technology,5217,Electrical Engineering,-,Out,,
582,38.0,GFTI,411,"Mizoram University, Aizawl",4111,Electrical Engineering,Y,SAFE,,3733
583,38.0,GFTI,412,"School of Engineering, Tezpur University, Napaam, Tezpur",4111,Electrical Engineering,Y,SAFE,1773,2825
584,38.0,GFTI,416,"Shri Mata Vaishno Devi University, Katra, Jammu & Kashmir",4111,Electrical Engineering,Y,SAFE,,4293
585,38.0,GFTI,427,"Ghani Khan Choudhary Institute of Engineering and Technology, Malda, West Bengal",4111,Electrical Engineering,Y,No-data,,
586,38.0,GFTI,432,"North Eastern Regional Institute of Science and Technology, Nirjuli-791109 (Itanagar),Arunachal Pradesh",4111,Electrical Engineering,-,Out,,
587,38.0,GFTI,439,Central University of Haryana,4111,Electrical Engineering,Y,SAFE,1713,2989
588,38.0,GFTI,444,CU Jharkhand,4111,Electrical Engineering,-,Out,,
589,38.0,GFTI,450,Islamic University of Science and Technology Kashmir,4111,Electrical Engineering,Y,No-data,,
590,38.0,GFTI,451,Shri G. S. Institute of Technology and Science Indore,4111,Electrical Engineering,-,Out,,
591,38.0,GFTI,452,National Institute of Technical Teachers Training and Research Bhopal,4111,Electrical Engineering,Y,No-data,,
592,38.0,GFTI,426,"Puducherry Technological University, Puducherry",4144,Electrical and Electronics Engineering,-,Out,,
593,38.0,GFTI,440,"Birla Institute of Technology, Deoghar Off-Campus",4144,Electrical and Electronics Engineering,Y,SAFE,1435,2943
594,38.0,GFTI,441,"Birla Institute of Technology, Patna Off-Campus",4144,Electrical and Electronics Engineering,Y,SAFE,1577,2875
595,36.25,NIT,205,National Institute of Technology Agartala,4105,Biotechnology and Biochemical Engineering,-,SAFE,1317,4279
596,36.25,NIT,205,National Institute of Technology Agartala,4107,Chemical Engineering,Y,SAFE,1514,3491
597,36.25,NIT,225,"National Institute of Technology, Srinagar",4107,Chemical Engineering,Y,SAFE,1141,3399
598,36.25,NIT,222,"National Institute of Technology, Mizoram",4108,Chemical Science and Technology,-,Out,,
599,34.0,GFTI,443,"Gati Shakti Vishwavidyalaya, Vadodara",411T,B.Tech in Mechanical Engineering ( Rail  Engineering),Y,Out,,
600,34.0,GFTI,412,"School of Engineering, Tezpur University, Napaam, Tezpur",5422,B.Tech. (Mechanical Engineering) - MBA,Y,Out,,
601,34.0,GFTI,403,"Gurukula Kangri Vishwavidyalaya, Haridwar",4125,Mechanical Engineering,Y,SAFE,,3984
602,34.0,GFTI,406,"School of Studies of Engineering and Technology, Guru Ghasidas Vishwavidyalaya, Bilaspur",4125,Mechanical Engineering,Y,Out,,
603,34.0,GFTI,409,"National Institute of Advanced Manufacturing Technology, Ranchi",4125,Mechanical Engineering,Y,SAFE,,3204
604,34.0,GFTI,410,Sant Longowal Institute of Engineering and Technology,4125,Mechanical Engineering,Y,Out,,
605,34.0,GFTI,410,Sant Longowal Institute of Engineering and Technology,5233,Mechanical Engineering,Y,Out,,
606,34.0,GFTI,412,"School of Engineering, Tezpur University, Napaam, Tezpur",4125,Mechanical Engineering,-,SAFE,,3666
607,34.0,GFTI,416,"Shri Mata Vaishno Devi University, Katra, Jammu & Kashmir",4125,Mechanical Engineering,-,SAFE,,4296
608,34.0,GFTI,426,"Puducherry Technological University, Puducherry",4125,Mechanical Engineering,-,SAFE,1667,
609,34.0,GFTI,427,"Ghani Khan Choudhary Institute of Engineering and Technology, Malda, West Bengal",4125,Mechanical Engineering,Y,No-data,,
610,34.0,GFTI,432,"North Eastern Regional Institute of Science and Technology, Nirjuli-791109 (Itanagar),Arunachal Pradesh",4125,Mechanical Engineering,-,Out,,
611,34.0,GFTI,440,"Birla Institute of Technology, Deoghar Off-Campus",4125,Mechanical Engineering,Y,SAFE,1517,3294
612,34.0,GFTI,441,"Birla Institute of Technology, Patna Off-Campus",4125,Mechanical Engineering,Y,SAFE,1607,3071
613,34.0,GFTI,451,Shri G. S. Institute of Technology and Science Indore,4125,Mechanical Engineering,-,Out,,
614,34.0,GFTI,452,National Institute of Technical Teachers Training and Research Bhopal,4125,Mechanical Engineering,Y,No-data,,
615,33.75,NIT,205,National Institute of Technology Agartala,4109,Civil Engineering,Y,SAFE,1646,3107
616,33.75,NIT,212,National Institute of Technology Meghalaya,4109,Civil Engineering,-,Out,,
617,33.75,NIT,213,National Institute of Technology Nagaland,4109,Civil Engineering,-,Out,,
618,33.75,NIT,217,National Institute of Technology Sikkim,4109,Civil Engineering,-,Out,,
619,33.75,NIT,218,National Institute of Technology Arunachal Pradesh,4109,Civil Engineering,-,SAFE,1738,
620,33.75,NIT,221,"National Institute of Technology, Manipur",4109,Civil Engineering,-,SAFE,,3811
621,33.75,NIT,221,"National Institute of Technology, Manipur",5213,Civil Engineering,-,No-data,,
622,33.75,NIT,222,"National Institute of Technology, Mizoram",4109,Civil Engineering,Y,Out,,
623,33.75,NIT,225,"National Institute of Technology, Srinagar",4109,Civil Engineering,Y,SAFE,1936,3055
624,33.0,GFTI,425,"Central institute of Technology Kokrajar, Assam",4121,Instrumentation Engineering,-,Out,,
625,33.0,GFTI,410,Sant Longowal Institute of Engineering and Technology,4148,Instrumentation and Control Engineering,Y,Out,,
626,32.25,NIT,205,National Institute of Technology Agartala,5606,Mathematics & Computing,Y,Out,,
627,32.0,GFTI,406,"School of Studies of Engineering and Technology, Guru Ghasidas Vishwavidyalaya, Bilaspur",4149,Industrial and Production Engineering,Y,Out,,
628,32.0,GFTI,451,Shri G. S. Institute of Technology and Science Indore,4149,Industrial and Production Engineering,-,Out,,
629,32.0,GFTI,409,"National Institute of Advanced Manufacturing Technology, Ranchi",4136,Production and Industrial Engineering,Y,SAFE,1891,3427
630,31.25,NIT,225,"National Institute of Technology, Srinagar",4127,Metallurgical and Materials Engineering,Y,SAFE,1440,2538
631,30.0,GFTI,406,"School of Studies of Engineering and Technology, Guru Ghasidas Vishwavidyalaya, Bilaspur",4107,Chemical Engineering,Y,SAFE,,3549
632,30.0,GFTI,410,Sant Longowal Institute of Engineering and Technology,4107,Chemical Engineering,Y,Out,,
633,30.0,GFTI,410,Sant Longowal Institute of Engineering and Technology,5210,Chemical Engineering,Y,No-data,,
634,30.0,GFTI,426,"Puducherry Technological University, Puducherry",4107,Chemical Engineering,-,SAFE,1702,
635,30.0,GFTI,435,"Institute of Chemical Technology, Mumbai: Indian Oil Odisha Campus, Bhubaneswar",5D01,Chemical Engineering,Y,SAFE,1541,1407
636,27.5,GFTI,443,"Gati Shakti Vishwavidyalaya, Vadodara",411U,B.Tech in Civil Engineering (Rail Engineering),Y,Out,,
637,27.5,GFTI,412,"School of Engineering, Tezpur University, Napaam, Tezpur",5417,B.Tech. (Civil Engineering) - MBA,-,Out,,
638,27.5,GFTI,406,"School of Studies of Engineering and Technology, Guru Ghasidas Vishwavidyalaya, Bilaspur",4109,Civil Engineering,Y,Out,,
639,27.5,GFTI,410,Sant Longowal Institute of Engineering and Technology,4109,Civil Engineering,Y,Out,,
640,27.5,GFTI,411,"Mizoram University, Aizawl",4109,Civil Engineering,Y,SAFE,,4246
641,27.5,GFTI,412,"School of Engineering, Tezpur University, Napaam, Tezpur",4109,Civil Engineering,-,Good,,1786
642,27.5,GFTI,416,"Shri Mata Vaishno Devi University, Katra, Jammu & Kashmir",4109,Civil Engineering,Y,Out,,
643,27.5,GFTI,425,"Central institute of Technology Kokrajar, Assam",4109,Civil Engineering,-,Out,,
644,27.5,GFTI,426,"Puducherry Technological University, Puducherry",4109,Civil Engineering,-,SAFE,1666,2613
645,27.5,GFTI,432,"North Eastern Regional Institute of Science and Technology, Nirjuli-791109 (Itanagar),Arunachal Pradesh",4109,Civil Engineering,-,Out,,
646,27.5,GFTI,434,"Chhattisgarh Swami Vivekanada Technical University, Bhilai (CSVTU Bhilai)",4109,Civil Engineering,Y,SAFE,,3095
647,27.5,GFTI,439,Central University of Haryana,4109,Civil Engineering,Y,Out,,
648,27.5,GFTI,441,"Birla Institute of Technology, Patna Off-Campus",4109,Civil Engineering,Y,SAFE,,3889
649,27.5,GFTI,444,CU Jharkhand,4109,Civil Engineering,-,Out,,
650,27.5,GFTI,451,Shri G. S. Institute of Technology and Science Indore,4109,Civil Engineering,-,Out,,
651,27.5,GFTI,452,National Institute of Technical Teachers Training and Research Bhopal,4109,Civil Engineering,Y,No-data,,
652,27.5,GFTI,427,"Ghani Khan Choudhary Institute of Engineering and Technology, Malda, West Bengal",410X,Civil and Environmental Engineering,Y,No-data,,
653,27.25,IIIT,322,Indian Institute of Information Technology Bhagalpur,411B,Mechatronics and Automation Engineering,Y,SAFE,1432,3623
654,26.25,NIT,218,National Institute of Technology Arunachal Pradesh,4194,Biosciences and Bioengineering,Y,SAFE,1485,
655,26.0,GFTI,438,"Institute of Engineering and Technology, Dr. H. S. Gour University. Sagar (A Central University)",411O,Aeronautical Engineering,-,Out,,
656,26.0,GFTI,449,"Rajiv Gandhi National Aviation University, Fursatganj, Amethi (UP)",4101,Aerospace Engineering,Y,SAFE,,3087
657,26.0,GFTI,401,"Assam University, Silchar",4168,Agricultural Engineering,Y,Borderline,,1032
658,26.0,GFTI,432,"North Eastern Regional Institute of Science and Technology, Nirjuli-791109 (Itanagar),Arunachal Pradesh",4168,Agricultural Engineering,-,Out,,
659,26.0,GFTI,406,"School of Studies of Engineering and Technology, Guru Ghasidas Vishwavidyalaya, Bilaspur",413F,Animation and VFX,Y,Good,,1628
660,26.0,GFTI,443,"Gati Shakti Vishwavidyalaya, Vadodara",411W,B.Tech in Aviation Engineering,Y,Out,,
661,26.0,GFTI,445,"National Institute of Electronics and Information Technology, Ropar (Punjab)",413J,B.Tech in CSE (AI and ML),Y,SAFE,1226,1857
662,26.0,GFTI,454,"National Institute of Electronics and Information Technology, Agartala",413J,B.Tech in CSE (AI and ML),Y,No-data,,
663,26.0,GFTI,456,"National Institute of Electronics and Information Technology, Imphal",413J,B.Tech in CSE (AI and ML),Y,No-data,,
664,26.0,GFTI,457,"National Institute of Electronics and Information Technology, Calicut",413J,B.Tech in CSE (AI and ML),Y,No-data,,
665,26.0,GFTI,458,"National Institute of Electronics and Information Technology, Kohima",413J,B.Tech in CSE (AI and ML),Y,No-data,,
666,26.0,GFTI,459,"National Institute of Electronics and Information Technology, Srinagar",413J,B.Tech in CSE (AI and ML),Y,No-data,,
667,26.0,GFTI,412,"School of Engineering, Tezpur University, Napaam, Tezpur",5419,B.Tech. (Elctrical Engineering) - MBA,-,Out,,
668,26.0,GFTI,412,"School of Engineering, Tezpur University, Napaam, Tezpur",5421,B.Tech. (Food Engineering and Technology) - MBA,-,Out,,
669,26.0,GFTI,412,"School of Engineering, Tezpur University, Napaam, Tezpur",4402,Bachelor of Design,-,Out,,
670,26.0,GFTI,416,"Shri Mata Vaishno Devi University, Katra, Jammu & Kashmir",4402,Bachelor of Design,-,No-data,,
671,26.0,GFTI,411,"Mizoram University, Aizawl",4151,Computer Engineering,Y,SAFE,,3029
672,26.0,GFTI,438,"Institute of Engineering and Technology, Dr. H. S. Gour University. Sagar (A Central University)",411P,Dairy Engineering,-,Out,,
673,26.0,GFTI,452,National Institute of Technical Teachers Training and Research Bhopal,413Q,Digital Manufacturing and IoT,Y,No-data,,
674,26.0,GFTI,408,"National Institute of Electronics and Information Technology, Aurangabad (Maharashtra)",412K,Electronic Engineering,Y,SAFE,1689,3987
675,26.0,GFTI,436,"North-Eastern Hill University, Shillong",4198,Energy Engineering,Y,SAFE,,3151
676,26.0,GFTI,438,"Institute of Engineering and Technology, Dr. H. S. Gour University. Sagar (A Central University)",411Q,Fashion and Apparel Engineering,-,Out,,
677,26.0,GFTI,412,"School of Engineering, Tezpur University, Napaam, Tezpur",4167,Food Engineering  and Technology,Y,Out,,
678,26.0,GFTI,425,"Central institute of Technology Kokrajar, Assam",4167,Food Engineering  and Technology,-,Out,,
679,26.0,GFTI,438,"Institute of Engineering and Technology, Dr. H. S. Gour University. Sagar (A Central University)",4167,Food Engineering  and Technology,-,Out,,
680,26.0,GFTI,410,Sant Longowal Institute of Engineering and Technology,4164,Food Technology,Y,SAFE,,4287
681,26.0,GFTI,416,"Shri Mata Vaishno Devi University, Katra, Jammu & Kashmir",4164,Food Technology,-,No-data,,
682,26.0,GFTI,427,"Ghani Khan Choudhary Institute of Engineering and Technology, Malda, West Bengal",4164,Food Technology,Y,No-data,,
683,26.0,GFTI,431,"National Institute of Food Technology Entrepreneurship and Management, Thanjavur",4164,Food Technology,Y,SAFE,901,1728
684,26.0,GFTI,430,"National Institute of Food Technology Entrepreneurship and Management, Kundli",4183,Food Technology and Management,Y,SAFE,,4033
685,26.0,GFTI,455,"National Institute of Electronics and Information Technology, Aizawl",413P,Internet of Things (IoT),Y,No-data,,
686,26.0,GFTI,443,"Gati Shakti Vishwavidyalaya, Vadodara",413S,Maritime Engineering,Y,No-data,,
687,26.0,GFTI,426,"Puducherry Technological University, Puducherry",4178,Mechatronics Engineering,-,SAFE,789,
688,26.0,GFTI,439,Central University of Haryana,411A,Printing and Packaging Technology,Y,SAFE,,3584
689,26.0,GFTI,403,"Gurukula Kangri Vishwavidyalaya, Haridwar",412A,ROBOTICS & AUTOMATION,Y,No-data,,
690,26.0,GFTI,452,National Institute of Technical Teachers Training and Research Bhopal,412A,ROBOTICS & AUTOMATION,Y,No-data,,
691,26.0,GFTI,416,"Shri Mata Vaishno Devi University, Katra, Jammu & Kashmir",412Y,Robotics and AI,Y,SAFE,,3674
692,25.0,GFTI,409,"National Institute of Advanced Manufacturing Technology, Ranchi",4127,Metallurgical and Materials Engineering,Y,No-data,,
693,25.0,GFTI,444,CU Jharkhand,4127,Metallurgical and Materials Engineering,-,Out,,
694,24.0,GFTI,411,"Mizoram University, Aizawl",5101,Architecture,Y,Out,,
695,24.0,GFTI,413,"School of Planning & Architecture, Bhopal",5101,Architecture,Y,Out,,44
696,24.0,GFTI,414,"School of Planning & Architecture, New Delhi",5101,Architecture,Y,Out,25,44
697,24.0,GFTI,415,School of Planning & Architecture: Vijayawada,5101,Architecture,Y,Out,,54
698,24.0,GFTI,416,"Shri Mata Vaishno Devi University, Katra, Jammu & Kashmir",5101,Architecture,-,Out,,
699,24.0,GFTI,450,Islamic University of Science and Technology Kashmir,5101,Architecture,-,Out,,
700,24.0,GFTI,413,"School of Planning & Architecture, Bhopal",4501,Planning,Y,Out,,
701,24.0,GFTI,414,"School of Planning & Architecture, New Delhi",4501,Planning,Y,Out,23,21
702,24.0,GFTI,415,School of Planning & Architecture: Vijayawada,4501,Planning,Y,Out,,123
703,23.75,NIT,205,National Institute of Technology Agartala,5604,Chemistry,Y,SAFE,,3164
704,23.75,NIT,205,National Institute of Technology Agartala,520G,Computational Mathematics,-,Out,,
705,23.75,NIT,205,National Institute of Technology Agartala,5267,Engineering Physics,Y,SAFE,,4098
706,23.75,NIT,205,National Institute of Technology Agartala,5602,Physics,Y,SAFE,,3039
707,21.0,GFTI,404,"Indian Institute of Carpet Technology, Bhadohi",4160,Carpet  and Textile Technology,Y,Out,,
708,21.0,GFTI,433,"Indian Institute of Handloom Technology(IIHT), Varanasi",4197,Handloom and Textile Technology,Y,SAFE,1850,3173
709,21.0,GFTI,442,"Indian Institute of Handloom Technology, Salem",4197,Handloom and Textile Technology,Y,SAFE,1417,3058
710,20.0,GFTI,416,"Shri Mata Vaishno Devi University, Katra, Jammu & Kashmir",4104,Bio Technology,-,Out,,
711,20.0,GFTI,436,"North-Eastern Hill University, Shillong",4191,Biomedical Engineering,Y,SAFE,,4086
712,20.0,GFTI,451,Shri G. S. Institute of Technology and Science Indore,4191,Biomedical Engineering,-,Out,,
713,17.5,GFTI,410,Sant Longowal Institute of Engineering and Technology,5503,Chemistry,-,Out,,
714,17.5,GFTI,410,Sant Longowal Institute of Engineering and Technology,5508,Mathematics,-,Out,,
715,17.5,GFTI,410,Sant Longowal Institute of Engineering and Technology,5507,Physics,Y,Out,,
