Choice,Composite,Type,InstCode,Institute,BranchCode,Branch,PwDseat,Reach,Note
1,99.25,NIT,228,"National Institute of Technology, Warangal",4110,Computer Science and Engineering,Y,Out,
2,98.5,NIT,226,"National Institute of Technology, Tiruchirappalli",4110,Computer Science and Engineering,Y,Out,
3,98.05,NIT,228,"National Institute of Technology, Warangal",412F,Computer Science and Engineering ( Artificial Intelligence & Data Science),Y,Out,
4,97.75,NIT,211,"National Institute of Technology Karnataka, Surathkal",4110,Computer Science and Engineering,Y,Out,
5,97.0,NIT,223,"National Institute of Technology, Rourkela",4110,Computer Science and Engineering,Y,Out,
6,96.45,NIT,228,"National Institute of Technology, Warangal",4124,Mathematics and Computing,Y,Reach,
7,96.25,NIT,206,National Institute of Technology Calicut,4110,Computer Science and Engineering,Y,Out,
8,95.75,NIT,211,"National Institute of Technology Karnataka, Surathkal",4185,Artificial Intelligence,Y,Out,
9,95.75,NIT,211,"National Institute of Technology Karnataka, Surathkal",410Q,Computational and Data Science,Y,Out,
10,95.5,NIT,230,"Visvesvaraya National Institute of Technology, Nagpur",4110,Computer Science and Engineering,Y,Out,
11,95.0,NIT,223,"National Institute of Technology, Rourkela",4185,Artificial Intelligence,Y,Out,
12,94.75,NIT,202,Malaviya National Institute of Technology Jaipur,4110,Computer Science and Engineering,Y,Out,
13,94.45,NIT,228,"National Institute of Technology, Warangal",410Z,Electronics and Communication Engineering (VLSI Design and Technology),Y,Out,
14,94.3,NIT,230,"Visvesvaraya National Institute of Technology, Nagpur",413Z,Computer Science and Engineering (Artificial Intelligence and Data Science),Y,No-data,
15,94.2,NIT,223,"National Institute of Technology, Rourkela",411F,B.Tech in Mathematics and Computing,-,No-data,
16,94.0,NIT,204,Motilal Nehru National Institute of Technology Allahabad,4110,Computer Science and Engineering,Y,Out,
17,93.25,NIT,228,"National Institute of Technology, Warangal",4114,Electronics and Communication Engineering,Y,Out,
18,93.25,NIT,229,"Sardar Vallabhbhai National Institute of Technology, Surat",4110,Computer Science and Engineering,Y,Out,
19,92.75,NIT,202,Malaviya National Institute of Technology Jaipur,411G,Artificial Intelligence and Data Engineering,-,Out,
20,92.7,NIT,230,"Visvesvaraya National Institute of Technology, Nagpur",4124,Mathematics and Computing,-,No-data,
21,92.5,NIT,226,"National Institute of Technology, Tiruchirappalli",4114,Electronics and Communication Engineering,Y,Out,
22,92.5,NIT,232,"Indian Institute of Engineering Science and Technology, Shibpur",4110,Computer Science and Engineering,Y,Reach,
23,91.95,NIT,202,Malaviya National Institute of Technology Jaipur,4124,Mathematics and Computing,Y,No-data,
24,91.75,NIT,211,"National Institute of Technology Karnataka, Surathkal",4114,Electronics and Communication Engineering,Y,Out,
25,91.75,NIT,208,National Institute of Technology Durgapur,4110,Computer Science and Engineering,Y,Out,
26,91.25,NIT,229,"Sardar Vallabhbhai National Institute of Technology, Surat",4185,Artificial Intelligence,Y,Out,
27,91.25,NIT,229,"Sardar Vallabhbhai National Institute of Technology, Surat",5B06,Artificial Intelligence,Y,Out,
28,91.2,NIT,204,Motilal Nehru National Institute of Technology Allahabad,4124,Mathematics and Computing,Y,No-data,
29,91.0,NIT,223,"National Institute of Technology, Rourkela",4114,Electronics and Communication Engineering,Y,Out,
30,91.0,NIT,203,Maulana Azad National Institute of Technology Bhopal,4110,Computer Science and Engineering,Y,Out,
31,90.95,NIT,211,"National Institute of Technology Karnataka, Surathkal",4146,Information Technology,Y,Out,
32,90.45,NIT,229,"Sardar Vallabhbhai National Institute of Technology, Surat",4124,Mathematics and Computing,Y,Reach,
33,90.3,NIT,230,"Visvesvaraya National Institute of Technology, Nagpur",411H,Electronics Engineering (VLSI Design and Technology),Y,No-data,
34,90.25,NIT,206,National Institute of Technology Calicut,4114,Electronics and Communication Engineering,Y,Out,
35,90.25,NIT,220,"National Institute of Technology, Kurukshetra",4110,Computer Science and Engineering,Y,Out,
36,90.25,NIT,220,"National Institute of Technology, Kurukshetra",5216,Computer Science and Engineering,Y,Out,
37,89.7,NIT,232,"Indian Institute of Engineering Science and Technology, Shibpur",4124,Mathematics and Computing,Y,No-data,
38,89.65,NIT,228,"National Institute of Technology, Warangal",4144,Electrical and Electronics Engineering,Y,Reach,
39,89.5,NIT,230,"Visvesvaraya National Institute of Technology, Nagpur",4114,Electronics and Communication Engineering,Y,Out,
40,89.5,NIT,219,"National Institute of Technology, Jamshedpur",4110,Computer Science and Engineering,Y,Out,
41,89.0,NIT,223,"National Institute of Technology, Rourkela",4142,Electronics and Instrumentation Engineering,Y,Out,
42,89.0,NIT,203,Maulana Azad National Institute of Technology Bhopal,520F,Mathematics and Data Science,-,Out,
43,88.95,NIT,208,National Institute of Technology Durgapur,411F,B.Tech in Mathematics and Computing,Y,Borderline,
44,88.9,NIT,226,"National Institute of Technology, Tiruchirappalli",4144,Electrical and Electronics Engineering,Y,Out,
45,88.85,NIT,228,"National Institute of Technology, Warangal",413O,Electrical and Electronics Engineering (Electric Mobility),Y,No-data,
46,88.75,NIT,202,Malaviya National Institute of Technology Jaipur,4114,Electronics and Communication Engineering,Y,Out,
47,88.75,NIT,224,"National Institute of Technology, Silchar",4110,Computer Science and Engineering,Y,Out,
48,88.25,NIT,220,"National Institute of Technology, Kurukshetra",4188,Artificial Intelligence and Data Science,Y,Out,
49,88.25,NIT,220,"National Institute of Technology, Kurukshetra",410P,Artificial Intelligence and Machine Learning,Y,Out,
50,88.15,NIT,211,"National Institute of Technology Karnataka, Surathkal",4144,Electrical and Electronics Engineering,Y,Out,
51,88.05,NIT,229,"Sardar Vallabhbhai National Institute of Technology, Surat",410V,Electronics and VLSI Engineering,Y,Borderline,
52,88.0,NIT,204,Motilal Nehru National Institute of Technology Allahabad,4114,Electronics and Communication Engineering,Y,Out,
53,88.0,GFTI,421,University of Hyderabad,5314,Computer Science and Engineering,Y,No-data,
54,87.45,NIT,220,"National Institute of Technology, Kurukshetra",4124,Mathematics and Computing,Y,Out,
55,87.4,NIT,223,"National Institute of Technology, Rourkela",4111,Electrical Engineering,Y,Out,
56,87.25,NIT,229,"Sardar Vallabhbhai National Institute of Technology, Surat",4114,Electronics and Communication Engineering,Y,Borderline,
57,86.65,NIT,206,National Institute of Technology Calicut,4144,Electrical and Electronics Engineering,Y,Out,
58,86.5,IIIT,311,"Pt. Dwarka Prasad Mishra Indian Institute of Information Technology, Design & Manufacture Jabalpur",4110,Computer Science and Engineering,Y,Reach,
59,86.45,NIT,228,"National Institute of Technology, Warangal",4125,Mechanical Engineering,Y,Borderline,
60,85.9,NIT,230,"Visvesvaraya National Institute of Technology, Nagpur",4144,Electrical and Electronics Engineering,Y,Good,
61,85.75,NIT,208,National Institute of Technology Durgapur,4114,Electronics and Communication Engineering,Y,Out,
62,85.75,IIIT,301,Atal Bihari Vajpayee Indian Institute of Information Technology & Management Gwalior,4110,Computer Science and Engineering,Y,Out,
63,85.7,NIT,226,"National Institute of Technology, Tiruchirappalli",4125,Mechanical Engineering,Y,Out,
64,85.7,NIT,232,"Indian Institute of Engineering Science and Technology, Shibpur",4146,Information Technology,Y,Borderline,
65,85.15,NIT,202,Malaviya National Institute of Technology Jaipur,4111,Electrical Engineering,Y,Good,
66,85.05,NIT,220,"National Institute of Technology, Kurukshetra",412B,Microelectronics & VLSI Engineering,Y,Out,
67,85.0,NIT,203,Maulana Azad National Institute of Technology Bhopal,4114,Electronics and Communication Engineering,Y,Reach,
68,85.0,IIIT,310,"Indian Institute of Information Technology, Design & Manufacturing, Kancheepuram",4110,Computer Science and Engineering,Y,Out,
69,85.0,IIIT,310,"Indian Institute of Information Technology, Design & Manufacturing, Kancheepuram",5216,Computer Science and Engineering,Y,Reach,
70,84.95,NIT,211,"National Institute of Technology Karnataka, Surathkal",4125,Mechanical Engineering,Y,Out,
71,84.9,NIT,226,"National Institute of Technology, Tiruchirappalli",4148,Instrumentation and Control Engineering,Y,Good,
72,84.5,NIT,232,"Indian Institute of Engineering Science and Technology, Shibpur",4153,Electronics and Telecommunication Engineering,Y,Good,
73,84.4,NIT,204,Motilal Nehru National Institute of Technology Allahabad,4111,Electrical Engineering,Y,Reach,
74,84.25,NIT,220,"National Institute of Technology, Kurukshetra",4114,Electronics and Communication Engineering,Y,Out,
75,84.25,NIT,220,"National Institute of Technology, Kurukshetra",5234,Electronics and Communication Engineering,Y,Out,
76,84.25,GFTI,422,"Punjab Engineering College, Chandigarh",4110,Computer Science and Engineering,Y,No-data,
77,84.2,NIT,223,"National Institute of Technology, Rourkela",4125,Mechanical Engineering,Y,Borderline,
78,84.1,NIT,226,"National Institute of Technology, Tiruchirappalli",4145,Production Engineering,Y,Good,
79,83.8,IIIT,310,"Indian Institute of Information Technology, Design & Manufacturing, Kancheepuram",4196,Computer Science and Engineering with Major in Artificial Intelligence,Y,Out,
80,83.65,NIT,229,"Sardar Vallabhbhai National Institute of Technology, Surat",4111,Electrical Engineering,Y,Good,
81,83.5,NIT,219,"National Institute of Technology, Jamshedpur",4114,Electronics and Communication Engineering,Y,Borderline,
82,83.5,IIIT,315,Indian Institute of Information Technology Lucknow,4184,Computer Science,Y,Reach,
83,83.5,IIIT,315,Indian Institute of Information Technology Lucknow,410C,Computer Science and Business,Y,Borderline,
84,83.45,NIT,206,National Institute of Technology Calicut,4125,Mechanical Engineering,Y,Borderline,
85,83.45,NIT,220,"National Institute of Technology, Kurukshetra",4146,Information Technology,Y,Out,
86,83.25,NIT,228,"National Institute of Technology, Warangal",4107,Chemical Engineering,Y,Reach,
87,83.25,NIT,228,"National Institute of Technology, Warangal",5210,Chemical Engineering,Y,Out,
88,83.05,GFTI,422,"Punjab Engineering College, Chandigarh",4603,Computer Science Engineering (Artificial Intelligence),Y,No-data,
89,83.05,GFTI,422,"Punjab Engineering College, Chandigarh",4604,Computer Science Engineering (Data Science),Y,No-data,
90,82.9,NIT,232,"Indian Institute of Engineering Science and Technology, Shibpur",4111,Electrical Engineering,Y,SAFE,
91,82.75,NIT,224,"National Institute of Technology, Silchar",4114,Electronics and Communication Engineering,Y,Borderline,
92,82.75,IIIT,307,"Indian Institute of Information Technology (IIIT), Sri City, Chittoor",4110,Computer Science and Engineering,Y,SAFE,
93,82.7,NIT,230,"Visvesvaraya National Institute of Technology, Nagpur",4125,Mechanical Engineering,Y,Good,
94,82.6,NIT,223,"National Institute of Technology, Rourkela",5258,Ceramic Engineering and M.Tech Industrial Ceramic,-,Out,
95,82.6,NIT,223,"National Institute of Technology, Rourkela",4155,Industrial Design,-,Out,
96,82.5,NIT,226,"National Institute of Technology, Tiruchirappalli",4107,Chemical Engineering,Y,Out,
97,82.3,IIIT,315,Indian Institute of Information Technology Lucknow,4190,Computer Science and Artificial Intelligence,Y,Borderline,
98,82.15,NIT,208,National Institute of Technology Durgapur,4111,Electrical Engineering,Y,Good,
99,82.0,IIIT,320,Indian Institute of Information Technology (IIIT) Nagpur,410G,Computer Science Engineering (Human Computer lnteraction and Gaming Technology),Y,Good,
100,82.0,IIIT,320,Indian Institute of Information Technology (IIIT) Nagpur,4110,Computer Science and Engineering,Y,Good,
101,81.95,NIT,202,Malaviya National Institute of Technology Jaipur,4125,Mechanical Engineering,Y,Borderline,
102,81.85,NIT,206,National Institute of Technology Calicut,4145,Production Engineering,Y,SAFE,
103,81.75,NIT,211,"National Institute of Technology Karnataka, Surathkal",4107,Chemical Engineering,Y,Good,
104,81.45,GFTI,422,"Punjab Engineering College, Chandigarh",4124,Mathematics and Computing,Y,No-data,
105,81.4,NIT,203,Maulana Azad National Institute of Technology Bhopal,4111,Electrical Engineering,Y,Good,
106,81.4,NIT,203,Maulana Azad National Institute of Technology Bhopal,412X,Energy and Electrical Vehicle Engineering,-,Out,
107,81.25,NIT,228,"National Institute of Technology, Warangal",4109,Civil Engineering,Y,Out,
108,81.25,IIIT,309,"Indian Institute of Information Technology, Allahabad",4114,Electronics and Communication Engineering,Y,Reach,
109,81.25,IIIT,309,"Indian Institute of Information Technology, Allahabad",5234,Electronics and Communication Engineering,-,No-data,
110,81.25,IIIT,321,Indian Institute of Information Technology (IIIT) Pune,4110,Computer Science and Engineering,Y,Good,
111,81.2,NIT,204,Motilal Nehru National Institute of Technology Allahabad,4125,Mechanical Engineering,Y,Borderline,
112,81.0,NIT,223,"National Institute of Technology, Rourkela",4107,Chemical Engineering,Y,Reach,
113,81.0,NIT,223,"National Institute of Technology, Rourkela",5210,Chemical Engineering,-,No-data,
114,80.8,IIIT,320,Indian Institute of Information Technology (IIIT) Nagpur,410E,Computer Science Engineering (Artificial lntelligence and Machine Learning),Y,No-data,
115,80.8,IIIT,320,Indian Institute of Information Technology (IIIT) Nagpur,410F,Computer Science Engineering (Data Science and Analytics),Y,Good,
116,80.75,NIT,224,"National Institute of Technology, Silchar",4142,Electronics and Instrumentation Engineering,Y,Good,
117,80.75,IIIT,307,"Indian Institute of Information Technology (IIIT), Sri City, Chittoor",4188,Artificial Intelligence and Data Science,Y,SAFE,
118,80.65,NIT,220,"National Institute of Technology, Kurukshetra",4111,Electrical Engineering,Y,Good,
119,80.65,NIT,220,"National Institute of Technology, Kurukshetra",5217,Electrical Engineering,Y,Out,
120,80.6,NIT,203,Maulana Azad National Institute of Technology Bhopal,413N,Electrical Engineering with E Mobility,-,No-data,
121,80.5,NIT,226,"National Institute of Technology, Tiruchirappalli",4109,Civil Engineering,Y,Out,
122,80.5,IIIT,311,"Pt. Dwarka Prasad Mishra Indian Institute of Information Technology, Design & Manufacture Jabalpur",4114,Electronics and Communication Engineering,Y,Good,
123,80.5,IIIT,308,"Indian Institute of Information Technology(IIIT), Vadodara, Gujrat",4110,Computer Science and Engineering,Y,SAFE,
124,80.5,IIIT,308,"Indian Institute of Information Technology(IIIT), Vadodara, Gujrat",410J,Computer Science and Engineering (Cyber Security),Y,No-data,
125,80.45,NIT,229,"Sardar Vallabhbhai National Institute of Technology, Surat",4125,Mechanical Engineering,Y,SAFE,
126,80.45,IIIT,309,"Indian Institute of Information Technology, Allahabad",5424,B. Tech. Information Technology-Business Informatics (IT- BIn) - Master of Business Administration (MBA),-,No-data,
127,80.45,IIIT,309,"Indian Institute of Information Technology, Allahabad",4146,Information Technology,Y,Out,
128,80.45,IIIT,309,"Indian Institute of Information Technology, Allahabad",5280,Information Technology,Y,No-data,
129,80.45,IIIT,309,"Indian Institute of Information Technology, Allahabad",4186,Information Technology-Business Informatics,Y,Out,
130,80.25,NIT,206,National Institute of Technology Calicut,4107,Chemical Engineering,Y,Good,
131,80.2,IIIT,310,"Indian Institute of Information Technology, Design & Manufacturing, Kancheepuram",523T,B.Tech. in Electronics and Communication Engineering and M.Tech. in Microelectronics and VLSI Systems,Y,Good,
132,79.9,NIT,219,"National Institute of Technology, Jamshedpur",4111,Electrical Engineering,Y,Good,
133,79.75,NIT,211,"National Institute of Technology Karnataka, Surathkal",4109,Civil Engineering,Y,Reach,
134,79.75,NIT,207,National Institute of Technology Delhi,4110,Computer Science and Engineering,Y,Out,
135,79.7,NIT,232,"Indian Institute of Engineering Science and Technology, Shibpur",4125,Mechanical Engineering,Y,SAFE,
136,79.5,NIT,230,"Visvesvaraya National Institute of Technology, Nagpur",4107,Chemical Engineering,Y,SAFE,
137,79.5,NIT,230,"Visvesvaraya National Institute of Technology, Nagpur",413Y,Chemical Technology (Bioprocess Technology),Y,No-data,
138,79.25,NIT,228,"National Institute of Technology, Warangal",4127,Metallurgical and Materials Engineering,Y,Borderline,
139,79.25,NIT,228,"National Institute of Technology, Warangal",5243,Metallurgical and Materials Engineering,-,Out,
140,79.25,IIIT,321,Indian Institute of Information Technology (IIIT) Pune,4188,Artificial Intelligence and Data Science,Y,No-data,
141,79.15,NIT,224,"National Institute of Technology, Silchar",4111,Electrical Engineering,Y,Good,
142,79.05,GFTI,422,"Punjab Engineering College, Chandigarh",411H,Electronics Engineering (VLSI Design and Technology),Y,No-data,
143,79.0,NIT,223,"National Institute of Technology, Rourkela",4109,Civil Engineering,Y,Borderline,
144,79.0,IIIT,310,"Indian Institute of Information Technology, Design & Manufacturing, Kancheepuram",521Q,B.Tech. in Electronics and Communication Engineering and M.Tech. in Communication Systems,Y,SAFE,
145,79.0,IIIT,310,"Indian Institute of Information Technology, Design & Manufacturing, Kancheepuram",4114,Electronics and Communication Engineering,Y,Good,
146,79.0,NIT,216,National Institute of Technology Raipur,4110,Computer Science and Engineering,Y,Out,
147,78.95,NIT,208,National Institute of Technology Durgapur,4125,Mechanical Engineering,Y,SAFE,
148,78.85,NIT,229,"Sardar Vallabhbhai National Institute of Technology, Surat",410B,Industrial Chemistry,Y,SAFE,
149,78.75,NIT,202,Malaviya National Institute of Technology Jaipur,4107,Chemical Engineering,Y,SAFE,
150,78.5,NIT,226,"National Institute of Technology, Tiruchirappalli",4127,Metallurgical and Materials Engineering,Y,Reach,
151,78.5,IIIT,308,"Indian Institute of Information Technology(IIIT), Vadodara, Gujrat",4185,Artificial Intelligence,Y,SAFE,
152,78.25,NIT,206,National Institute of Technology Calicut,4109,Civil Engineering,Y,Borderline,
153,78.25,GFTI,422,"Punjab Engineering College, Chandigarh",4114,Electronics and Communication Engineering,Y,No-data,
154,78.25,GFTI,402,"Birla Institute of Technology, Mesra, Ranchi",4110,Computer Science and Engineering,Y,Good,
155,78.2,NIT,203,Maulana Azad National Institute of Technology Bhopal,4125,Mechanical Engineering,Y,SAFE,
156,78.0,NIT,204,Motilal Nehru National Institute of Technology Allahabad,4107,Chemical Engineering,Y,Good,
157,77.8,NIT,223,"National Institute of Technology, Rourkela",4106,Ceramic Engineering,Y,SAFE,
158,77.8,NIT,223,"National Institute of Technology, Rourkela",4169,Food Process Engineering,-,Out,
159,77.8,NIT,223,"National Institute of Technology, Rourkela",5509,Life Science,-,Out,
160,77.75,NIT,211,"National Institute of Technology Karnataka, Surathkal",4127,Metallurgical and Materials Engineering,Y,Good,
161,77.75,NIT,207,National Institute of Technology Delhi,4188,Artificial Intelligence and Data Science,Y,Out,
162,77.7,NIT,226,"National Institute of Technology, Tiruchirappalli",5101,Architecture,Y,Out,
163,77.7,IIIT,308,"Indian Institute of Information Technology(IIIT), Vadodara, Gujrat",4124,Mathematics and Computing,Y,No-data,
164,77.5,NIT,230,"Visvesvaraya National Institute of Technology, Nagpur",4109,Civil Engineering,Y,SAFE,
165,77.5,IIIT,302,"Indian Institute of Information Technology (IIIT)Kota, Rajasthan",4110,Computer Science and Engineering,Y,SAFE,
166,77.45,NIT,220,"National Institute of Technology, Kurukshetra",4125,Mechanical Engineering,Y,SAFE,
167,77.45,NIT,220,"National Institute of Technology, Kurukshetra",5233,Mechanical Engineering,Y,SAFE,
168,77.25,NIT,229,"Sardar Vallabhbhai National Institute of Technology, Surat",4107,Chemical Engineering,Y,SAFE,
169,77.05,NIT,206,National Institute of Technology Calicut,5A09,B. Tech. (Mathematics & Computing) M. Tech. in (Mathematics & Computing),Y,No-data,
170,77.05,NIT,206,National Institute of Technology Calicut,4198,Energy Engineering,Y,Good,
171,77.05,GFTI,402,"Birla Institute of Technology, Mesra, Ranchi",410W,Computer Science and Engineering (Artificial Intelligence and Machine Learning),Y,No-data,
172,77.0,NIT,223,"National Institute of Technology, Rourkela",4127,Metallurgical and Materials Engineering,Y,Good,
173,77.0,NIT,223,"National Institute of Technology, Rourkela",5243,Metallurgical and Materials Engineering,-,Out,
174,76.75,NIT,202,Malaviya National Institute of Technology Jaipur,4109,Civil Engineering,Y,Reach,
175,76.75,IIIT,307,"Indian Institute of Information Technology (IIIT), Sri City, Chittoor",4114,Electronics and Communication Engineering,Y,SAFE,
176,76.75,IIIT,316,Indian Institute of Information Technology(IIIT) Dharwad,4110,Computer Science and Engineering,Y,SAFE,
177,76.7,NIT,219,"National Institute of Technology, Jamshedpur",4125,Mechanical Engineering,Y,SAFE,
178,76.7,IIIT,315,Indian Institute of Information Technology Lucknow,4146,Information Technology,Y,Out,
179,76.25,NIT,206,National Institute of Technology Calicut,4123,Materials Science and Engineering,Y,Good,
180,76.25,GFTI,402,"Birla Institute of Technology, Mesra, Ranchi",5511,Quantitative Economics & Data Science,Y,Out,
181,76.2,NIT,223,"National Institute of Technology, Rourkela",5101,Architecture,-,Out,
182,76.15,IIIT,301,Atal Bihari Vajpayee Indian Institute of Information Technology & Management Gwalior,4144,Electrical and Electronics Engineering,Y,Good,
183,76.05,IIIT,321,Indian Institute of Information Technology (IIIT) Pune,413X,Microelectronics and VLSI Design,Y,No-data,
184,76.0,NIT,204,Motilal Nehru National Institute of Technology Allahabad,4109,Civil Engineering,Y,Reach,
185,76.0,IIIT,320,Indian Institute of Information Technology (IIIT) Nagpur,4114,Electronics and Communication Engineering,Y,SAFE,
186,76.0,IIIT,320,Indian Institute of Information Technology (IIIT) Nagpur,410H,Electronics and Communication Engineering (Internet of Things),Y,SAFE,
187,76.0,IIIT,318,Indian Institute of Information Technology(IIIT) Kottayam,4110,Computer Science and Engineering,Y,SAFE,
188,76.0,IIIT,318,Indian Institute of Information Technology(IIIT) Kottayam,4195,Computer Science and Engineering with specialization in Cyber Security,Y,SAFE,
189,75.95,NIT,224,"National Institute of Technology, Silchar",4125,Mechanical Engineering,Y,SAFE,
190,75.85,NIT,220,"National Institute of Technology, Kurukshetra",411C,Industrial Internet of Things,Y,Good,
191,75.85,NIT,220,"National Institute of Technology, Kurukshetra",4136,Production and Industrial Engineering,Y,SAFE,
192,75.75,NIT,211,"National Institute of Technology Karnataka, Surathkal",4130,Mining Engineering,-,Out,
193,75.75,NIT,208,National Institute of Technology Durgapur,4107,Chemical Engineering,Y,SAFE,
194,75.75,NIT,208,National Institute of Technology Durgapur,5257,Chemical Engineering,-,Out,
195,75.5,NIT,230,"Visvesvaraya National Institute of Technology, Nagpur",4127,Metallurgical and Materials Engineering,Y,SAFE,
196,75.5,IIIT,302,"Indian Institute of Information Technology (IIIT)Kota, Rajasthan",411G,Artificial Intelligence and Data Engineering,Y,SAFE,
197,75.45,NIT,206,National Institute of Technology Calicut,5101,Architecture,Y,Out,
198,75.45,GFTI,402,"Birla Institute of Technology, Mesra, Ranchi",5506,Mathematics and Computing,Y,SAFE,
199,75.25,NIT,228,"National Institute of Technology, Warangal",4104,Bio Technology,Y,Reach,
200,75.25,NIT,229,"Sardar Vallabhbhai National Institute of Technology, Surat",4109,Civil Engineering,Y,Good,
201,75.25,IIIT,321,Indian Institute of Information Technology (IIIT) Pune,4114,Electronics and Communication Engineering,Y,Good,
202,75.25,IIIT,314,Indian Institute of Information Technology Tiruchirappalli,4110,Computer Science and Engineering,Y,Good,
203,75.1,NIT,219,"National Institute of Technology, Jamshedpur",4136,Production and Industrial Engineering,Y,SAFE,
204,75.0,NIT,223,"National Institute of Technology, Rourkela",4130,Mining Engineering,-,Out,
205,75.0,NIT,223,"National Institute of Technology, Rourkela",5247,Mining Engineering,-,Out,
206,75.0,NIT,203,Maulana Azad National Institute of Technology Bhopal,4107,Chemical Engineering,Y,SAFE,
207,74.8,NIT,204,Motilal Nehru National Institute of Technology Allahabad,4192,Engineering and Computational Mechanics,Y,Out,
208,74.8,IIIT,318,Indian Institute of Information Technology(IIIT) Kottayam,410R,Computer Science and Engineering with specialization in Artificial Intelligence and Data Science,Y,SAFE,
209,74.75,NIT,202,Malaviya National Institute of Technology Jaipur,4127,Metallurgical and Materials Engineering,Y,Good,
210,74.75,IIIT,316,Indian Institute of Information Technology(IIIT) Dharwad,413T,Artificial Intelligence and Computing,Y,No-data,
211,74.75,IIIT,316,Indian Institute of Information Technology(IIIT) Dharwad,4181,Data Science and Artificial Intelligence,Y,SAFE,
212,74.7,NIT,230,"Visvesvaraya National Institute of Technology, Nagpur",5101,Architecture,Y,Out,
213,74.65,GFTI,422,"Punjab Engineering College, Chandigarh",4111,Electrical Engineering,Y,No-data,
214,74.5,NIT,232,"Indian Institute of Engineering Science and Technology, Shibpur",4109,Civil Engineering,Y,SAFE,
215,74.5,IIIT,308,"Indian Institute of Information Technology(IIIT), Vadodara, Gujrat",4114,Electronics and Communication Engineering,Y,SAFE,
216,74.5,NIT,201,"Dr. B R Ambedkar National Institute of Technology, Jalandhar",4110,Computer Science and Engineering,Y,Out,
217,74.05,IIIT,314,Indian Institute of Information Technology Tiruchirappalli,412F,Computer Science and Engineering ( Artificial Intelligence & Data Science),Y,Reach,
218,74.0,NIT,204,Motilal Nehru National Institute of Technology Allahabad,412H,Materials Engineering,Y,No-data,
219,73.95,NIT,202,Malaviya National Institute of Technology Jaipur,5101,Architecture,Y,Out,
220,73.75,NIT,208,National Institute of Technology Durgapur,4109,Civil Engineering,Y,SAFE,
221,73.75,NIT,207,National Institute of Technology Delhi,4114,Electronics and Communication Engineering,Y,Out,
222,73.75,NIT,231,"National Institute of Technology, Andhra Pradesh",4110,Computer Science and Engineering,Y,Out,
223,73.7,IIIT,311,"Pt. Dwarka Prasad Mishra Indian Institute of Information Technology, Design & Manufacture Jabalpur",4125,Mechanical Engineering,Y,SAFE,
224,73.7,IIIT,308,"Indian Institute of Information Technology(IIIT), Vadodara, Gujrat",4146,Information Technology,Y,SAFE,
225,73.5,NIT,230,"Visvesvaraya National Institute of Technology, Nagpur",4130,Mining Engineering,-,Out,
226,73.3,NIT,232,"Indian Institute of Engineering Science and Technology, Shibpur",4101,Aerospace Engineering,Y,Good,
227,73.3,NIT,232,"Indian Institute of Engineering Science and Technology, Shibpur",5501,Applied Geology,Y,No-data,
228,73.25,NIT,228,"National Institute of Technology, Warangal",5503,Chemistry,Y,Good,
229,73.25,NIT,228,"National Institute of Technology, Warangal",5508,Mathematics,Y,Good,
230,73.25,NIT,228,"National Institute of Technology, Warangal",5507,Physics,Y,Out,
231,73.2,IIIT,318,Indian Institute of Information Technology(IIIT) Kottayam,411F,B.Tech in Mathematics and Computing,Y,No-data,
232,73.0,NIT,223,"National Institute of Technology, Rourkela",4152,Bio Medical Engineering,-,Out,
233,73.0,NIT,223,"National Institute of Technology, Rourkela",4104,Bio Technology,Y,Good,
234,73.0,NIT,203,Maulana Azad National Institute of Technology Bhopal,4109,Civil Engineering,Y,Good,
235,73.0,NIT,216,National Institute of Technology Raipur,4114,Electronics and Communication Engineering,Y,Reach,
236,73.0,NIT,210,National Institute of Technology Hamirpur,4110,Computer Science and Engineering,Y,Out,
237,73.0,NIT,210,National Institute of Technology Hamirpur,5216,Computer Science and Engineering,Y,Reach,
238,72.5,NIT,232,"Indian Institute of Engineering Science and Technology, Shibpur",4156,Metallurgy and Materials Engineering,Y,SAFE,
239,72.5,NIT,201,"Dr. B R Ambedkar National Institute of Technology, Jalandhar",4185,Artificial Intelligence,Y,No-data,
240,72.5,NIT,201,"Dr. B R Ambedkar National Institute of Technology, Jalandhar",4187,Data Science and Engineering,Y,Reach,
241,72.25,NIT,206,National Institute of Technology Calicut,4104,Bio Technology,Y,Reach,
242,72.25,NIT,220,"National Institute of Technology, Kurukshetra",4109,Civil Engineering,Y,SAFE,
243,72.25,NIT,220,"National Institute of Technology, Kurukshetra",5213,Civil Engineering,Y,Out,
244,72.25,GFTI,402,"Birla Institute of Technology, Mesra, Ranchi",4114,Electronics and Communication Engineering,Y,SAFE,
245,72.25,NIT,215,National Institute of Technology Puducherry,4110,Computer Science and Engineering,Y,Out,
246,72.2,IIIT,310,"Indian Institute of Information Technology, Design & Manufacturing, Kancheepuram",5A11,B.Tech in Mechanical Engineering and M.Tech in AI and Robotics,Y,SAFE,
247,72.2,IIIT,310,"Indian Institute of Information Technology, Design & Manufacturing, Kancheepuram",4125,Mechanical Engineering,Y,Good,
248,72.2,NIT,216,National Institute of Technology Raipur,4146,Information Technology,Y,Reach,
249,71.75,NIT,208,National Institute of Technology Durgapur,4127,Metallurgical and Materials Engineering,Y,SAFE,
250,71.7,NIT,232,"Indian Institute of Engineering Science and Technology, Shibpur",5101,Architecture,Y,Out,
251,71.7,NIT,201,"Dr. B R Ambedkar National Institute of Technology, Jalandhar",4124,Mathematics and Computing,Y,Reach,
252,71.5,NIT,219,"National Institute of Technology, Jamshedpur",4109,Civil Engineering,Y,Reach,
253,71.5,IIIT,302,"Indian Institute of Information Technology (IIIT)Kota, Rajasthan",4114,Electronics and Communication Engineering,Y,SAFE,
254,71.5,IIIT,317,"Indian Institute of Information Technology Design & Manufacturing Kurnool, Andhra Pradesh",4110,Computer Science and Engineering,Y,Good,
255,71.5,IIIT,317,"Indian Institute of Information Technology Design & Manufacturing Kurnool, Andhra Pradesh",5216,Computer Science and Engineering,-,Good,
256,71.45,GFTI,422,"Punjab Engineering College, Chandigarh",4125,Mechanical Engineering,Y,No-data,
257,71.05,NIT,220,"National Institute of Technology, Kurukshetra",412A,ROBOTICS & AUTOMATION,Y,Reach,
258,71.05,NIT,220,"National Institute of Technology, Kurukshetra",412D,SUSTAINABLE ENERGY TECHNOLOGIES,Y,Out,
259,71.0,NIT,223,"National Institute of Technology, Rourkela",5503,Chemistry,-,Out,
260,71.0,NIT,223,"National Institute of Technology, Rourkela",4117,Engineering Physics,-,No-data,
261,71.0,NIT,203,Maulana Azad National Institute of Technology Bhopal,4180,Materials and Metallurgical Engineering,Y,No-data,
262,70.75,NIT,224,"National Institute of Technology, Silchar",4109,Civil Engineering,Y,SAFE,
263,70.75,IIIT,316,Indian Institute of Information Technology(IIIT) Dharwad,4114,Electronics and Communication Engineering,Y,SAFE,
264,70.75,IIIT,303,Indian Institute of Information Technology Guwahati,4110,Computer Science and Engineering,Y,SAFE,
265,70.5,NIT,232,"Indian Institute of Engineering Science and Technology, Shibpur",4130,Mining Engineering,Y,Out,
266,70.45,IIIT,314,Indian Institute of Information Technology Tiruchirappalli,413G,Electronics and Communication Engineering (VLSI Design),Y,Borderline,
267,70.3,NIT,219,"National Institute of Technology, Jamshedpur",4192,Engineering and Computational Mechanics,Y,Out,
268,70.25,NIT,206,National Institute of Technology Calicut,4117,Engineering Physics,Y,Good,
269,70.2,NIT,203,Maulana Azad National Institute of Technology Bhopal,5101,Architecture,Y,Out,
270,70.2,NIT,203,Maulana Azad National Institute of Technology Bhopal,4501,Planning,Y,Out,
271,70.2,NIT,210,National Institute of Technology Hamirpur,4124,Mathematics and Computing,Y,Borderline,
272,70.15,NIT,207,National Institute of Technology Delhi,4111,Electrical Engineering,Y,Borderline,
273,70.0,NIT,204,Motilal Nehru National Institute of Technology Allahabad,4104,Bio Technology,Y,SAFE,
274,70.0,IIIT,318,Indian Institute of Information Technology(IIIT) Kottayam,4114,Electronics and Communication Engineering,Y,SAFE,
275,70.0,IIIT,326,"Indian institute of information technology, Raichur, Karnataka",4110,Computer Science and Engineering,Y,Good,
276,69.85,GFTI,422,"Punjab Engineering College, Chandigarh",4136,Production and Industrial Engineering,Y,No-data,
277,69.5,NIT,230,"Visvesvaraya National Institute of Technology, Nagpur",4117,Engineering Physics,Y,No-data,
278,69.5,NIT,219,"National Institute of Technology, Jamshedpur",4127,Metallurgical and Materials Engineering,Y,Out,
279,69.5,IIIT,317,"Indian Institute of Information Technology Design & Manufacturing Kurnool, Andhra Pradesh",4188,Artificial Intelligence and Data Science,Y,Borderline,
280,69.5,IIIT,317,"Indian Institute of Information Technology Design & Manufacturing Kurnool, Andhra Pradesh",523U,Artificial Intelligence and Data Science,-,No-data,
281,69.45,NIT,220,"National Institute of Technology, Kurukshetra",5101,Architecture,Y,Out,
282,69.4,NIT,216,National Institute of Technology Raipur,4111,Electrical Engineering,Y,Borderline,
283,69.3,NIT,201,"Dr. B R Ambedkar National Institute of Technology, Jalandhar",410V,Electronics and VLSI Engineering,Y,Good,
284,69.25,IIIT,314,Indian Institute of Information Technology Tiruchirappalli,4114,Electronics and Communication Engineering,Y,SAFE,
285,69.25,IIIT,304,"Indian Institute of Information Technology(IIIT) Kalyani, West Bengal",4110,Computer Science and Engineering,Y,SAFE,
286,69.25,IIIT,304,"Indian Institute of Information Technology(IIIT) Kalyani, West Bengal",410J,Computer Science and Engineering (Cyber Security),-,Out,
287,68.75,NIT,202,Malaviya National Institute of Technology Jaipur,4117,Engineering Physics,Y,No-data,
288,68.75,IIIT,303,Indian Institute of Information Technology Guwahati,413V,Electronics Communication and Artificial Intelligence,Y,No-data,
289,68.65,GFTI,402,"Birla Institute of Technology, Mesra, Ranchi",4144,Electrical and Electronics Engineering,Y,SAFE,
290,68.5,NIT,201,"Dr. B R Ambedkar National Institute of Technology, Jalandhar",4114,Electronics and Communication Engineering,Y,Reach,
291,68.5,IIIT,319,Indian Institute of Information Technology (IIIT) Ranchi,4110,Computer Science and Engineering,Y,SAFE,
292,68.05,IIIT,304,"Indian Institute of Information Technology(IIIT) Kalyani, West Bengal",412F,Computer Science and Engineering ( Artificial Intelligence & Data Science),-,Out,
293,68.0,GFTI,421,University of Hyderabad,5313,Materials Engineering,Y,SAFE,
294,68.0,IIIT,326,"Indian institute of information technology, Raichur, Karnataka",4188,Artificial Intelligence and Data Science,Y,Good,
295,67.75,NIT,208,National Institute of Technology Durgapur,4104,Bio Technology,Y,SAFE,
296,67.75,NIT,208,National Institute of Technology Durgapur,5296,Biotechnology,-,Out,
297,67.75,NIT,231,"National Institute of Technology, Andhra Pradesh",4114,Electronics and Communication Engineering,Y,Good,
298,67.75,IIIT,323,Indian Institute of Information Technology Bhopal,4110,Computer Science and Engineering,Y,SAFE,
299,67.75,IIIT,323,Indian Institute of Information Technology Bhopal,411Y,Computer Science and Engineering (Cyber Physical System),Y,SAFE,
300,67.75,IIIT,323,Indian Institute of Information Technology Bhopal,410J,Computer Science and Engineering (Cyber Security),Y,SAFE,
301,67.7,NIT,201,"Dr. B R Ambedkar National Institute of Technology, Jalandhar",4146,Information Technology,Y,Reach,
302,67.3,IIIT,311,"Pt. Dwarka Prasad Mishra Indian Institute of Information Technology, Design & Manufacture Jabalpur",4176,Smart Manufacturing,Y,SAFE,
303,67.3,IIIT,319,Indian Institute of Information Technology (IIIT) Ranchi,4602,Computer Science and Engineering (with Specialization of Data Science and Artificial Intelligence),Y,SAFE,
304,67.25,NIT,229,"Sardar Vallabhbhai National Institute of Technology, Surat",5H3C,Chemistry,Y,No-data,
305,67.25,NIT,229,"Sardar Vallabhbhai National Institute of Technology, Surat",4117,Engineering Physics,Y,SAFE,
306,67.25,NIT,229,"Sardar Vallabhbhai National Institute of Technology, Surat",5H3E,Mathematics,Y,No-data,
307,67.25,NIT,229,"Sardar Vallabhbhai National Institute of Technology, Surat",5H3D,Physics,Y,No-data,
308,67.2,IIIT,326,"Indian institute of information technology, Raichur, Karnataka",4124,Mathematics and Computing,Y,SAFE,
309,67.0,NIT,210,National Institute of Technology Hamirpur,4114,Electronics and Communication Engineering,Y,Good,
310,67.0,NIT,210,National Institute of Technology Hamirpur,5234,Electronics and Communication Engineering,Y,Borderline,
311,67.0,GFTI,423,"Jawaharlal Nehru University, Delhi",4110,Computer Science and Engineering,Y,Good,
312,66.95,NIT,207,National Institute of Technology Delhi,4125,Mechanical Engineering,Y,Borderline,
313,66.55,IIIT,301,Atal Bihari Vajpayee Indian Institute of Information Technology & Management Gwalior,411M,Mathematics and Scientific Computing,Y,Good,
314,66.55,IIIT,323,Indian Institute of Information Technology Bhopal,412G,Computer Science and Engineering (Artificial Intelligence),Y,SAFE,
315,66.55,IIIT,323,Indian Institute of Information Technology Bhopal,412E,Computer Science and Engineering (Data Science),Y,Good,
316,66.5,NIT,232,"Indian Institute of Engineering Science and Technology, Shibpur",5503,Chemistry,Y,No-data,
317,66.5,NIT,232,"Indian Institute of Engineering Science and Technology, Shibpur",5507,Physics,-,No-data,
318,66.25,GFTI,422,"Punjab Engineering College, Chandigarh",4109,Civil Engineering,Y,No-data,
319,66.25,NIT,215,National Institute of Technology Puducherry,4114,Electronics and Communication Engineering,Y,Reach,
320,66.2,NIT,216,National Institute of Technology Raipur,4125,Mechanical Engineering,Y,Borderline,
321,65.8,IIIT,310,"Indian Institute of Information Technology, Design & Manufacturing, Kancheepuram",413C,Design Engineering,Y,SAFE,
322,65.8,IIIT,310,"Indian Institute of Information Technology, Design & Manufacturing, Kancheepuram",4176,Smart Manufacturing,Y,SAFE,
323,65.75,NIT,208,National Institute of Technology Durgapur,5503,Chemistry,-,Out,
324,65.7,IIIT,319,Indian Institute of Information Technology (IIIT) Ranchi,411F,B.Tech in Mathematics and Computing,Y,SAFE,
325,65.5,IIIT,317,"Indian Institute of Information Technology Design & Manufacturing Kurnool, Andhra Pradesh",5234,Electronics and Communication Engineering,-,SAFE,
326,65.5,IIIT,317,"Indian Institute of Information Technology Design & Manufacturing Kurnool, Andhra Pradesh",4174,Electronics and Communication Engineering with specialization in Design and Manufacturing,Y,Good,
327,65.5,GFTI,420,"International Institute of Information Technology, Naya Raipur",4110,Computer Science and Engineering,Y,SAFE,
328,65.45,GFTI,402,"Birla Institute of Technology, Mesra, Ranchi",4125,Mechanical Engineering,Y,SAFE,
329,65.05,GFTI,422,"Punjab Engineering College, Chandigarh",4101,Aerospace Engineering,Y,No-data,
330,65.0,NIT,203,Maulana Azad National Institute of Technology Bhopal,522S,B. Tech. and M. Tech. in Engineering and Computational Mechanics (Dual Degree),-,Out,
331,64.95,IIIT,323,Indian Institute of Information Technology Bhopal,411F,B.Tech in Mathematics and Computing,Y,SAFE,
332,64.9,NIT,201,"Dr. B R Ambedkar National Institute of Technology, Jalandhar",4111,Electrical Engineering,Y,Good,
333,64.75,IIIT,303,Indian Institute of Information Technology Guwahati,4114,Electronics and Communication Engineering,Y,SAFE,
334,64.75,GFTI,424,"International Institute of Information Technology, Bhubaneswar",4110,Computer Science and Engineering,Y,Good,
335,64.25,GFTI,422,"Punjab Engineering College, Chandigarh",4127,Metallurgical and Materials Engineering,Y,No-data,
336,64.15,NIT,231,"National Institute of Technology, Andhra Pradesh",4144,Electrical and Electronics Engineering,Y,Good,
337,63.85,GFTI,402,"Birla Institute of Technology, Mesra, Ranchi",4136,Production and Industrial Engineering,Y,SAFE,
338,63.5,GFTI,420,"International Institute of Information Technology, Naya Raipur",4181,Data Science and Artificial Intelligence,Y,Reach,
339,63.4,NIT,210,National Institute of Technology Hamirpur,4111,Electrical Engineering,Y,SAFE,
340,63.25,IIIT,304,"Indian Institute of Information Technology(IIIT) Kalyani, West Bengal",4114,Electronics and Communication Engineering,Y,SAFE,
341,63.25,GFTI,428,"Central University of Rajasthan, Rajasthan",4110,Computer Science and Engineering,Y,SAFE,
342,63.0,NIT,216,National Institute of Technology Raipur,4107,Chemical Engineering,Y,SAFE,
343,62.8,GFTI,453,Central University of Karnataka,410W,Computer Science and Engineering (Artificial Intelligence and Machine Learning),Y,No-data,
344,62.65,NIT,215,National Institute of Technology Puducherry,4144,Electrical and Electronics Engineering,Y,Borderline,
345,62.5,IIIT,319,Indian Institute of Information Technology (IIIT) Ranchi,4114,Electronics and Communication Engineering,Y,SAFE,
346,62.5,IIIT,319,Indian Institute of Information Technology (IIIT) Ranchi,4601,Electronics and Communication Engineering (with Specialization of Embedded Systems and Internet of Things),Y,SAFE,
347,62.5,NIT,209,National Institute of Technology Goa,4110,Computer Science and Engineering,Y,Out,
348,62.25,GFTI,402,"Birla Institute of Technology, Mesra, Ranchi",4107,Chemical Engineering,Y,SAFE,
349,62.05,IIIT,321,Indian Institute of Information Technology (IIIT) Pune,413W,Cyber Security,Y,No-data,
350,61.75,NIT,207,National Institute of Technology Delhi,4109,Civil Engineering,-,Good,
351,61.75,IIIT,323,Indian Institute of Information Technology Bhopal,4114,Electronics and Communication Engineering,Y,SAFE,
352,61.75,NIT,227,"National Institute of Technology, Uttarakhand",4110,Computer Science and Engineering,Y,Out,
353,61.7,NIT,201,"Dr. B R Ambedkar National Institute of Technology, Jalandhar",4125,Mechanical Engineering,Y,SAFE,
354,61.2,GFTI,453,Central University of Karnataka,4124,Mathematics and Computing,Y,No-data,
355,61.0,NIT,216,National Institute of Technology Raipur,4109,Civil Engineering,Y,SAFE,
356,61.0,GFTI,423,"Jawaharlal Nehru University, Delhi",4114,Electronics and Communication Engineering,Y,SAFE,
357,60.95,NIT,231,"National Institute of Technology, Andhra Pradesh",4125,Mechanical Engineering,Y,SAFE,
358,60.95,IIIT,323,Indian Institute of Information Technology Bhopal,4146,Information Technology,Y,SAFE,
359,60.9,NIT,201,"Dr. B R Ambedkar National Institute of Technology, Jalandhar",4148,Instrumentation and Control Engineering,Y,SAFE,
360,60.55,NIT,207,National Institute of Technology Delhi,4101,Aerospace Engineering,-,Out,
361,60.55,NIT,207,National Institute of Technology Delhi,411Z,VLSI Design and Technology,Y,Out,
362,60.25,GFTI,402,"Birla Institute of Technology, Mesra, Ranchi",4109,Civil Engineering,Y,SAFE,
363,60.2,NIT,210,National Institute of Technology Hamirpur,4125,Mechanical Engineering,Y,SAFE,
364,60.1,NIT,201,"Dr. B R Ambedkar National Institute of Technology, Jalandhar",4149,Industrial and Production Engineering,Y,SAFE,
365,59.75,IIIT,301,Atal Bihari Vajpayee Indian Institute of Information Technology & Management Gwalior,5B01,Integrated B. Tech.(IT) and M. Tech (IT),Y,Reach,
366,59.75,IIIT,301,Atal Bihari Vajpayee Indian Institute of Information Technology & Management Gwalior,5C01,Integrated B. Tech.(IT) and MBA,Y,Good,
367,59.5,GFTI,420,"International Institute of Information Technology, Naya Raipur",4114,Electronics and Communication Engineering,-,SAFE,
368,59.45,NIT,215,National Institute of Technology Puducherry,4125,Mechanical Engineering,Y,SAFE,
369,59.05,GFTI,402,"Birla Institute of Technology, Mesra, Ranchi",4167,Food Engineering  and Technology,Y,SAFE,
370,59.0,IIIT,310,"Indian Institute of Information Technology, Design & Manufacturing, Kancheepuram",4117,Engineering Physics,Y,Out,
371,59.0,NIT,216,National Institute of Technology Raipur,4127,Metallurgical and Materials Engineering,Y,SAFE,
372,58.7,IIIT,317,"Indian Institute of Information Technology Design & Manufacturing Kurnool, Andhra Pradesh",5233,Mechanical Engineering,-,SAFE,
373,58.7,IIIT,317,"Indian Institute of Information Technology Design & Manufacturing Kurnool, Andhra Pradesh",4175,Mechanical Engineering with specialization in Design and Manufacturing,Y,SAFE,
374,58.5,NIT,201,"Dr. B R Ambedkar National Institute of Technology, Jalandhar",4107,Chemical Engineering,Y,SAFE,
375,58.2,NIT,216,National Institute of Technology Raipur,5101,Architecture,Y,Out,
376,58.0,GFTI,453,Central University of Karnataka,4114,Electronics and Communication Engineering,Y,No-data,
377,57.95,GFTI,424,"International Institute of Information Technology, Bhubaneswar",4146,Information Technology,Y,Good,
378,57.75,NIT,231,"National Institute of Technology, Andhra Pradesh",4107,Chemical Engineering,Y,SAFE,
379,57.25,GFTI,428,"Central University of Rajasthan, Rajasthan",4114,Electronics and Communication Engineering,Y,SAFE,
380,57.0,NIT,216,National Institute of Technology Raipur,4130,Mining Engineering,-,Out,
381,57.0,NIT,210,National Institute of Technology Hamirpur,4107,Chemical Engineering,Y,SAFE,
382,56.75,GFTI,424,"International Institute of Information Technology, Bhubaneswar",4153,Electronics and Telecommunication Engineering,Y,SAFE,
383,56.65,GFTI,405,"Institute of Infrastructure, Technology, Research and Management-Ahmedabad",4111,Electrical Engineering,Y,SAFE,
384,56.5,NIT,201,"Dr. B R Ambedkar National Institute of Technology, Jalandhar",4109,Civil Engineering,-,Borderline,
385,56.5,NIT,209,National Institute of Technology Goa,4114,Electronics and Communication Engineering,-,Reach,
386,55.75,NIT,231,"National Institute of Technology, Andhra Pradesh",4109,Civil Engineering,Y,Good,
387,55.75,NIT,227,"National Institute of Technology, Uttarakhand",4114,Electronics and Communication Engineering,Y,SAFE,
388,55.15,GFTI,424,"International Institute of Information Technology, Bhubaneswar",4144,Electrical and Electronics Engineering,Y,SAFE,
389,55.0,NIT,216,National Institute of Technology Raipur,4152,Bio Medical Engineering,Y,SAFE,
390,55.0,NIT,216,National Institute of Technology Raipur,4104,Bio Technology,Y,Out,
391,55.0,NIT,210,National Institute of Technology Hamirpur,4109,Civil Engineering,Y,SAFE,
392,54.5,IIIT,308,"Indian Institute of Information Technology(IIIT), Vadodara, Gujrat",413U,Applied and Computational Physics,Y,No-data,
393,54.4,GFTI,453,Central University of Karnataka,4111,Electrical Engineering,Y,No-data,
394,54.25,GFTI,402,"Birla Institute of Technology, Mesra, Ranchi",4104,Bio Technology,Y,SAFE,
395,54.25,NIT,215,National Institute of Technology Puducherry,4109,Civil Engineering,Y,Reach,
396,53.75,NIT,231,"National Institute of Technology, Andhra Pradesh",4127,Metallurgical and Materials Engineering,Y,Out,
397,53.45,GFTI,405,"Institute of Infrastructure, Technology, Research and Management-Ahmedabad",4125,Mechanical Engineering,Y,SAFE,
398,53.0,NIT,210,National Institute of Technology Hamirpur,4123,Materials Science and Engineering,Y,SAFE,
399,52.9,NIT,209,National Institute of Technology Goa,4144,Electrical and Electronics Engineering,Y,Good,
400,52.25,GFTI,402,"Birla Institute of Technology, Mesra, Ranchi",5507,Physics,Y,Out,
401,52.2,NIT,210,National Institute of Technology Hamirpur,5101,Architecture,Y,Out,
402,52.15,NIT,227,"National Institute of Technology, Uttarakhand",4144,Electrical and Electronics Engineering,-,Out,
403,51.3,NIT,201,"Dr. B R Ambedkar National Institute of Technology, Jalandhar",4139,Textile Technology,Y,SAFE,
404,50.5,NIT,201,"Dr. B R Ambedkar National Institute of Technology, Jalandhar",4104,Bio Technology,Y,Good,
405,49.75,NIT,231,"National Institute of Technology, Andhra Pradesh",4104,Bio Technology,Y,Good,
406,49.7,NIT,209,National Institute of Technology Goa,4125,Mechanical Engineering,Y,SAFE,
407,48.95,NIT,227,"National Institute of Technology, Uttarakhand",4125,Mechanical Engineering,-,Out,
408,48.25,GFTI,405,"Institute of Infrastructure, Technology, Research and Management-Ahmedabad",4109,Civil Engineering,Y,SAFE,
409,47.5,NIT,205,National Institute of Technology Agartala,4110,Computer Science and Engineering,Y,Borderline,
410,47.5,NIT,212,National Institute of Technology Meghalaya,4110,Computer Science and Engineering,-,Out,
411,47.5,NIT,213,National Institute of Technology Nagaland,4110,Computer Science and Engineering,-,Out,
412,47.5,NIT,217,National Institute of Technology Sikkim,4110,Computer Science and Engineering,Y,Reach,
413,47.5,NIT,218,National Institute of Technology Arunachal Pradesh,4110,Computer Science and Engineering,Y,Reach,
414,47.5,NIT,221,"National Institute of Technology, Manipur",4110,Computer Science and Engineering,Y,Good,
415,47.5,NIT,221,"National Institute of Technology, Manipur",5216,Computer Science and Engineering,-,No-data,
416,47.5,NIT,222,"National Institute of Technology, Mizoram",4110,Computer Science and Engineering,Y,Good,
417,47.5,NIT,225,"National Institute of Technology, Srinagar",4110,Computer Science and Engineering,Y,Good,
418,47.05,GFTI,405,"Institute of Infrastructure, Technology, Research and Management-Ahmedabad",4151,Computer Engineering,Y,SAFE,
419,47.0,NIT,210,National Institute of Technology Hamirpur,4117,Engineering Physics,Y,SAFE,
420,45.5,NIT,217,National Institute of Technology Sikkim,410P,Artificial Intelligence and Machine Learning,-,No-data,
421,44.7,NIT,222,"National Institute of Technology, Mizoram",4124,Mathematics and Computing,-,Out,
422,44.5,NIT,209,National Institute of Technology Goa,4109,Civil Engineering,Y,Good,
423,43.75,NIT,227,"National Institute of Technology, Uttarakhand",4109,Civil Engineering,-,Good,
424,41.75,IIIT,323,Indian Institute of Information Technology Bhopal,413D,Physics and Computational Engineering,Y,SAFE,
425,41.5,IIIT,305,"Indian Institute of Information Technology(IIIT) Kilohrad, Sonepat, Haryana",4110,Computer Science and Engineering,Y,SAFE,
426,41.5,IIIT,306,"Indian Institute of Information Technology(IIIT) Una, Himachal Pradesh",4110,Computer Science and Engineering,Y,SAFE,
427,41.5,IIIT,313,INDIAN INSTITUTE OF INFORMATION TECHNOLOGY SENAPATI MANIPUR,4110,Computer Science and Engineering,-,Out,
428,41.5,IIIT,324,Indian Institute of Information Technology Surat,4110,Computer Science and Engineering,Y,Good,
429,41.5,IIIT,325,"Indian Institute of Information Technology, Agartala",4110,Computer Science and Engineering,Y,SAFE,
430,41.5,IIIT,327,"Indian Institute of Information Technology, Vadodara International Campus Diu (IIITVICD)",4110,Computer Science and Engineering,Y,SAFE,
431,41.5,IIIT,306,"Indian Institute of Information Technology(IIIT) Una, Himachal Pradesh",410J,Computer Science and Engineering (Cyber Security),-,Good,
432,41.5,IIIT,324,Indian Institute of Information Technology Surat,410J,Computer Science and Engineering (Cyber Security),Y,Reach,
433,41.5,IIIT,327,"Indian Institute of Information Technology, Vadodara International Campus Diu (IIITVICD)",410J,Computer Science and Engineering (Cyber Security),Y,No-data,
434,41.5,IIIT,313,INDIAN INSTITUTE OF INFORMATION TECHNOLOGY SENAPATI MANIPUR,4195,Computer Science and Engineering with specialization in Cyber Security,-,Out,
435,41.5,IIIT,313,INDIAN INSTITUTE OF INFORMATION TECHNOLOGY SENAPATI MANIPUR,413H,Computer Science and Engineering with specialization in Quantum Technologies,-,Out,
436,41.5,NIT,205,National Institute of Technology Agartala,4114,Electronics and Communication Engineering,Y,Good,
437,41.5,NIT,212,National Institute of Technology Meghalaya,4114,Electronics and Communication Engineering,Y,Good,
438,41.5,NIT,213,National Institute of Technology Nagaland,4114,Electronics and Communication Engineering,-,SAFE,
439,41.5,NIT,217,National Institute of Technology Sikkim,4114,Electronics and Communication Engineering,Y,SAFE,
440,41.5,NIT,218,National Institute of Technology Arunachal Pradesh,4114,Electronics and Communication Engineering,Y,SAFE,
441,41.5,NIT,221,"National Institute of Technology, Manipur",4114,Electronics and Communication Engineering,Y,SAFE,
442,41.5,NIT,221,"National Institute of Technology, Manipur",5234,Electronics and Communication Engineering,-,No-data,
443,41.5,NIT,222,"National Institute of Technology, Mizoram",4114,Electronics and Communication Engineering,Y,SAFE,
444,41.5,NIT,225,"National Institute of Technology, Srinagar",4114,Electronics and Communication Engineering,Y,SAFE,
445,40.7,NIT,225,"National Institute of Technology, Srinagar",4146,Information Technology,Y,Good,
446,40.3,IIIT,305,"Indian Institute of Information Technology(IIIT) Kilohrad, Sonepat, Haryana",411J,Computer Science & Engineering (Data Science and Analytics),Y,No-data,
447,40.3,IIIT,324,Indian Institute of Information Technology Surat,410W,Computer Science and Engineering (Artificial Intelligence and Machine Learning),Y,Borderline,
448,40.3,IIIT,305,"Indian Institute of Information Technology(IIIT) Kilohrad, Sonepat, Haryana",412G,Computer Science and Engineering (Artificial Intelligence),Y,No-data,
449,40.3,IIIT,306,"Indian Institute of Information Technology(IIIT) Una, Himachal Pradesh",412E,Computer Science and Engineering (Data Science),Y,Out,
450,40.3,IIIT,313,INDIAN INSTITUTE OF INFORMATION TECHNOLOGY SENAPATI MANIPUR,410R,Computer Science and Engineering with specialization in Artificial Intelligence and Data Science,-,Out,
451,40.0,GFTI,412,"School of Engineering, Tezpur University, Napaam, Tezpur",5418,B.Tech. (Computer Science and Engineering) - MBA,-,Out,
452,40.0,GFTI,401,"Assam University, Silchar",4110,Computer Science and Engineering,Y,Good,
453,40.0,GFTI,403,"Gurukula Kangri Vishwavidyalaya, Haridwar",4110,Computer Science and Engineering,Y,SAFE,
454,40.0,GFTI,406,"School of Studies of Engineering and Technology, Guru Ghasidas Vishwavidyalaya, Bilaspur",4110,Computer Science and Engineering,Y,SAFE,
455,40.0,GFTI,408,"National Institute of Electronics and Information Technology, Aurangabad (Maharashtra)",4110,Computer Science and Engineering,Y,SAFE,
456,40.0,GFTI,409,"National Institute of Advanced Manufacturing Technology, Ranchi",4110,Computer Science and Engineering,Y,No-data,
457,40.0,GFTI,410,Sant Longowal Institute of Engineering and Technology,4110,Computer Science and Engineering,Y,SAFE,
458,40.0,GFTI,410,Sant Longowal Institute of Engineering and Technology,5216,Computer Science and Engineering,Y,SAFE,
459,40.0,GFTI,412,"School of Engineering, Tezpur University, Napaam, Tezpur",4110,Computer Science and Engineering,-,Out,
460,40.0,GFTI,416,"Shri Mata Vaishno Devi University, Katra, Jammu & Kashmir",4110,Computer Science and Engineering,Y,SAFE,
461,40.0,GFTI,425,"Central institute of Technology Kokrajar, Assam",4110,Computer Science and Engineering,Y,SAFE,
462,40.0,GFTI,426,"Puducherry Technological University, Puducherry",4110,Computer Science and Engineering,-,SAFE,
463,40.0,GFTI,432,"North Eastern Regional Institute of Science and Technology, Nirjuli-791109 (Itanagar),Arunachal Pradesh",4110,Computer Science and Engineering,-,Out,
464,40.0,GFTI,434,"Chhattisgarh Swami Vivekanada Technical University, Bhilai (CSVTU Bhilai)",4110,Computer Science and Engineering,Y,No-data,
465,40.0,GFTI,437,Central University of Jammu,4110,Computer Science and Engineering,Y,SAFE,
466,40.0,GFTI,438,"Institute of Engineering and Technology, Dr. H. S. Gour University. Sagar (A Central University)",4110,Computer Science and Engineering,-,SAFE,
467,40.0,GFTI,439,Central University of Haryana,4110,Computer Science and Engineering,Y,SAFE,
468,40.0,GFTI,440,"Birla Institute of Technology, Deoghar Off-Campus",4110,Computer Science and Engineering,Y,SAFE,
469,40.0,GFTI,444,CU Jharkhand,4110,Computer Science and Engineering,-,Out,
470,40.0,GFTI,451,Shri G. S. Institute of Technology and Science Indore,4110,Computer Science and Engineering,-,Out,
471,40.0,GFTI,460,"Central University of Punjab, Bathinda",4110,Computer Science and Engineering,Y,No-data,
472,40.0,GFTI,447,"National Institute of Electronics and Information Technology, Ajmer (Rajasthan)",413K,"Computer Science and Engineering (Internet of Things, Cyber Security including Block Chain Technology )",Y,SAFE,
473,40.0,GFTI,448,"National Institute of Electronics and Information Technology, Gorakhpur (UP)",413L,Computer Science and Engineering with minor in AI and ML,Y,SAFE,
474,40.0,GFTI,437,Central University of Jammu,4195,Computer Science and Engineering with specialization in Cyber Security,Y,SAFE,
475,39.5,IIIT,327,"Indian Institute of Information Technology, Vadodara International Campus Diu (IIITVICD)",4185,Artificial Intelligence,Y,SAFE,
476,39.5,NIT,205,National Institute of Technology Agartala,4142,Electronics and Instrumentation Engineering,Y,SAFE,
477,39.5,NIT,213,National Institute of Technology Nagaland,4142,Electronics and Instrumentation Engineering,Y,SAFE,
478,39.25,GFTI,428,"Central University of Rajasthan, Rajasthan",4152,Bio Medical Engineering,Y,SAFE,
479,38.8,GFTI,434,"Chhattisgarh Swami Vivekanada Technical University, Bhilai (CSVTU Bhilai)",4603,Computer Science Engineering (Artificial Intelligence),Y,SAFE,
480,38.8,GFTI,427,"Ghani Khan Choudhary Institute of Engineering and Technology, Malda, West Bengal",410E,Computer Science Engineering (Artificial lntelligence and Machine Learning),-,No-data,
481,38.8,GFTI,434,"Chhattisgarh Swami Vivekanada Technical University, Bhilai (CSVTU Bhilai)",4604,Computer Science Engineering (Data Science),Y,SAFE,
482,38.8,GFTI,440,"Birla Institute of Technology, Deoghar Off-Campus",410W,Computer Science and Engineering (Artificial Intelligence and Machine Learning),Y,No-data,
483,38.8,GFTI,455,"National Institute of Electronics and Information Technology, Aizawl",410W,Computer Science and Engineering (Artificial Intelligence and Machine Learning),Y,No-data,
484,38.8,GFTI,407,"J.K. Institute of Applied Physics & Technology, Department of Electronics & Communication, University of Allahabad- Allahabad",4196,Computer Science and Engineering with Major in Artificial Intelligence,Y,SAFE,
485,38.7,IIIT,324,Indian Institute of Information Technology Surat,411F,B.Tech in Mathematics and Computing,Y,No-data,
486,38.0,GFTI,449,"Rajiv Gandhi National Aviation University, Fursatganj, Amethi (UP)",413R,Artificial Intelligence & Data Science - Aviation Systems,Y,No-data,
487,38.0,GFTI,406,"School of Studies of Engineering and Technology, Guru Ghasidas Vishwavidyalaya, Bilaspur",4188,Artificial Intelligence and Data Science,Y,SAFE,
488,38.0,GFTI,410,Sant Longowal Institute of Engineering and Technology,4188,Artificial Intelligence and Data Science,Y,SAFE,
489,38.0,GFTI,426,"Puducherry Technological University, Puducherry",4188,Artificial Intelligence and Data Science,-,No-data,
490,38.0,GFTI,452,National Institute of Technical Teachers Training and Research Bhopal,410P,Artificial Intelligence and Machine Learning,Y,No-data,
491,38.0,GFTI,460,"Central University of Punjab, Bathinda",523V,Artificial Intelligence and Machine Learning,Y,No-data,
492,38.0,GFTI,443,"Gati Shakti Vishwavidyalaya, Vadodara",411V,B.Tech in Artificial Intelligenece and Data Science (Transportation and Logistics),Y,Out,
493,37.9,NIT,205,National Institute of Technology Agartala,4111,Electrical Engineering,Y,SAFE,
494,37.9,NIT,218,National Institute of Technology Arunachal Pradesh,4111,Electrical Engineering,Y,SAFE,
495,37.9,NIT,221,"National Institute of Technology, Manipur",4111,Electrical Engineering,Y,SAFE,
496,37.9,NIT,221,"National Institute of Technology, Manipur",5217,Electrical Engineering,-,No-data,
497,37.9,NIT,222,"National Institute of Technology, Mizoram",4111,Electrical Engineering,Y,SAFE,
498,37.9,NIT,225,"National Institute of Technology, Srinagar",4111,Electrical Engineering,Y,SAFE,
499,37.9,NIT,212,National Institute of Technology Meghalaya,4144,Electrical and Electronics Engineering,Y,SAFE,
500,37.9,NIT,213,National Institute of Technology Nagaland,4144,Electrical and Electronics Engineering,-,SAFE,
501,37.9,NIT,217,National Institute of Technology Sikkim,4144,Electrical and Electronics Engineering,Y,SAFE,
502,37.2,GFTI,416,"Shri Mata Vaishno Devi University, Katra, Jammu & Kashmir",411F,B.Tech in Mathematics and Computing,Y,SAFE,
503,37.2,GFTI,437,Central University of Jammu,4124,Mathematics and Computing,Y,Out,
504,37.2,GFTI,440,"Birla Institute of Technology, Deoghar Off-Campus",5506,Mathematics and Computing,Y,No-data,
505,36.7,IIIT,313,INDIAN INSTITUTE OF INFORMATION TECHNOLOGY SENAPATI MANIPUR,410M,Electronics and Communication Engineering with specialization in VLSI and Embedded Systems,-,Out,
506,35.5,IIIT,306,"Indian Institute of Information Technology(IIIT) Una, Himachal Pradesh",4114,Electronics and Communication Engineering,Y,SAFE,
507,35.5,IIIT,313,INDIAN INSTITUTE OF INFORMATION TECHNOLOGY SENAPATI MANIPUR,4114,Electronics and Communication Engineering,-,Out,
508,35.5,IIIT,324,Indian Institute of Information Technology Surat,4114,Electronics and Communication Engineering,Y,SAFE,
509,35.5,IIIT,327,"Indian Institute of Information Technology, Vadodara International Campus Diu (IIITVICD)",4114,Electronics and Communication Engineering,Y,SAFE,
510,35.2,GFTI,445,"National Institute of Electronics and Information Technology, Ropar (Punjab)",410Z,Electronics and Communication Engineering (VLSI Design and Technology),Y,No-data,
511,34.7,IIIT,305,"Indian Institute of Information Technology(IIIT) Kilohrad, Sonepat, Haryana",4146,Information Technology,Y,SAFE,
512,34.7,NIT,205,National Institute of Technology Agartala,4125,Mechanical Engineering,Y,SAFE,
513,34.7,NIT,212,National Institute of Technology Meghalaya,4125,Mechanical Engineering,-,Out,
514,34.7,NIT,213,National Institute of Technology Nagaland,4125,Mechanical Engineering,-,Out,
515,34.7,NIT,217,National Institute of Technology Sikkim,4125,Mechanical Engineering,-,Out,
516,34.7,NIT,218,National Institute of Technology Arunachal Pradesh,4125,Mechanical Engineering,Y,SAFE,
517,34.7,NIT,221,"National Institute of Technology, Manipur",4125,Mechanical Engineering,Y,SAFE,
518,34.7,NIT,221,"National Institute of Technology, Manipur",5233,Mechanical Engineering,-,No-data,
519,34.7,NIT,222,"National Institute of Technology, Mizoram",4125,Mechanical Engineering,Y,SAFE,
520,34.7,NIT,225,"National Institute of Technology, Srinagar",4125,Mechanical Engineering,Y,SAFE,
521,34.0,GFTI,448,"National Institute of Electronics and Information Technology, Gorakhpur (UP)",413M,B. Tech in Electronics and Communication Engineering with minor in Wearable Electronics,Y,SAFE,
522,34.0,GFTI,412,"School of Engineering, Tezpur University, Napaam, Tezpur",5420,B.Tech. (Electronics and Communication Engineering) - MBA,Y,Out,
523,34.0,GFTI,401,"Assam University, Silchar",4114,Electronics and Communication Engineering,Y,SAFE,
524,34.0,GFTI,403,"Gurukula Kangri Vishwavidyalaya, Haridwar",4114,Electronics and Communication Engineering,Y,SAFE,
525,34.0,GFTI,406,"School of Studies of Engineering and Technology, Guru Ghasidas Vishwavidyalaya, Bilaspur",4114,Electronics and Communication Engineering,Y,SAFE,
526,34.0,GFTI,407,"J.K. Institute of Applied Physics & Technology, Department of Electronics & Communication, University of Allahabad- Allahabad",4114,Electronics and Communication Engineering,Y,SAFE,
527,34.0,GFTI,410,Sant Longowal Institute of Engineering and Technology,4114,Electronics and Communication Engineering,Y,SAFE,
528,34.0,GFTI,411,"Mizoram University, Aizawl",4114,Electronics and Communication Engineering,Y,SAFE,
529,34.0,GFTI,412,"School of Engineering, Tezpur University, Napaam, Tezpur",4114,Electronics and Communication Engineering,Y,Out,
530,34.0,GFTI,416,"Shri Mata Vaishno Devi University, Katra, Jammu & Kashmir",4114,Electronics and Communication Engineering,Y,Out,
531,34.0,GFTI,425,"Central institute of Technology Kokrajar, Assam",4114,Electronics and Communication Engineering,-,Out,
532,34.0,GFTI,426,"Puducherry Technological University, Puducherry",4114,Electronics and Communication Engineering,-,SAFE,
533,34.0,GFTI,432,"North Eastern Regional Institute of Science and Technology, Nirjuli-791109 (Itanagar),Arunachal Pradesh",4114,Electronics and Communication Engineering,-,Out,
534,34.0,GFTI,436,"North-Eastern Hill University, Shillong",4114,Electronics and Communication Engineering,Y,SAFE,
535,34.0,GFTI,437,Central University of Jammu,4114,Electronics and Communication Engineering,Y,SAFE,
536,34.0,GFTI,438,"Institute of Engineering and Technology, Dr. H. S. Gour University. Sagar (A Central University)",4114,Electronics and Communication Engineering,-,Out,
537,34.0,GFTI,440,"Birla Institute of Technology, Deoghar Off-Campus",4114,Electronics and Communication Engineering,Y,SAFE,
538,34.0,GFTI,452,National Institute of Technical Teachers Training and Research Bhopal,4114,Electronics and Communication Engineering,Y,No-data,
539,34.0,GFTI,437,Central University of Jammu,410I,Electronics and Communication Engineering (Avionics),Y,Out,
540,34.0,GFTI,449,"Rajiv Gandhi National Aviation University, Fursatganj, Amethi (UP)",410I,Electronics and Communication Engineering (Avionics),Y,SAFE,
541,33.2,GFTI,406,"School of Studies of Engineering and Technology, Guru Ghasidas Vishwavidyalaya, Bilaspur",4146,Information Technology,Y,SAFE,
542,33.2,GFTI,411,"Mizoram University, Aizawl",4146,Information Technology,Y,SAFE,
543,33.2,GFTI,426,"Puducherry Technological University, Puducherry",4146,Information Technology,-,SAFE,
544,33.2,GFTI,436,"North-Eastern Hill University, Shillong",4146,Information Technology,Y,SAFE,
545,33.2,GFTI,451,Shri G. S. Institute of Technology and Science Indore,4146,Information Technology,-,Out,
546,33.1,NIT,205,National Institute of Technology Agartala,4145,Production Engineering,Y,SAFE,
547,32.0,GFTI,443,"Gati Shakti Vishwavidyalaya, Vadodara",411R,B.Tech in Electronics & Communication Engineering (Rail Engineering),Y,Out,
548,32.0,GFTI,426,"Puducherry Technological University, Puducherry",4142,Electronics and Instrumentation Engineering,-,SAFE,
549,32.0,GFTI,451,Shri G. S. Institute of Technology and Science Indore,4142,Electronics and Instrumentation Engineering,-,Out,
550,32.0,GFTI,451,Shri G. S. Institute of Technology and Science Indore,4153,Electronics and Telecommunication Engineering,-,Out,
551,31.5,NIT,205,National Institute of Technology Agartala,4105,Biotechnology and Biochemical Engineering,-,SAFE,
552,31.5,NIT,205,National Institute of Technology Agartala,4107,Chemical Engineering,Y,SAFE,
553,31.5,NIT,225,"National Institute of Technology, Srinagar",4107,Chemical Engineering,Y,SAFE,
554,31.5,NIT,222,"National Institute of Technology, Mizoram",4108,Chemical Science and Technology,-,Out,
555,30.4,GFTI,443,"Gati Shakti Vishwavidyalaya, Vadodara",411S,B.Tech in Electrical Engineering ( Rail  Engineering),Y,Out,
556,30.4,GFTI,403,"Gurukula Kangri Vishwavidyalaya, Haridwar",4111,Electrical Engineering,Y,SAFE,
557,30.4,GFTI,406,"School of Studies of Engineering and Technology, Guru Ghasidas Vishwavidyalaya, Bilaspur",4111,Electrical Engineering,Y,SAFE,
558,30.4,GFTI,410,Sant Longowal Institute of Engineering and Technology,4111,Electrical Engineering,Y,SAFE,
559,30.4,GFTI,410,Sant Longowal Institute of Engineering and Technology,5217,Electrical Engineering,-,Out,
560,30.4,GFTI,411,"Mizoram University, Aizawl",4111,Electrical Engineering,Y,SAFE,
561,30.4,GFTI,412,"School of Engineering, Tezpur University, Napaam, Tezpur",4111,Electrical Engineering,Y,SAFE,
562,30.4,GFTI,416,"Shri Mata Vaishno Devi University, Katra, Jammu & Kashmir",4111,Electrical Engineering,Y,SAFE,
563,30.4,GFTI,427,"Ghani Khan Choudhary Institute of Engineering and Technology, Malda, West Bengal",4111,Electrical Engineering,Y,No-data,
564,30.4,GFTI,432,"North Eastern Regional Institute of Science and Technology, Nirjuli-791109 (Itanagar),Arunachal Pradesh",4111,Electrical Engineering,-,Out,
565,30.4,GFTI,439,Central University of Haryana,4111,Electrical Engineering,Y,SAFE,
566,30.4,GFTI,444,CU Jharkhand,4111,Electrical Engineering,-,Out,
567,30.4,GFTI,450,Islamic University of Science and Technology Kashmir,4111,Electrical Engineering,Y,No-data,
568,30.4,GFTI,451,Shri G. S. Institute of Technology and Science Indore,4111,Electrical Engineering,-,Out,
569,30.4,GFTI,452,National Institute of Technical Teachers Training and Research Bhopal,4111,Electrical Engineering,Y,No-data,
570,30.4,GFTI,426,"Puducherry Technological University, Puducherry",4144,Electrical and Electronics Engineering,-,Out,
571,30.4,GFTI,440,"Birla Institute of Technology, Deoghar Off-Campus",4144,Electrical and Electronics Engineering,Y,SAFE,
572,29.5,NIT,205,National Institute of Technology Agartala,4109,Civil Engineering,Y,SAFE,
573,29.5,NIT,212,National Institute of Technology Meghalaya,4109,Civil Engineering,-,Out,
574,29.5,NIT,213,National Institute of Technology Nagaland,4109,Civil Engineering,-,Out,
575,29.5,NIT,217,National Institute of Technology Sikkim,4109,Civil Engineering,-,Out,
576,29.5,NIT,218,National Institute of Technology Arunachal Pradesh,4109,Civil Engineering,-,SAFE,
577,29.5,NIT,221,"National Institute of Technology, Manipur",4109,Civil Engineering,-,SAFE,
578,29.5,NIT,221,"National Institute of Technology, Manipur",5213,Civil Engineering,-,No-data,
579,29.5,NIT,222,"National Institute of Technology, Mizoram",4109,Civil Engineering,Y,Out,
580,29.5,NIT,225,"National Institute of Technology, Srinagar",4109,Civil Engineering,Y,SAFE,
581,28.3,NIT,205,National Institute of Technology Agartala,5606,Mathematics & Computing,Y,Out,
582,27.5,NIT,225,"National Institute of Technology, Srinagar",4127,Metallurgical and Materials Engineering,Y,SAFE,
583,27.2,GFTI,443,"Gati Shakti Vishwavidyalaya, Vadodara",411T,B.Tech in Mechanical Engineering ( Rail  Engineering),Y,Out,
584,27.2,GFTI,412,"School of Engineering, Tezpur University, Napaam, Tezpur",5422,B.Tech. (Mechanical Engineering) - MBA,Y,Out,
585,27.2,GFTI,403,"Gurukula Kangri Vishwavidyalaya, Haridwar",4125,Mechanical Engineering,Y,SAFE,
586,27.2,GFTI,406,"School of Studies of Engineering and Technology, Guru Ghasidas Vishwavidyalaya, Bilaspur",4125,Mechanical Engineering,Y,Out,
587,27.2,GFTI,409,"National Institute of Advanced Manufacturing Technology, Ranchi",4125,Mechanical Engineering,Y,SAFE,
588,27.2,GFTI,410,Sant Longowal Institute of Engineering and Technology,4125,Mechanical Engineering,Y,Out,
589,27.2,GFTI,410,Sant Longowal Institute of Engineering and Technology,5233,Mechanical Engineering,Y,Out,
590,27.2,GFTI,412,"School of Engineering, Tezpur University, Napaam, Tezpur",4125,Mechanical Engineering,-,SAFE,
591,27.2,GFTI,416,"Shri Mata Vaishno Devi University, Katra, Jammu & Kashmir",4125,Mechanical Engineering,-,SAFE,
592,27.2,GFTI,426,"Puducherry Technological University, Puducherry",4125,Mechanical Engineering,-,SAFE,
593,27.2,GFTI,427,"Ghani Khan Choudhary Institute of Engineering and Technology, Malda, West Bengal",4125,Mechanical Engineering,Y,No-data,
594,27.2,GFTI,432,"North Eastern Regional Institute of Science and Technology, Nirjuli-791109 (Itanagar),Arunachal Pradesh",4125,Mechanical Engineering,-,Out,
595,27.2,GFTI,440,"Birla Institute of Technology, Deoghar Off-Campus",4125,Mechanical Engineering,Y,SAFE,
596,27.2,GFTI,451,Shri G. S. Institute of Technology and Science Indore,4125,Mechanical Engineering,-,Out,
597,27.2,GFTI,452,National Institute of Technical Teachers Training and Research Bhopal,4125,Mechanical Engineering,Y,No-data,
598,26.4,GFTI,425,"Central institute of Technology Kokrajar, Assam",4121,Instrumentation Engineering,-,Out,
599,26.4,GFTI,410,Sant Longowal Institute of Engineering and Technology,4148,Instrumentation and Control Engineering,Y,Out,
600,25.6,GFTI,406,"School of Studies of Engineering and Technology, Guru Ghasidas Vishwavidyalaya, Bilaspur",4149,Industrial and Production Engineering,Y,Out,
601,25.6,GFTI,451,Shri G. S. Institute of Technology and Science Indore,4149,Industrial and Production Engineering,-,Out,
602,25.6,GFTI,409,"National Institute of Advanced Manufacturing Technology, Ranchi",4136,Production and Industrial Engineering,Y,SAFE,
603,24.0,GFTI,406,"School of Studies of Engineering and Technology, Guru Ghasidas Vishwavidyalaya, Bilaspur",4107,Chemical Engineering,Y,SAFE,
604,24.0,GFTI,410,Sant Longowal Institute of Engineering and Technology,4107,Chemical Engineering,Y,Out,
605,24.0,GFTI,410,Sant Longowal Institute of Engineering and Technology,5210,Chemical Engineering,Y,No-data,
606,24.0,GFTI,426,"Puducherry Technological University, Puducherry",4107,Chemical Engineering,-,SAFE,
607,24.0,GFTI,435,"Institute of Chemical Technology, Mumbai: Indian Oil Odisha Campus, Bhubaneswar",5D01,Chemical Engineering,Y,SAFE,
608,23.5,NIT,218,National Institute of Technology Arunachal Pradesh,4194,Biosciences and Bioengineering,Y,SAFE,
609,22.0,GFTI,443,"Gati Shakti Vishwavidyalaya, Vadodara",411U,B.Tech in Civil Engineering (Rail Engineering),Y,Out,
610,22.0,GFTI,412,"School of Engineering, Tezpur University, Napaam, Tezpur",5417,B.Tech. (Civil Engineering) - MBA,-,Out,
611,22.0,GFTI,406,"School of Studies of Engineering and Technology, Guru Ghasidas Vishwavidyalaya, Bilaspur",4109,Civil Engineering,Y,Out,
612,22.0,GFTI,410,Sant Longowal Institute of Engineering and Technology,4109,Civil Engineering,Y,Out,
613,22.0,GFTI,411,"Mizoram University, Aizawl",4109,Civil Engineering,Y,SAFE,
614,22.0,GFTI,412,"School of Engineering, Tezpur University, Napaam, Tezpur",4109,Civil Engineering,-,Good,
615,22.0,GFTI,416,"Shri Mata Vaishno Devi University, Katra, Jammu & Kashmir",4109,Civil Engineering,Y,Out,
616,22.0,GFTI,425,"Central institute of Technology Kokrajar, Assam",4109,Civil Engineering,-,Out,
617,22.0,GFTI,426,"Puducherry Technological University, Puducherry",4109,Civil Engineering,-,SAFE,
618,22.0,GFTI,432,"North Eastern Regional Institute of Science and Technology, Nirjuli-791109 (Itanagar),Arunachal Pradesh",4109,Civil Engineering,-,Out,
619,22.0,GFTI,434,"Chhattisgarh Swami Vivekanada Technical University, Bhilai (CSVTU Bhilai)",4109,Civil Engineering,Y,SAFE,
620,22.0,GFTI,439,Central University of Haryana,4109,Civil Engineering,Y,Out,
621,22.0,GFTI,444,CU Jharkhand,4109,Civil Engineering,-,Out,
622,22.0,GFTI,451,Shri G. S. Institute of Technology and Science Indore,4109,Civil Engineering,-,Out,
623,22.0,GFTI,452,National Institute of Technical Teachers Training and Research Bhopal,4109,Civil Engineering,Y,No-data,
624,22.0,GFTI,427,"Ghani Khan Choudhary Institute of Engineering and Technology, Malda, West Bengal",410X,Civil and Environmental Engineering,Y,No-data,
625,21.5,NIT,205,National Institute of Technology Agartala,5604,Chemistry,Y,SAFE,
626,21.5,NIT,205,National Institute of Technology Agartala,520G,Computational Mathematics,-,Out,
627,21.5,NIT,205,National Institute of Technology Agartala,5267,Engineering Physics,Y,SAFE,
628,21.5,NIT,205,National Institute of Technology Agartala,5602,Physics,Y,SAFE,
629,20.8,GFTI,438,"Institute of Engineering and Technology, Dr. H. S. Gour University. Sagar (A Central University)",411O,Aeronautical Engineering,-,Out,
630,20.8,GFTI,449,"Rajiv Gandhi National Aviation University, Fursatganj, Amethi (UP)",4101,Aerospace Engineering,Y,SAFE,
631,20.8,GFTI,401,"Assam University, Silchar",4168,Agricultural Engineering,Y,Borderline,
632,20.8,GFTI,432,"North Eastern Regional Institute of Science and Technology, Nirjuli-791109 (Itanagar),Arunachal Pradesh",4168,Agricultural Engineering,-,Out,
633,20.8,GFTI,406,"School of Studies of Engineering and Technology, Guru Ghasidas Vishwavidyalaya, Bilaspur",413F,Animation and VFX,Y,Good,
634,20.8,GFTI,443,"Gati Shakti Vishwavidyalaya, Vadodara",411W,B.Tech in Aviation Engineering,Y,Out,
635,20.8,GFTI,445,"National Institute of Electronics and Information Technology, Ropar (Punjab)",413J,B.Tech in CSE (AI and ML),Y,SAFE,
636,20.8,GFTI,454,"National Institute of Electronics and Information Technology, Agartala",413J,B.Tech in CSE (AI and ML),Y,No-data,
637,20.8,GFTI,456,"National Institute of Electronics and Information Technology, Imphal",413J,B.Tech in CSE (AI and ML),Y,No-data,
638,20.8,GFTI,457,"National Institute of Electronics and Information Technology, Calicut",413J,B.Tech in CSE (AI and ML),Y,No-data,
639,20.8,GFTI,458,"National Institute of Electronics and Information Technology, Kohima",413J,B.Tech in CSE (AI and ML),Y,No-data,
640,20.8,GFTI,459,"National Institute of Electronics and Information Technology, Srinagar",413J,B.Tech in CSE (AI and ML),Y,No-data,
641,20.8,GFTI,412,"School of Engineering, Tezpur University, Napaam, Tezpur",5419,B.Tech. (Elctrical Engineering) - MBA,-,Out,
642,20.8,GFTI,412,"School of Engineering, Tezpur University, Napaam, Tezpur",5421,B.Tech. (Food Engineering and Technology) - MBA,-,Out,
643,20.8,GFTI,412,"School of Engineering, Tezpur University, Napaam, Tezpur",4402,Bachelor of Design,-,Out,
644,20.8,GFTI,416,"Shri Mata Vaishno Devi University, Katra, Jammu & Kashmir",4402,Bachelor of Design,-,No-data,
645,20.8,GFTI,411,"Mizoram University, Aizawl",4151,Computer Engineering,Y,SAFE,
646,20.8,GFTI,438,"Institute of Engineering and Technology, Dr. H. S. Gour University. Sagar (A Central University)",411P,Dairy Engineering,-,Out,
647,20.8,GFTI,452,National Institute of Technical Teachers Training and Research Bhopal,413Q,Digital Manufacturing and IoT,Y,No-data,
648,20.8,GFTI,408,"National Institute of Electronics and Information Technology, Aurangabad (Maharashtra)",412K,Electronic Engineering,Y,SAFE,
649,20.8,GFTI,436,"North-Eastern Hill University, Shillong",4198,Energy Engineering,Y,SAFE,
650,20.8,GFTI,438,"Institute of Engineering and Technology, Dr. H. S. Gour University. Sagar (A Central University)",411Q,Fashion and Apparel Engineering,-,Out,
651,20.8,GFTI,412,"School of Engineering, Tezpur University, Napaam, Tezpur",4167,Food Engineering  and Technology,Y,Out,
652,20.8,GFTI,425,"Central institute of Technology Kokrajar, Assam",4167,Food Engineering  and Technology,-,Out,
653,20.8,GFTI,438,"Institute of Engineering and Technology, Dr. H. S. Gour University. Sagar (A Central University)",4167,Food Engineering  and Technology,-,Out,
654,20.8,GFTI,410,Sant Longowal Institute of Engineering and Technology,4164,Food Technology,Y,SAFE,
655,20.8,GFTI,416,"Shri Mata Vaishno Devi University, Katra, Jammu & Kashmir",4164,Food Technology,-,No-data,
656,20.8,GFTI,427,"Ghani Khan Choudhary Institute of Engineering and Technology, Malda, West Bengal",4164,Food Technology,Y,No-data,
657,20.8,GFTI,431,"National Institute of Food Technology Entrepreneurship and Management, Thanjavur",4164,Food Technology,Y,SAFE,
658,20.8,GFTI,430,"National Institute of Food Technology Entrepreneurship and Management, Kundli",4183,Food Technology and Management,Y,SAFE,
659,20.8,GFTI,455,"National Institute of Electronics and Information Technology, Aizawl",413P,Internet of Things (IoT),Y,No-data,
660,20.8,GFTI,443,"Gati Shakti Vishwavidyalaya, Vadodara",413S,Maritime Engineering,Y,No-data,
661,20.8,GFTI,426,"Puducherry Technological University, Puducherry",4178,Mechatronics Engineering,-,SAFE,
662,20.8,GFTI,439,Central University of Haryana,411A,Printing and Packaging Technology,Y,SAFE,
663,20.8,GFTI,403,"Gurukula Kangri Vishwavidyalaya, Haridwar",412A,ROBOTICS & AUTOMATION,Y,No-data,
664,20.8,GFTI,452,National Institute of Technical Teachers Training and Research Bhopal,412A,ROBOTICS & AUTOMATION,Y,No-data,
665,20.8,GFTI,416,"Shri Mata Vaishno Devi University, Katra, Jammu & Kashmir",412Y,Robotics and AI,Y,SAFE,
666,20.0,GFTI,409,"National Institute of Advanced Manufacturing Technology, Ranchi",4127,Metallurgical and Materials Engineering,Y,No-data,
667,20.0,GFTI,444,CU Jharkhand,4127,Metallurgical and Materials Engineering,-,Out,
668,19.2,GFTI,411,"Mizoram University, Aizawl",5101,Architecture,Y,Out,
669,19.2,GFTI,413,"School of Planning & Architecture, Bhopal",5101,Architecture,Y,Out,
670,19.2,GFTI,414,"School of Planning & Architecture, New Delhi",5101,Architecture,Y,Out,
671,19.2,GFTI,415,School of Planning & Architecture: Vijayawada,5101,Architecture,Y,Out,
672,19.2,GFTI,416,"Shri Mata Vaishno Devi University, Katra, Jammu & Kashmir",5101,Architecture,-,Out,
673,19.2,GFTI,450,Islamic University of Science and Technology Kashmir,5101,Architecture,-,Out,
674,19.2,GFTI,413,"School of Planning & Architecture, Bhopal",4501,Planning,Y,Out,
675,19.2,GFTI,414,"School of Planning & Architecture, New Delhi",4501,Planning,Y,Out,
676,19.2,GFTI,415,School of Planning & Architecture: Vijayawada,4501,Planning,Y,Out,
677,16.8,GFTI,404,"Indian Institute of Carpet Technology, Bhadohi",4160,Carpet  and Textile Technology,Y,Out,
678,16.8,GFTI,433,"Indian Institute of Handloom Technology(IIHT), Varanasi",4197,Handloom and Textile Technology,Y,SAFE,
679,16.8,GFTI,442,"Indian Institute of Handloom Technology, Salem",4197,Handloom and Textile Technology,Y,SAFE,
680,16.0,GFTI,416,"Shri Mata Vaishno Devi University, Katra, Jammu & Kashmir",4104,Bio Technology,-,Out,
681,16.0,GFTI,436,"North-Eastern Hill University, Shillong",4191,Biomedical Engineering,Y,SAFE,
682,16.0,GFTI,451,Shri G. S. Institute of Technology and Science Indore,4191,Biomedical Engineering,-,Out,
683,14.0,GFTI,410,Sant Longowal Institute of Engineering and Technology,5503,Chemistry,-,Out,
684,14.0,GFTI,410,Sant Longowal Institute of Engineering and Technology,5508,Mathematics,-,Out,
685,14.0,GFTI,410,Sant Longowal Institute of Engineering and Technology,5507,Physics,Y,Out,
686,-252.5,NIT,214,National Institute of Technology Patna,4110,Computer Science and Engineering,Y,Out,AVOID-Bihar(last resort)
687,-252.5,NIT,214,National Institute of Technology Patna,520I,Computer Science and Engineering with Specialization in Cyber Security,-,Borderline,AVOID-Bihar(last resort)
688,-253.7,NIT,214,National Institute of Technology Patna,520H,Computer Science and Engineering with Specialization in Data Science,-,Out,AVOID-Bihar(last resort)
689,-254.5,NIT,214,National Institute of Technology Patna,4188,Artificial Intelligence and Data Science,Y,Out,AVOID-Bihar(last resort)
690,-255.3,NIT,214,National Institute of Technology Patna,520O,Mathematics and Computing Technology,-,Out,AVOID-Bihar(last resort)
691,-257.3,NIT,214,National Institute of Technology Patna,520J,Electronics and Communication Engineering with Specialization in Microelectronics and VLSI System Design,-,Good,AVOID-Bihar(last resort)
692,-257.7,NIT,214,National Institute of Technology Patna,411H,Electronics Engineering (VLSI Design and Technology),Y,SAFE,AVOID-Bihar(last resort)
693,-258.5,IIIT,322,Indian Institute of Information Technology Bhagalpur,4110,Computer Science and Engineering,Y,SAFE,AVOID-Bihar(last resort)
694,-258.5,NIT,214,National Institute of Technology Patna,4114,Electronics and Communication Engineering,Y,Good,AVOID-Bihar(last resort)
695,-260.0,GFTI,441,"Birla Institute of Technology, Patna Off-Campus",4110,Computer Science and Engineering,Y,SAFE,AVOID-Bihar(last resort)
696,-260.0,GFTI,446,"National Institute of Electronics and Information Technology, Patna (Bihar)",4110,Computer Science and Engineering,Y,Good,AVOID-Bihar(last resort)
697,-261.2,GFTI,441,"Birla Institute of Technology, Patna Off-Campus",410W,Computer Science and Engineering (Artificial Intelligence and Machine Learning),Y,No-data,AVOID-Bihar(last resort)
698,-261.3,IIIT,322,Indian Institute of Information Technology Bhagalpur,4124,Mathematics and Computing,Y,SAFE,AVOID-Bihar(last resort)
699,-262.1,NIT,214,National Institute of Technology Patna,4111,Electrical Engineering,Y,SAFE,AVOID-Bihar(last resort)
700,-262.1,NIT,214,National Institute of Technology Patna,520K,Electrical Engineering with Specialization In Power System Engineering,-,Out,AVOID-Bihar(last resort)
701,-262.8,GFTI,441,"Birla Institute of Technology, Patna Off-Campus",5506,Mathematics and Computing,-,Out,AVOID-Bihar(last resort)
702,-264.5,IIIT,322,Indian Institute of Information Technology Bhagalpur,4114,Electronics and Communication Engineering,Y,SAFE,AVOID-Bihar(last resort)
703,-265.3,NIT,214,National Institute of Technology Patna,4125,Mechanical Engineering,Y,SAFE,AVOID-Bihar(last resort)
704,-265.3,NIT,214,National Institute of Technology Patna,520L,Mechanical Engineering with Specialization in Manufacturing and Industrial Engineering,-,Good,AVOID-Bihar(last resort)
705,-266.0,GFTI,441,"Birla Institute of Technology, Patna Off-Campus",4114,Electronics and Communication Engineering,Y,SAFE,AVOID-Bihar(last resort)
706,-268.5,NIT,214,National Institute of Technology Patna,521R,Chemical Technology,-,SAFE,AVOID-Bihar(last resort)
707,-269.6,GFTI,441,"Birla Institute of Technology, Patna Off-Campus",4144,Electrical and Electronics Engineering,Y,SAFE,AVOID-Bihar(last resort)
708,-270.5,NIT,214,National Institute of Technology Patna,4109,Civil Engineering,Y,SAFE,AVOID-Bihar(last resort)
709,-270.5,NIT,214,National Institute of Technology Patna,520M,Civil Engineering with Specialization in Construction Technology and Management,-,Out,AVOID-Bihar(last resort)
710,-271.7,NIT,214,National Institute of Technology Patna,411B,Mechatronics and Automation Engineering,-,Out,AVOID-Bihar(last resort)
711,-272.5,NIT,214,National Institute of Technology Patna,520N,Material Science and Engineering,-,Out,AVOID-Bihar(last resort)
712,-272.8,GFTI,441,"Birla Institute of Technology, Patna Off-Campus",4125,Mechanical Engineering,Y,SAFE,AVOID-Bihar(last resort)
713,-273.3,NIT,214,National Institute of Technology Patna,5101,Architecture,Y,Out,AVOID-Bihar(last resort)
714,-277.7,IIIT,322,Indian Institute of Information Technology Bhagalpur,411B,Mechatronics and Automation Engineering,Y,SAFE,AVOID-Bihar(last resort)
715,-278.0,GFTI,441,"Birla Institute of Technology, Patna Off-Campus",4109,Civil Engineering,Y,SAFE,AVOID-Bihar(last resort)
