Priority,Type,Institute,BranchCode,Branch,Composite,Reach,Note
1,NIT,"National Institute of Technology, Warangal",4110,Computer Science and Engineering,99.25,Out,
2,NIT,"National Institute of Technology, Tiruchirappalli",4110,Computer Science and Engineering,98.5,Out,
3,NIT,"National Institute of Technology, Warangal",412F,Computer Science and Engineering ( Artificial Intelligence & Data Science),98.05,Out,
4,NIT,"National Institute of Technology Karnataka, Surathkal",4110,Computer Science and Engineering,97.75,Out,
5,NIT,"National Institute of Technology, Rourkela",4110,Computer Science and Engineering,97.0,Out,
6,NIT,"National Institute of Technology, Warangal",4124,Mathematics and Computing,96.45,Reach,
7,NIT,National Institute of Technology Calicut,4110,Computer Science and Engineering,96.25,Out,
8,NIT,"National Institute of Technology Karnataka, Surathkal",4185,Artificial Intelligence,95.75,Out,
9,NIT,"National Institute of Technology Karnataka, Surathkal",410Q,Computational and Data Science,95.75,Out,
10,NIT,"Visvesvaraya National Institute of Technology, Nagpur",4110,Computer Science and Engineering,95.5,Out,
11,NIT,"National Institute of Technology, Rourkela",4185,Artificial Intelligence,95.0,Out,
12,NIT,Malaviya National Institute of Technology Jaipur,4110,Computer Science and Engineering,94.75,Out,
13,NIT,"National Institute of Technology, Warangal",410Z,Electronics and Communication Engineering (VLSI Design and Technology),94.45,Out,
14,NIT,"Visvesvaraya National Institute of Technology, Nagpur",413Z,Computer Science and Engineering (Artificial Intelligence and Data Science),94.3,No-data,
15,NIT,"National Institute of Technology, Rourkela",411F,B.Tech in Mathematics and Computing,94.2,No-data,
16,NIT,Motilal Nehru National Institute of Technology Allahabad,4110,Computer Science and Engineering,94.0,Out,
17,NIT,"National Institute of Technology Karnataka, Surathkal",4146,Information Technology,93.75,Out,
18,NIT,"National Institute of Technology, Warangal",4114,Electronics and Communication Engineering,93.25,Out,
19,NIT,"Sardar Vallabhbhai National Institute of Technology, Surat",4110,Computer Science and Engineering,93.25,Out,
20,NIT,Malaviya National Institute of Technology Jaipur,411G,Artificial Intelligence and Data Engineering,92.75,Out,
21,NIT,"Visvesvaraya National Institute of Technology, Nagpur",4124,Mathematics and Computing,92.7,No-data,
22,NIT,"National Institute of Technology, Tiruchirappalli",4114,Electronics and Communication Engineering,92.5,Out,
23,NIT,"Indian Institute of Engineering Science and Technology, Shibpur",4110,Computer Science and Engineering,92.5,Reach,
24,NIT,Malaviya National Institute of Technology Jaipur,4124,Mathematics and Computing,91.95,No-data,
25,NIT,"National Institute of Technology Karnataka, Surathkal",4114,Electronics and Communication Engineering,91.75,Out,
26,NIT,National Institute of Technology Durgapur,4110,Computer Science and Engineering,91.75,Out,
27,NIT,"National Institute of Technology, Warangal",4144,Electrical and Electronics Engineering,91.25,Reach,
28,NIT,"National Institute of Technology, Warangal",413O,Electrical and Electronics Engineering (Electric Mobility),91.25,No-data,
29,NIT,"Sardar Vallabhbhai National Institute of Technology, Surat",4185,Artificial Intelligence,91.25,Out,
30,NIT,"Sardar Vallabhbhai National Institute of Technology, Surat",5B06,Artificial Intelligence,91.25,Out,
31,NIT,Motilal Nehru National Institute of Technology Allahabad,4124,Mathematics and Computing,91.2,No-data,
32,NIT,"National Institute of Technology, Rourkela",4114,Electronics and Communication Engineering,91.0,Out,
33,NIT,Maulana Azad National Institute of Technology Bhopal,4110,Computer Science and Engineering,91.0,Out,
34,NIT,"Visvesvaraya National Institute of Technology, Nagpur",411H,Electronics Engineering (VLSI Design and Technology),90.7,No-data,
35,NIT,"National Institute of Technology, Tiruchirappalli",4144,Electrical and Electronics Engineering,90.5,Out,
36,NIT,"Sardar Vallabhbhai National Institute of Technology, Surat",4124,Mathematics and Computing,90.45,Reach,
37,NIT,National Institute of Technology Calicut,4114,Electronics and Communication Engineering,90.25,Out,
38,NIT,"National Institute of Technology, Kurukshetra",4110,Computer Science and Engineering,90.25,Out,
39,NIT,"National Institute of Technology, Kurukshetra",5216,Computer Science and Engineering,90.25,Out,
40,NIT,"National Institute of Technology, Rourkela",4142,Electronics and Instrumentation Engineering,89.8,Out,
41,NIT,"National Institute of Technology Karnataka, Surathkal",4144,Electrical and Electronics Engineering,89.75,Out,
42,NIT,"Indian Institute of Engineering Science and Technology, Shibpur",4124,Mathematics and Computing,89.7,No-data,
43,NIT,"Visvesvaraya National Institute of Technology, Nagpur",4114,Electronics and Communication Engineering,89.5,Out,
44,NIT,"National Institute of Technology, Jamshedpur",4110,Computer Science and Engineering,89.5,Out,
45,NIT,"National Institute of Technology, Rourkela",4111,Electrical Engineering,89.0,Out,
46,NIT,Maulana Azad National Institute of Technology Bhopal,520F,Mathematics and Data Science,89.0,Out,
47,NIT,National Institute of Technology Durgapur,411F,B.Tech in Mathematics and Computing,88.95,Borderline,
48,NIT,Malaviya National Institute of Technology Jaipur,4114,Electronics and Communication Engineering,88.75,Out,
49,NIT,"National Institute of Technology, Silchar",4110,Computer Science and Engineering,88.75,Out,
50,NIT,"Indian Institute of Engineering Science and Technology, Shibpur",4146,Information Technology,88.5,Borderline,
51,NIT,"Sardar Vallabhbhai National Institute of Technology, Surat",410V,Electronics and VLSI Engineering,88.45,Borderline,
52,NIT,National Institute of Technology Calicut,4144,Electrical and Electronics Engineering,88.25,Out,
53,NIT,"National Institute of Technology, Kurukshetra",4188,Artificial Intelligence and Data Science,88.25,Out,
54,NIT,"National Institute of Technology, Kurukshetra",410P,Artificial Intelligence and Machine Learning,88.25,Out,
55,NIT,Motilal Nehru National Institute of Technology Allahabad,4114,Electronics and Communication Engineering,88.0,Out,
56,GFTI,University of Hyderabad,5314,Computer Science and Engineering,88.0,No-data,
57,NIT,"Visvesvaraya National Institute of Technology, Nagpur",4144,Electrical and Electronics Engineering,87.5,Good,
58,NIT,"National Institute of Technology, Kurukshetra",4124,Mathematics and Computing,87.45,Out,
59,NIT,"Sardar Vallabhbhai National Institute of Technology, Surat",4114,Electronics and Communication Engineering,87.25,Borderline,
60,NIT,Malaviya National Institute of Technology Jaipur,4111,Electrical Engineering,86.75,Good,
61,NIT,"National Institute of Technology, Tiruchirappalli",4148,Instrumentation and Control Engineering,86.5,Good,
62,IIIT,"Pt. Dwarka Prasad Mishra Indian Institute of Information Technology, Design & Manufacture Jabalpur",4110,Computer Science and Engineering,86.5,Reach,
63,NIT,"National Institute of Technology, Warangal",4125,Mechanical Engineering,86.45,Borderline,
64,NIT,"National Institute of Technology, Kurukshetra",4146,Information Technology,86.25,Out,
65,NIT,Motilal Nehru National Institute of Technology Allahabad,4111,Electrical Engineering,86.0,Reach,
66,NIT,National Institute of Technology Durgapur,4114,Electronics and Communication Engineering,85.75,Out,
67,IIIT,Atal Bihari Vajpayee Indian Institute of Information Technology & Management Gwalior,4110,Computer Science and Engineering,85.75,Out,
68,NIT,"National Institute of Technology, Tiruchirappalli",4125,Mechanical Engineering,85.7,Out,
69,NIT,"National Institute of Technology, Kurukshetra",412B,Microelectronics & VLSI Engineering,85.45,Out,
70,NIT,"Indian Institute of Engineering Science and Technology, Shibpur",4153,Electronics and Telecommunication Engineering,85.3,Good,
71,NIT,"Sardar Vallabhbhai National Institute of Technology, Surat",4111,Electrical Engineering,85.25,Good,
72,NIT,Maulana Azad National Institute of Technology Bhopal,4114,Electronics and Communication Engineering,85.0,Reach,
73,IIIT,"Indian Institute of Information Technology, Design & Manufacturing, Kancheepuram",4110,Computer Science and Engineering,85.0,Out,
74,IIIT,"Indian Institute of Information Technology, Design & Manufacturing, Kancheepuram",5216,Computer Science and Engineering,85.0,Reach,
75,NIT,"National Institute of Technology Karnataka, Surathkal",4125,Mechanical Engineering,84.95,Out,
76,NIT,"Indian Institute of Engineering Science and Technology, Shibpur",4111,Electrical Engineering,84.5,SAFE,
77,NIT,"National Institute of Technology, Kurukshetra",4114,Electronics and Communication Engineering,84.25,Out,
78,NIT,"National Institute of Technology, Kurukshetra",5234,Electronics and Communication Engineering,84.25,Out,
79,GFTI,"Punjab Engineering College, Chandigarh",4110,Computer Science and Engineering,84.25,No-data,
80,NIT,"National Institute of Technology, Rourkela",4125,Mechanical Engineering,84.2,Borderline,
81,NIT,"National Institute of Technology, Tiruchirappalli",4145,Production Engineering,84.1,Good,
82,IIIT,"Indian Institute of Information Technology, Design & Manufacturing, Kancheepuram",4196,Computer Science and Engineering with Major in Artificial Intelligence,83.8,Out,
83,NIT,National Institute of Technology Durgapur,4111,Electrical Engineering,83.75,Good,
84,NIT,"National Institute of Technology, Jamshedpur",4114,Electronics and Communication Engineering,83.5,Borderline,
85,IIIT,Indian Institute of Information Technology Lucknow,4184,Computer Science,83.5,Reach,
86,IIIT,Indian Institute of Information Technology Lucknow,410C,Computer Science and Business,83.5,Borderline,
87,NIT,National Institute of Technology Calicut,4125,Mechanical Engineering,83.45,Borderline,
88,NIT,"National Institute of Technology, Warangal",4107,Chemical Engineering,83.25,Reach,
89,NIT,"National Institute of Technology, Warangal",5210,Chemical Engineering,83.25,Out,
90,IIIT,"Indian Institute of Information Technology, Allahabad",5424,B. Tech. Information Technology-Business Informatics (IT- BIn) - Master of Business Administration (MBA),83.25,No-data,
91,IIIT,"Indian Institute of Information Technology, Allahabad",4146,Information Technology,83.25,Out,
92,IIIT,"Indian Institute of Information Technology, Allahabad",5280,Information Technology,83.25,No-data,
93,IIIT,"Indian Institute of Information Technology, Allahabad",4186,Information Technology-Business Informatics,83.25,Out,
94,GFTI,"Punjab Engineering College, Chandigarh",4603,Computer Science Engineering (Artificial Intelligence),83.05,No-data,
95,GFTI,"Punjab Engineering College, Chandigarh",4604,Computer Science Engineering (Data Science),83.05,No-data,
96,NIT,Maulana Azad National Institute of Technology Bhopal,4111,Electrical Engineering,83.0,Good,
97,NIT,Maulana Azad National Institute of Technology Bhopal,413N,Electrical Engineering with E Mobility,83.0,No-data,
98,NIT,Maulana Azad National Institute of Technology Bhopal,412X,Energy and Electrical Vehicle Engineering,83.0,Out,
99,NIT,"National Institute of Technology, Silchar",4114,Electronics and Communication Engineering,82.75,Borderline,
100,IIIT,"Indian Institute of Information Technology (IIIT), Sri City, Chittoor",4110,Computer Science and Engineering,82.75,SAFE,
101,NIT,"Visvesvaraya National Institute of Technology, Nagpur",4125,Mechanical Engineering,82.7,Good,
102,NIT,"National Institute of Technology, Rourkela",5258,Ceramic Engineering and M.Tech Industrial Ceramic,82.6,Out,
103,NIT,"National Institute of Technology, Rourkela",4155,Industrial Design,82.6,Out,
104,NIT,"National Institute of Technology, Tiruchirappalli",4107,Chemical Engineering,82.5,Out,
105,IIIT,Indian Institute of Information Technology Lucknow,4190,Computer Science and Artificial Intelligence,82.3,Borderline,
106,NIT,"National Institute of Technology, Kurukshetra",4111,Electrical Engineering,82.25,Good,
107,NIT,"National Institute of Technology, Kurukshetra",5217,Electrical Engineering,82.25,Out,
108,IIIT,Indian Institute of Information Technology (IIIT) Nagpur,410G,Computer Science Engineering (Human Computer lnteraction and Gaming Technology),82.0,Good,
109,IIIT,Indian Institute of Information Technology (IIIT) Nagpur,4110,Computer Science and Engineering,82.0,Good,
110,NIT,Malaviya National Institute of Technology Jaipur,4125,Mechanical Engineering,81.95,Borderline,
111,NIT,National Institute of Technology Calicut,4145,Production Engineering,81.85,SAFE,
112,NIT,"National Institute of Technology Karnataka, Surathkal",4107,Chemical Engineering,81.75,Good,
113,NIT,"National Institute of Technology, Silchar",4142,Electronics and Instrumentation Engineering,81.55,Good,
114,NIT,"National Institute of Technology, Jamshedpur",4111,Electrical Engineering,81.5,Good,
115,GFTI,"Punjab Engineering College, Chandigarh",4124,Mathematics and Computing,81.45,No-data,
116,NIT,"National Institute of Technology, Warangal",4109,Civil Engineering,81.25,Out,
117,IIIT,"Indian Institute of Information Technology, Allahabad",4114,Electronics and Communication Engineering,81.25,Reach,
118,IIIT,"Indian Institute of Information Technology, Allahabad",5234,Electronics and Communication Engineering,81.25,No-data,
119,IIIT,Indian Institute of Information Technology (IIIT) Pune,4110,Computer Science and Engineering,81.25,Good,
120,NIT,Motilal Nehru National Institute of Technology Allahabad,4125,Mechanical Engineering,81.2,Borderline,
121,NIT,"National Institute of Technology, Rourkela",4107,Chemical Engineering,81.0,Reach,
122,NIT,"National Institute of Technology, Rourkela",5210,Chemical Engineering,81.0,No-data,
123,IIIT,Indian Institute of Information Technology (IIIT) Nagpur,410E,Computer Science Engineering (Artificial lntelligence and Machine Learning),80.8,No-data,
124,IIIT,Indian Institute of Information Technology (IIIT) Nagpur,410F,Computer Science Engineering (Data Science and Analytics),80.8,Good,
125,NIT,"National Institute of Technology, Silchar",4111,Electrical Engineering,80.75,Good,
126,IIIT,"Indian Institute of Information Technology (IIIT), Sri City, Chittoor",4188,Artificial Intelligence and Data Science,80.75,SAFE,
127,NIT,"National Institute of Technology, Tiruchirappalli",4109,Civil Engineering,80.5,Out,
128,IIIT,"Pt. Dwarka Prasad Mishra Indian Institute of Information Technology, Design & Manufacture Jabalpur",4114,Electronics and Communication Engineering,80.5,Good,
129,IIIT,"Indian Institute of Information Technology(IIIT), Vadodara, Gujrat",4110,Computer Science and Engineering,80.5,SAFE,
130,IIIT,"Indian Institute of Information Technology(IIIT), Vadodara, Gujrat",410J,Computer Science and Engineering (Cyber Security),80.5,No-data,
131,NIT,"Sardar Vallabhbhai National Institute of Technology, Surat",4125,Mechanical Engineering,80.45,SAFE,
132,NIT,National Institute of Technology Calicut,4107,Chemical Engineering,80.25,Good,
133,IIIT,"Indian Institute of Information Technology, Design & Manufacturing, Kancheepuram",523T,B.Tech. in Electronics and Communication Engineering and M.Tech. in Microelectronics and VLSI Systems,80.2,Good,
134,NIT,"National Institute of Technology Karnataka, Surathkal",4109,Civil Engineering,79.75,Reach,
135,NIT,National Institute of Technology Delhi,4110,Computer Science and Engineering,79.75,Out,
136,NIT,"Indian Institute of Engineering Science and Technology, Shibpur",4125,Mechanical Engineering,79.7,SAFE,
137,NIT,"Visvesvaraya National Institute of Technology, Nagpur",4107,Chemical Engineering,79.5,SAFE,
138,NIT,"Visvesvaraya National Institute of Technology, Nagpur",413Y,Chemical Technology (Bioprocess Technology),79.5,No-data,
139,IIIT,Indian Institute of Information Technology Lucknow,4146,Information Technology,79.5,Out,
140,GFTI,"Punjab Engineering College, Chandigarh",411H,Electronics Engineering (VLSI Design and Technology),79.45,No-data,
141,NIT,"National Institute of Technology, Warangal",4127,Metallurgical and Materials Engineering,79.25,Borderline,
142,NIT,"National Institute of Technology, Warangal",5243,Metallurgical and Materials Engineering,79.25,Out,
143,IIIT,Indian Institute of Information Technology (IIIT) Pune,4188,Artificial Intelligence and Data Science,79.25,No-data,
144,NIT,"National Institute of Technology, Rourkela",4109,Civil Engineering,79.0,Borderline,
145,IIIT,"Indian Institute of Information Technology, Design & Manufacturing, Kancheepuram",521Q,B.Tech. in Electronics and Communication Engineering and M.Tech. in Communication Systems,79.0,SAFE,
146,IIIT,"Indian Institute of Information Technology, Design & Manufacturing, Kancheepuram",4114,Electronics and Communication Engineering,79.0,Good,
147,NIT,National Institute of Technology Raipur,4110,Computer Science and Engineering,79.0,Out,
148,NIT,National Institute of Technology Durgapur,4125,Mechanical Engineering,78.95,SAFE,
149,NIT,"Sardar Vallabhbhai National Institute of Technology, Surat",410B,Industrial Chemistry,78.85,SAFE,
150,NIT,Malaviya National Institute of Technology Jaipur,4107,Chemical Engineering,78.75,SAFE,
151,NIT,"National Institute of Technology, Tiruchirappalli",4127,Metallurgical and Materials Engineering,78.5,Reach,
152,IIIT,"Indian Institute of Information Technology(IIIT), Vadodara, Gujrat",4185,Artificial Intelligence,78.5,SAFE,
153,NIT,National Institute of Technology Calicut,4109,Civil Engineering,78.25,Borderline,
154,GFTI,"Punjab Engineering College, Chandigarh",4114,Electronics and Communication Engineering,78.25,No-data,
155,GFTI,"Birla Institute of Technology, Mesra, Ranchi",4110,Computer Science and Engineering,78.25,Good,
156,NIT,Maulana Azad National Institute of Technology Bhopal,4125,Mechanical Engineering,78.2,SAFE,
157,NIT,Motilal Nehru National Institute of Technology Allahabad,4107,Chemical Engineering,78.0,Good,
158,NIT,"National Institute of Technology Karnataka, Surathkal",4127,Metallurgical and Materials Engineering,77.75,Good,
159,IIIT,Atal Bihari Vajpayee Indian Institute of Information Technology & Management Gwalior,4144,Electrical and Electronics Engineering,77.75,Good,
160,NIT,National Institute of Technology Delhi,4188,Artificial Intelligence and Data Science,77.75,Out,
161,IIIT,"Indian Institute of Information Technology(IIIT), Vadodara, Gujrat",4124,Mathematics and Computing,77.7,No-data,
162,NIT,"Visvesvaraya National Institute of Technology, Nagpur",4109,Civil Engineering,77.5,SAFE,
163,IIIT,"Indian Institute of Information Technology (IIIT)Kota, Rajasthan",4110,Computer Science and Engineering,77.5,SAFE,
164,NIT,"National Institute of Technology, Kurukshetra",4125,Mechanical Engineering,77.45,SAFE,
165,NIT,"National Institute of Technology, Kurukshetra",5233,Mechanical Engineering,77.45,SAFE,
166,NIT,"Sardar Vallabhbhai National Institute of Technology, Surat",4107,Chemical Engineering,77.25,SAFE,
167,GFTI,"Birla Institute of Technology, Mesra, Ranchi",410W,Computer Science and Engineering (Artificial Intelligence and Machine Learning),77.05,No-data,
168,NIT,"National Institute of Technology, Rourkela",4106,Ceramic Engineering,77.0,SAFE,
169,NIT,"National Institute of Technology, Rourkela",4169,Food Process Engineering,77.0,Out,
170,NIT,"National Institute of Technology, Rourkela",5509,Life Science,77.0,Out,
171,NIT,"National Institute of Technology, Rourkela",4127,Metallurgical and Materials Engineering,77.0,Good,
172,NIT,"National Institute of Technology, Rourkela",5243,Metallurgical and Materials Engineering,77.0,Out,
173,NIT,Malaviya National Institute of Technology Jaipur,4109,Civil Engineering,76.75,Reach,
174,IIIT,"Indian Institute of Information Technology (IIIT), Sri City, Chittoor",4114,Electronics and Communication Engineering,76.75,SAFE,
175,IIIT,Indian Institute of Information Technology(IIIT) Dharwad,4110,Computer Science and Engineering,76.75,SAFE,
176,NIT,"National Institute of Technology, Jamshedpur",4125,Mechanical Engineering,76.7,SAFE,
177,IIIT,"Indian Institute of Information Technology(IIIT), Vadodara, Gujrat",4146,Information Technology,76.5,SAFE,
178,IIIT,Indian Institute of Information Technology (IIIT) Pune,413X,Microelectronics and VLSI Design,76.45,No-data,
179,NIT,National Institute of Technology Calicut,4198,Energy Engineering,76.25,Good,
180,NIT,National Institute of Technology Calicut,4123,Materials Science and Engineering,76.25,Good,
181,GFTI,"Punjab Engineering College, Chandigarh",4111,Electrical Engineering,76.25,No-data,
182,GFTI,"Birla Institute of Technology, Mesra, Ranchi",5511,Quantitative Economics & Data Science,76.25,Out,
183,NIT,Motilal Nehru National Institute of Technology Allahabad,4109,Civil Engineering,76.0,Reach,
184,IIIT,Indian Institute of Information Technology (IIIT) Nagpur,4114,Electronics and Communication Engineering,76.0,SAFE,
185,IIIT,Indian Institute of Information Technology (IIIT) Nagpur,410H,Electronics and Communication Engineering (Internet of Things),76.0,SAFE,
186,IIIT,Indian Institute of Information Technology(IIIT) Kottayam,4110,Computer Science and Engineering,76.0,SAFE,
187,IIIT,Indian Institute of Information Technology(IIIT) Kottayam,4195,Computer Science and Engineering with specialization in Cyber Security,76.0,SAFE,
188,NIT,"National Institute of Technology, Silchar",4125,Mechanical Engineering,75.95,SAFE,
189,NIT,"National Institute of Technology, Kurukshetra",411C,Industrial Internet of Things,75.85,Good,
190,NIT,"National Institute of Technology, Kurukshetra",4136,Production and Industrial Engineering,75.85,SAFE,
191,NIT,"National Institute of Technology Karnataka, Surathkal",4130,Mining Engineering,75.75,Out,
192,NIT,National Institute of Technology Durgapur,4107,Chemical Engineering,75.75,SAFE,
193,NIT,National Institute of Technology Durgapur,5257,Chemical Engineering,75.75,Out,
194,NIT,"Visvesvaraya National Institute of Technology, Nagpur",4127,Metallurgical and Materials Engineering,75.5,SAFE,
195,IIIT,"Indian Institute of Information Technology (IIIT)Kota, Rajasthan",411G,Artificial Intelligence and Data Engineering,75.5,SAFE,
196,GFTI,"Birla Institute of Technology, Mesra, Ranchi",5506,Mathematics and Computing,75.45,SAFE,
197,NIT,"National Institute of Technology, Warangal",4104,Bio Technology,75.25,Reach,
198,NIT,"Sardar Vallabhbhai National Institute of Technology, Surat",4109,Civil Engineering,75.25,Good,
199,IIIT,Indian Institute of Information Technology (IIIT) Pune,4114,Electronics and Communication Engineering,75.25,Good,
200,IIIT,Indian Institute of Information Technology Tiruchirappalli,4110,Computer Science and Engineering,75.25,Good,
201,NIT,"National Institute of Technology, Jamshedpur",4136,Production and Industrial Engineering,75.1,SAFE,
202,NIT,"National Institute of Technology, Rourkela",4130,Mining Engineering,75.0,Out,
203,NIT,"National Institute of Technology, Rourkela",5247,Mining Engineering,75.0,Out,
204,NIT,Maulana Azad National Institute of Technology Bhopal,4107,Chemical Engineering,75.0,SAFE,
205,NIT,National Institute of Technology Raipur,4146,Information Technology,75.0,Reach,
206,IIIT,Indian Institute of Information Technology(IIIT) Kottayam,410R,Computer Science and Engineering with specialization in Artificial Intelligence and Data Science,74.8,SAFE,
207,NIT,Malaviya National Institute of Technology Jaipur,4127,Metallurgical and Materials Engineering,74.75,Good,
208,IIIT,Indian Institute of Information Technology(IIIT) Dharwad,413T,Artificial Intelligence and Computing,74.75,No-data,
209,IIIT,Indian Institute of Information Technology(IIIT) Dharwad,4181,Data Science and Artificial Intelligence,74.75,SAFE,
210,NIT,"Indian Institute of Engineering Science and Technology, Shibpur",4109,Civil Engineering,74.5,SAFE,
211,IIIT,"Indian Institute of Information Technology(IIIT), Vadodara, Gujrat",4114,Electronics and Communication Engineering,74.5,SAFE,
212,NIT,"Dr. B R Ambedkar National Institute of Technology, Jalandhar",4110,Computer Science and Engineering,74.5,Out,
213,IIIT,Indian Institute of Information Technology Tiruchirappalli,412F,Computer Science and Engineering ( Artificial Intelligence & Data Science),74.05,Reach,
214,NIT,Motilal Nehru National Institute of Technology Allahabad,4192,Engineering and Computational Mechanics,74.0,Out,
215,NIT,Motilal Nehru National Institute of Technology Allahabad,412H,Materials Engineering,74.0,No-data,
216,NIT,National Institute of Technology Durgapur,4109,Civil Engineering,73.75,SAFE,
217,NIT,National Institute of Technology Delhi,4114,Electronics and Communication Engineering,73.75,Out,
218,NIT,"National Institute of Technology, Andhra Pradesh",4110,Computer Science and Engineering,73.75,Out,
219,IIIT,"Pt. Dwarka Prasad Mishra Indian Institute of Information Technology, Design & Manufacture Jabalpur",4125,Mechanical Engineering,73.7,SAFE,
220,NIT,"Visvesvaraya National Institute of Technology, Nagpur",4130,Mining Engineering,73.5,Out,
221,NIT,"National Institute of Technology, Warangal",5503,Chemistry,73.25,Good,
222,NIT,"National Institute of Technology, Warangal",5508,Mathematics,73.25,Good,
223,NIT,"National Institute of Technology, Warangal",5507,Physics,73.25,Out,
224,IIIT,Indian Institute of Information Technology(IIIT) Kottayam,411F,B.Tech in Mathematics and Computing,73.2,No-data,
225,NIT,"National Institute of Technology, Rourkela",4152,Bio Medical Engineering,73.0,Out,
226,NIT,"National Institute of Technology, Rourkela",4104,Bio Technology,73.0,Good,
227,NIT,Maulana Azad National Institute of Technology Bhopal,4109,Civil Engineering,73.0,Good,
228,NIT,National Institute of Technology Raipur,4114,Electronics and Communication Engineering,73.0,Reach,
229,NIT,National Institute of Technology Hamirpur,4110,Computer Science and Engineering,73.0,Out,
230,NIT,National Institute of Technology Hamirpur,5216,Computer Science and Engineering,73.0,Reach,
231,NIT,"Indian Institute of Engineering Science and Technology, Shibpur",4101,Aerospace Engineering,72.5,Good,
232,NIT,"Indian Institute of Engineering Science and Technology, Shibpur",5501,Applied Geology,72.5,No-data,
233,NIT,"Indian Institute of Engineering Science and Technology, Shibpur",4156,Metallurgy and Materials Engineering,72.5,SAFE,
234,NIT,"Dr. B R Ambedkar National Institute of Technology, Jalandhar",4185,Artificial Intelligence,72.5,No-data,
235,NIT,"Dr. B R Ambedkar National Institute of Technology, Jalandhar",4187,Data Science and Engineering,72.5,Reach,
236,NIT,National Institute of Technology Calicut,4104,Bio Technology,72.25,Reach,
237,NIT,"National Institute of Technology, Kurukshetra",4109,Civil Engineering,72.25,SAFE,
238,NIT,"National Institute of Technology, Kurukshetra",5213,Civil Engineering,72.25,Out,
239,GFTI,"Birla Institute of Technology, Mesra, Ranchi",4114,Electronics and Communication Engineering,72.25,SAFE,
240,NIT,National Institute of Technology Puducherry,4110,Computer Science and Engineering,72.25,Out,
241,IIIT,"Indian Institute of Information Technology, Design & Manufacturing, Kancheepuram",5A11,B.Tech in Mechanical Engineering and M.Tech in AI and Robotics,72.2,SAFE,
242,IIIT,"Indian Institute of Information Technology, Design & Manufacturing, Kancheepuram",4125,Mechanical Engineering,72.2,Good,
243,NIT,National Institute of Technology Durgapur,4127,Metallurgical and Materials Engineering,71.75,SAFE,
244,NIT,National Institute of Technology Delhi,4111,Electrical Engineering,71.75,Borderline,
245,NIT,"Dr. B R Ambedkar National Institute of Technology, Jalandhar",4124,Mathematics and Computing,71.7,Reach,
246,NIT,"National Institute of Technology, Jamshedpur",4109,Civil Engineering,71.5,Reach,
247,IIIT,"Indian Institute of Information Technology (IIIT)Kota, Rajasthan",4114,Electronics and Communication Engineering,71.5,SAFE,
248,IIIT,"Indian Institute of Information Technology Design & Manufacturing Kurnool, Andhra Pradesh",4110,Computer Science and Engineering,71.5,Good,
249,IIIT,"Indian Institute of Information Technology Design & Manufacturing Kurnool, Andhra Pradesh",5216,Computer Science and Engineering,71.5,Good,
250,GFTI,"Punjab Engineering College, Chandigarh",4125,Mechanical Engineering,71.45,No-data,
251,NIT,"National Institute of Technology, Rourkela",5503,Chemistry,71.0,Out,
252,NIT,"National Institute of Technology, Rourkela",4117,Engineering Physics,71.0,No-data,
253,NIT,Maulana Azad National Institute of Technology Bhopal,4180,Materials and Metallurgical Engineering,71.0,No-data,
254,NIT,Maulana Azad National Institute of Technology Bhopal,4501,Planning,71.0,Out,
255,NIT,National Institute of Technology Raipur,4111,Electrical Engineering,71.0,Borderline,
256,NIT,"National Institute of Technology, Silchar",4109,Civil Engineering,70.75,SAFE,
257,IIIT,Indian Institute of Information Technology(IIIT) Dharwad,4114,Electronics and Communication Engineering,70.75,SAFE,
258,IIIT,Indian Institute of Information Technology Guwahati,4110,Computer Science and Engineering,70.75,SAFE,
259,NIT,"Indian Institute of Engineering Science and Technology, Shibpur",4130,Mining Engineering,70.5,Out,
260,NIT,"Dr. B R Ambedkar National Institute of Technology, Jalandhar",4146,Information Technology,70.5,Reach,
261,IIIT,Indian Institute of Information Technology Tiruchirappalli,413G,Electronics and Communication Engineering (VLSI Design),70.45,Borderline,
262,NIT,National Institute of Technology Calicut,5A09,B. Tech. (Mathematics & Computing) M. Tech. in (Mathematics & Computing),70.25,No-data,
263,NIT,National Institute of Technology Calicut,4117,Engineering Physics,70.25,Good,
264,NIT,"National Institute of Technology, Kurukshetra",412A,ROBOTICS & AUTOMATION,70.25,Reach,
265,NIT,"National Institute of Technology, Kurukshetra",412D,SUSTAINABLE ENERGY TECHNOLOGIES,70.25,Out,
266,GFTI,"Birla Institute of Technology, Mesra, Ranchi",4144,Electrical and Electronics Engineering,70.25,SAFE,
267,NIT,National Institute of Technology Hamirpur,4124,Mathematics and Computing,70.2,Borderline,
268,NIT,Motilal Nehru National Institute of Technology Allahabad,4104,Bio Technology,70.0,SAFE,
269,IIIT,Indian Institute of Information Technology(IIIT) Kottayam,4114,Electronics and Communication Engineering,70.0,SAFE,
270,IIIT,"Indian institute of information technology, Raichur, Karnataka",4110,Computer Science and Engineering,70.0,Good,
271,GFTI,"Punjab Engineering College, Chandigarh",4136,Production and Industrial Engineering,69.85,No-data,
272,NIT,"Dr. B R Ambedkar National Institute of Technology, Jalandhar",410V,Electronics and VLSI Engineering,69.7,Good,
273,NIT,"Visvesvaraya National Institute of Technology, Nagpur",4117,Engineering Physics,69.5,No-data,
274,NIT,"National Institute of Technology, Jamshedpur",4192,Engineering and Computational Mechanics,69.5,Out,
275,NIT,"National Institute of Technology, Jamshedpur",4127,Metallurgical and Materials Engineering,69.5,Out,
276,IIIT,"Indian Institute of Information Technology Design & Manufacturing Kurnool, Andhra Pradesh",4188,Artificial Intelligence and Data Science,69.5,Borderline,
277,IIIT,"Indian Institute of Information Technology Design & Manufacturing Kurnool, Andhra Pradesh",523U,Artificial Intelligence and Data Science,69.5,No-data,
278,IIIT,Indian Institute of Information Technology Tiruchirappalli,4114,Electronics and Communication Engineering,69.25,SAFE,
279,IIIT,"Indian Institute of Information Technology(IIIT) Kalyani, West Bengal",4110,Computer Science and Engineering,69.25,SAFE,
280,IIIT,"Indian Institute of Information Technology(IIIT) Kalyani, West Bengal",410J,Computer Science and Engineering (Cyber Security),69.25,Out,
281,NIT,Malaviya National Institute of Technology Jaipur,4117,Engineering Physics,68.75,No-data,
282,IIIT,Indian Institute of Information Technology Guwahati,413V,Electronics Communication and Artificial Intelligence,68.75,No-data,
283,NIT,"Dr. B R Ambedkar National Institute of Technology, Jalandhar",4114,Electronics and Communication Engineering,68.5,Reach,
284,IIIT,Indian Institute of Information Technology (IIIT) Ranchi,4110,Computer Science and Engineering,68.5,SAFE,
285,IIIT,"Indian Institute of Information Technology(IIIT) Kalyani, West Bengal",412F,Computer Science and Engineering ( Artificial Intelligence & Data Science),68.05,Out,
286,GFTI,University of Hyderabad,5313,Materials Engineering,68.0,SAFE,
287,IIIT,"Indian institute of information technology, Raichur, Karnataka",4188,Artificial Intelligence and Data Science,68.0,Good,
288,NIT,National Institute of Technology Durgapur,4104,Bio Technology,67.75,SAFE,
289,NIT,National Institute of Technology Durgapur,5296,Biotechnology,67.75,Out,
290,NIT,"National Institute of Technology, Andhra Pradesh",4114,Electronics and Communication Engineering,67.75,Good,
291,IIIT,Indian Institute of Information Technology Bhopal,4110,Computer Science and Engineering,67.75,SAFE,
292,IIIT,Indian Institute of Information Technology Bhopal,411Y,Computer Science and Engineering (Cyber Physical System),67.75,SAFE,
293,IIIT,Indian Institute of Information Technology Bhopal,410J,Computer Science and Engineering (Cyber Security),67.75,SAFE,
294,IIIT,Indian Institute of Information Technology (IIIT) Ranchi,4602,Computer Science and Engineering (with Specialization of Data Science and Artificial Intelligence),67.3,SAFE,
295,NIT,"Sardar Vallabhbhai National Institute of Technology, Surat",5H3C,Chemistry,67.25,No-data,
296,NIT,"Sardar Vallabhbhai National Institute of Technology, Surat",4117,Engineering Physics,67.25,SAFE,
297,NIT,"Sardar Vallabhbhai National Institute of Technology, Surat",5H3E,Mathematics,67.25,No-data,
298,NIT,"Sardar Vallabhbhai National Institute of Technology, Surat",5H3D,Physics,67.25,No-data,
299,IIIT,"Indian institute of information technology, Raichur, Karnataka",4124,Mathematics and Computing,67.2,SAFE,
300,NIT,National Institute of Technology Hamirpur,4114,Electronics and Communication Engineering,67.0,Good,
301,NIT,National Institute of Technology Hamirpur,5234,Electronics and Communication Engineering,67.0,Borderline,
302,GFTI,"Jawaharlal Nehru University, Delhi",4110,Computer Science and Engineering,67.0,Good,
303,IIIT,Indian Institute of Information Technology Bhopal,412G,Computer Science and Engineering (Artificial Intelligence),66.55,SAFE,
304,IIIT,Indian Institute of Information Technology Bhopal,412E,Computer Science and Engineering (Data Science),66.55,Good,
305,NIT,"Indian Institute of Engineering Science and Technology, Shibpur",5503,Chemistry,66.5,No-data,
306,NIT,"Indian Institute of Engineering Science and Technology, Shibpur",5507,Physics,66.5,No-data,
307,IIIT,"Pt. Dwarka Prasad Mishra Indian Institute of Information Technology, Design & Manufacture Jabalpur",4176,Smart Manufacturing,66.5,SAFE,
308,NIT,"Dr. B R Ambedkar National Institute of Technology, Jalandhar",4111,Electrical Engineering,66.5,Good,
309,GFTI,"Punjab Engineering College, Chandigarh",4109,Civil Engineering,66.25,No-data,
310,NIT,National Institute of Technology Puducherry,4114,Electronics and Communication Engineering,66.25,Reach,
311,NIT,National Institute of Technology Durgapur,5503,Chemistry,65.75,Out,
312,NIT,"National Institute of Technology, Andhra Pradesh",4144,Electrical and Electronics Engineering,65.75,Good,
313,IIIT,Indian Institute of Information Technology (IIIT) Ranchi,411F,B.Tech in Mathematics and Computing,65.7,SAFE,
314,IIIT,"Indian Institute of Information Technology Design & Manufacturing Kurnool, Andhra Pradesh",5234,Electronics and Communication Engineering,65.5,SAFE,
315,IIIT,"Indian Institute of Information Technology Design & Manufacturing Kurnool, Andhra Pradesh",4174,Electronics and Communication Engineering with specialization in Design and Manufacturing,65.5,Good,
316,GFTI,"International Institute of Information Technology, Naya Raipur",4110,Computer Science and Engineering,65.5,SAFE,
317,NIT,Maulana Azad National Institute of Technology Bhopal,522S,B. Tech. and M. Tech. in Engineering and Computational Mechanics (Dual Degree),65.0,Out,
318,IIIT,"Indian Institute of Information Technology, Design & Manufacturing, Kancheepuram",413C,Design Engineering,65.0,SAFE,
319,IIIT,"Indian Institute of Information Technology, Design & Manufacturing, Kancheepuram",4176,Smart Manufacturing,65.0,SAFE,
320,NIT,National Institute of Technology Hamirpur,4111,Electrical Engineering,65.0,SAFE,
321,IIIT,Indian Institute of Information Technology Bhopal,411F,B.Tech in Mathematics and Computing,64.95,SAFE,
322,IIIT,Indian Institute of Information Technology Guwahati,4114,Electronics and Communication Engineering,64.75,SAFE,
323,GFTI,"International Institute of Information Technology, Bhubaneswar",4110,Computer Science and Engineering,64.75,Good,
324,GFTI,"Punjab Engineering College, Chandigarh",4101,Aerospace Engineering,64.25,No-data,
325,GFTI,"Punjab Engineering College, Chandigarh",4127,Metallurgical and Materials Engineering,64.25,No-data,
326,NIT,National Institute of Technology Puducherry,4144,Electrical and Electronics Engineering,64.25,Borderline,
327,IIIT,Indian Institute of Information Technology Bhopal,4146,Information Technology,63.75,SAFE,
328,GFTI,"International Institute of Information Technology, Naya Raipur",4181,Data Science and Artificial Intelligence,63.5,Reach,
329,IIIT,"Indian Institute of Information Technology(IIIT) Kalyani, West Bengal",4114,Electronics and Communication Engineering,63.25,SAFE,
330,GFTI,"Central University of Rajasthan, Rajasthan",4110,Computer Science and Engineering,63.25,SAFE,
331,GFTI,Central University of Karnataka,410W,Computer Science and Engineering (Artificial Intelligence and Machine Learning),62.8,No-data,
332,NIT,"Dr. B R Ambedkar National Institute of Technology, Jalandhar",4148,Instrumentation and Control Engineering,62.5,SAFE,
333,IIIT,Indian Institute of Information Technology (IIIT) Ranchi,4114,Electronics and Communication Engineering,62.5,SAFE,
334,IIIT,Indian Institute of Information Technology (IIIT) Ranchi,4601,Electronics and Communication Engineering (with Specialization of Embedded Systems and Internet of Things),62.5,SAFE,
335,NIT,National Institute of Technology Goa,4110,Computer Science and Engineering,62.5,Out,
336,IIIT,Indian Institute of Information Technology Bhopal,4114,Electronics and Communication Engineering,61.75,SAFE,
337,NIT,"National Institute of Technology, Uttarakhand",4110,Computer Science and Engineering,61.75,Out,
338,GFTI,Central University of Karnataka,4124,Mathematics and Computing,61.2,No-data,
339,GFTI,"Jawaharlal Nehru University, Delhi",4114,Electronics and Communication Engineering,61.0,SAFE,
340,GFTI,"International Institute of Information Technology, Bhubaneswar",4146,Information Technology,60.75,Good,
341,IIIT,Atal Bihari Vajpayee Indian Institute of Information Technology & Management Gwalior,5B01,Integrated B. Tech.(IT) and M. Tech (IT),59.75,Reach,
342,IIIT,Atal Bihari Vajpayee Indian Institute of Information Technology & Management Gwalior,5C01,Integrated B. Tech.(IT) and MBA,59.75,Good,
343,IIIT,Atal Bihari Vajpayee Indian Institute of Information Technology & Management Gwalior,411M,Mathematics and Scientific Computing,59.75,Good,
344,NIT,National Institute of Technology Delhi,411Z,VLSI Design and Technology,59.75,Out,
345,GFTI,"International Institute of Information Technology, Naya Raipur",4114,Electronics and Communication Engineering,59.5,SAFE,
346,IIIT,"Indian Institute of Information Technology, Design & Manufacturing, Kancheepuram",4117,Engineering Physics,59.0,Out,
347,GFTI,"Institute of Infrastructure, Technology, Research and Management-Ahmedabad",4111,Electrical Engineering,58.25,SAFE,
348,GFTI,Central University of Karnataka,4114,Electronics and Communication Engineering,58.0,No-data,
349,GFTI,"International Institute of Information Technology, Bhubaneswar",4153,Electronics and Telecommunication Engineering,57.55,SAFE,
350,GFTI,"Central University of Rajasthan, Rajasthan",4114,Electronics and Communication Engineering,57.25,SAFE,
351,GFTI,"International Institute of Information Technology, Bhubaneswar",4144,Electrical and Electronics Engineering,56.75,SAFE,
352,NIT,National Institute of Technology Goa,4114,Electronics and Communication Engineering,56.5,Reach,
353,GFTI,Central University of Karnataka,4111,Electrical Engineering,56.0,No-data,
354,NIT,"National Institute of Technology, Uttarakhand",4114,Electronics and Communication Engineering,55.75,SAFE,
355,NIT,National Institute of Technology Goa,4144,Electrical and Electronics Engineering,54.5,Good,
356,NIT,"National Institute of Technology, Uttarakhand",4144,Electrical and Electronics Engineering,53.75,Out,
357,NIT,National Institute of Technology Agartala,4110,Computer Science and Engineering,47.5,Borderline,
358,NIT,National Institute of Technology Meghalaya,4110,Computer Science and Engineering,47.5,Out,
359,NIT,National Institute of Technology Nagaland,4110,Computer Science and Engineering,47.5,Out,
360,NIT,National Institute of Technology Sikkim,4110,Computer Science and Engineering,47.5,Reach,
361,NIT,National Institute of Technology Arunachal Pradesh,4110,Computer Science and Engineering,47.5,Reach,
362,NIT,"National Institute of Technology, Manipur",4110,Computer Science and Engineering,47.5,Good,
363,NIT,"National Institute of Technology, Manipur",5216,Computer Science and Engineering,47.5,No-data,
364,NIT,"National Institute of Technology, Mizoram",4110,Computer Science and Engineering,47.5,Good,
365,NIT,"National Institute of Technology, Srinagar",4110,Computer Science and Engineering,47.5,Good,
366,NIT,National Institute of Technology Sikkim,410P,Artificial Intelligence and Machine Learning,45.5,No-data,
367,NIT,"National Institute of Technology, Mizoram",4124,Mathematics and Computing,44.7,Out,
368,NIT,"National Institute of Technology, Srinagar",4146,Information Technology,43.5,Good,
369,IIIT,"Indian Institute of Information Technology(IIIT) Kilohrad, Sonepat, Haryana",4110,Computer Science and Engineering,41.5,SAFE,
370,IIIT,"Indian Institute of Information Technology(IIIT) Una, Himachal Pradesh",4110,Computer Science and Engineering,41.5,SAFE,
371,IIIT,INDIAN INSTITUTE OF INFORMATION TECHNOLOGY SENAPATI MANIPUR,4110,Computer Science and Engineering,41.5,Out,
372,IIIT,Indian Institute of Information Technology Surat,4110,Computer Science and Engineering,41.5,Good,
373,IIIT,"Indian Institute of Information Technology, Agartala",4110,Computer Science and Engineering,41.5,SAFE,
374,IIIT,"Indian Institute of Information Technology, Vadodara International Campus Diu (IIITVICD)",4110,Computer Science and Engineering,41.5,SAFE,
375,IIIT,"Indian Institute of Information Technology(IIIT) Una, Himachal Pradesh",410J,Computer Science and Engineering (Cyber Security),41.5,Good,
376,IIIT,Indian Institute of Information Technology Surat,410J,Computer Science and Engineering (Cyber Security),41.5,Reach,
377,IIIT,"Indian Institute of Information Technology, Vadodara International Campus Diu (IIITVICD)",410J,Computer Science and Engineering (Cyber Security),41.5,No-data,
378,IIIT,INDIAN INSTITUTE OF INFORMATION TECHNOLOGY SENAPATI MANIPUR,4195,Computer Science and Engineering with specialization in Cyber Security,41.5,Out,
379,IIIT,INDIAN INSTITUTE OF INFORMATION TECHNOLOGY SENAPATI MANIPUR,413H,Computer Science and Engineering with specialization in Quantum Technologies,41.5,Out,
380,NIT,National Institute of Technology Agartala,4114,Electronics and Communication Engineering,41.5,Good,
381,NIT,National Institute of Technology Meghalaya,4114,Electronics and Communication Engineering,41.5,Good,
382,NIT,National Institute of Technology Nagaland,4114,Electronics and Communication Engineering,41.5,SAFE,
383,NIT,National Institute of Technology Sikkim,4114,Electronics and Communication Engineering,41.5,SAFE,
384,NIT,National Institute of Technology Arunachal Pradesh,4114,Electronics and Communication Engineering,41.5,SAFE,
385,NIT,"National Institute of Technology, Manipur",4114,Electronics and Communication Engineering,41.5,SAFE,
386,NIT,"National Institute of Technology, Manipur",5234,Electronics and Communication Engineering,41.5,No-data,
387,NIT,"National Institute of Technology, Mizoram",4114,Electronics and Communication Engineering,41.5,SAFE,
388,NIT,"National Institute of Technology, Srinagar",4114,Electronics and Communication Engineering,41.5,SAFE,
389,IIIT,"Indian Institute of Information Technology(IIIT) Kilohrad, Sonepat, Haryana",411J,Computer Science & Engineering (Data Science and Analytics),40.3,No-data,
390,IIIT,Indian Institute of Information Technology Surat,410W,Computer Science and Engineering (Artificial Intelligence and Machine Learning),40.3,Borderline,
391,IIIT,"Indian Institute of Information Technology(IIIT) Kilohrad, Sonepat, Haryana",412G,Computer Science and Engineering (Artificial Intelligence),40.3,No-data,
392,IIIT,"Indian Institute of Information Technology(IIIT) Una, Himachal Pradesh",412E,Computer Science and Engineering (Data Science),40.3,Out,
393,IIIT,INDIAN INSTITUTE OF INFORMATION TECHNOLOGY SENAPATI MANIPUR,410R,Computer Science and Engineering with specialization in Artificial Intelligence and Data Science,40.3,Out,
394,NIT,National Institute of Technology Agartala,4142,Electronics and Instrumentation Engineering,40.3,SAFE,
395,NIT,National Institute of Technology Nagaland,4142,Electronics and Instrumentation Engineering,40.3,SAFE,
396,GFTI,"School of Engineering, Tezpur University, Napaam, Tezpur",5418,B.Tech. (Computer Science and Engineering) - MBA,40.0,Out,
397,GFTI,"Assam University, Silchar",4110,Computer Science and Engineering,40.0,Good,
398,GFTI,"Gurukula Kangri Vishwavidyalaya, Haridwar",4110,Computer Science and Engineering,40.0,SAFE,
399,GFTI,"School of Studies of Engineering and Technology, Guru Ghasidas Vishwavidyalaya, Bilaspur",4110,Computer Science and Engineering,40.0,SAFE,
400,GFTI,"National Institute of Electronics and Information Technology, Aurangabad (Maharashtra)",4110,Computer Science and Engineering,40.0,SAFE,
401,GFTI,"National Institute of Advanced Manufacturing Technology, Ranchi",4110,Computer Science and Engineering,40.0,No-data,
402,GFTI,Sant Longowal Institute of Engineering and Technology,4110,Computer Science and Engineering,40.0,SAFE,
403,GFTI,Sant Longowal Institute of Engineering and Technology,5216,Computer Science and Engineering,40.0,SAFE,
404,GFTI,"School of Engineering, Tezpur University, Napaam, Tezpur",4110,Computer Science and Engineering,40.0,Out,
405,GFTI,"Shri Mata Vaishno Devi University, Katra, Jammu & Kashmir",4110,Computer Science and Engineering,40.0,SAFE,
406,GFTI,"Central institute of Technology Kokrajar, Assam",4110,Computer Science and Engineering,40.0,SAFE,
407,GFTI,"Puducherry Technological University, Puducherry",4110,Computer Science and Engineering,40.0,SAFE,
408,GFTI,"North Eastern Regional Institute of Science and Technology, Nirjuli-791109 (Itanagar),Arunachal Pradesh",4110,Computer Science and Engineering,40.0,Out,
409,GFTI,"Chhattisgarh Swami Vivekanada Technical University, Bhilai (CSVTU Bhilai)",4110,Computer Science and Engineering,40.0,No-data,
410,GFTI,Central University of Jammu,4110,Computer Science and Engineering,40.0,SAFE,
411,GFTI,"Institute of Engineering and Technology, Dr. H. S. Gour University. Sagar (A Central University)",4110,Computer Science and Engineering,40.0,SAFE,
412,GFTI,Central University of Haryana,4110,Computer Science and Engineering,40.0,SAFE,
413,GFTI,"Birla Institute of Technology, Deoghar Off-Campus",4110,Computer Science and Engineering,40.0,SAFE,
414,GFTI,CU Jharkhand,4110,Computer Science and Engineering,40.0,Out,
415,GFTI,Shri G. S. Institute of Technology and Science Indore,4110,Computer Science and Engineering,40.0,Out,
416,GFTI,"Central University of Punjab, Bathinda",4110,Computer Science and Engineering,40.0,No-data,
417,GFTI,"National Institute of Electronics and Information Technology, Ajmer (Rajasthan)",413K,"Computer Science and Engineering (Internet of Things, Cyber Security including Block Chain Technology )",40.0,SAFE,
418,GFTI,"National Institute of Electronics and Information Technology, Gorakhpur (UP)",413L,Computer Science and Engineering with minor in AI and ML,40.0,SAFE,
419,GFTI,Central University of Jammu,4195,Computer Science and Engineering with specialization in Cyber Security,40.0,SAFE,
420,IIIT,"Indian Institute of Information Technology, Vadodara International Campus Diu (IIITVICD)",4185,Artificial Intelligence,39.5,SAFE,
421,NIT,National Institute of Technology Agartala,4111,Electrical Engineering,39.5,SAFE,
422,NIT,National Institute of Technology Arunachal Pradesh,4111,Electrical Engineering,39.5,SAFE,
423,NIT,"National Institute of Technology, Manipur",4111,Electrical Engineering,39.5,SAFE,
424,NIT,"National Institute of Technology, Manipur",5217,Electrical Engineering,39.5,No-data,
425,NIT,"National Institute of Technology, Mizoram",4111,Electrical Engineering,39.5,SAFE,
426,NIT,"National Institute of Technology, Srinagar",4111,Electrical Engineering,39.5,SAFE,
427,NIT,National Institute of Technology Meghalaya,4144,Electrical and Electronics Engineering,39.5,SAFE,
428,NIT,National Institute of Technology Nagaland,4144,Electrical and Electronics Engineering,39.5,SAFE,
429,NIT,National Institute of Technology Sikkim,4144,Electrical and Electronics Engineering,39.5,SAFE,
430,GFTI,"Chhattisgarh Swami Vivekanada Technical University, Bhilai (CSVTU Bhilai)",4603,Computer Science Engineering (Artificial Intelligence),38.8,SAFE,
431,GFTI,"Ghani Khan Choudhary Institute of Engineering and Technology, Malda, West Bengal",410E,Computer Science Engineering (Artificial lntelligence and Machine Learning),38.8,No-data,
432,GFTI,"Chhattisgarh Swami Vivekanada Technical University, Bhilai (CSVTU Bhilai)",4604,Computer Science Engineering (Data Science),38.8,SAFE,
433,GFTI,"Birla Institute of Technology, Deoghar Off-Campus",410W,Computer Science and Engineering (Artificial Intelligence and Machine Learning),38.8,No-data,
434,GFTI,"National Institute of Electronics and Information Technology, Aizawl",410W,Computer Science and Engineering (Artificial Intelligence and Machine Learning),38.8,No-data,
435,GFTI,"J.K. Institute of Applied Physics & Technology, Department of Electronics & Communication, University of Allahabad- Allahabad",4196,Computer Science and Engineering with Major in Artificial Intelligence,38.8,SAFE,
436,IIIT,Indian Institute of Information Technology Surat,411F,B.Tech in Mathematics and Computing,38.7,No-data,
437,GFTI,"Rajiv Gandhi National Aviation University, Fursatganj, Amethi (UP)",413R,Artificial Intelligence & Data Science - Aviation Systems,38.0,No-data,
438,GFTI,"School of Studies of Engineering and Technology, Guru Ghasidas Vishwavidyalaya, Bilaspur",4188,Artificial Intelligence and Data Science,38.0,SAFE,
439,GFTI,Sant Longowal Institute of Engineering and Technology,4188,Artificial Intelligence and Data Science,38.0,SAFE,
440,GFTI,"Puducherry Technological University, Puducherry",4188,Artificial Intelligence and Data Science,38.0,No-data,
441,GFTI,National Institute of Technical Teachers Training and Research Bhopal,410P,Artificial Intelligence and Machine Learning,38.0,No-data,
442,GFTI,"Central University of Punjab, Bathinda",523V,Artificial Intelligence and Machine Learning,38.0,No-data,
443,GFTI,"Gati Shakti Vishwavidyalaya, Vadodara",411V,B.Tech in Artificial Intelligenece and Data Science (Transportation and Logistics),38.0,Out,
444,IIIT,"Indian Institute of Information Technology(IIIT) Kilohrad, Sonepat, Haryana",4146,Information Technology,37.5,SAFE,
445,GFTI,"Shri Mata Vaishno Devi University, Katra, Jammu & Kashmir",411F,B.Tech in Mathematics and Computing,37.2,SAFE,
446,GFTI,Central University of Jammu,4124,Mathematics and Computing,37.2,Out,
447,GFTI,"Birla Institute of Technology, Deoghar Off-Campus",5506,Mathematics and Computing,37.2,No-data,
448,IIIT,INDIAN INSTITUTE OF INFORMATION TECHNOLOGY SENAPATI MANIPUR,410M,Electronics and Communication Engineering with specialization in VLSI and Embedded Systems,36.7,Out,
449,GFTI,"School of Studies of Engineering and Technology, Guru Ghasidas Vishwavidyalaya, Bilaspur",4146,Information Technology,36.0,SAFE,
450,GFTI,"Mizoram University, Aizawl",4146,Information Technology,36.0,SAFE,
451,GFTI,"Puducherry Technological University, Puducherry",4146,Information Technology,36.0,SAFE,
452,GFTI,"North-Eastern Hill University, Shillong",4146,Information Technology,36.0,SAFE,
453,GFTI,Shri G. S. Institute of Technology and Science Indore,4146,Information Technology,36.0,Out,
454,IIIT,"Indian Institute of Information Technology(IIIT) Una, Himachal Pradesh",4114,Electronics and Communication Engineering,35.5,SAFE,
455,IIIT,INDIAN INSTITUTE OF INFORMATION TECHNOLOGY SENAPATI MANIPUR,4114,Electronics and Communication Engineering,35.5,Out,
456,IIIT,Indian Institute of Information Technology Surat,4114,Electronics and Communication Engineering,35.5,SAFE,
457,IIIT,"Indian Institute of Information Technology, Vadodara International Campus Diu (IIITVICD)",4114,Electronics and Communication Engineering,35.5,SAFE,
458,GFTI,"National Institute of Electronics and Information Technology, Ropar (Punjab)",410Z,Electronics and Communication Engineering (VLSI Design and Technology),35.2,No-data,
459,GFTI,"National Institute of Electronics and Information Technology, Gorakhpur (UP)",413M,B. Tech in Electronics and Communication Engineering with minor in Wearable Electronics,34.0,SAFE,
460,GFTI,"School of Engineering, Tezpur University, Napaam, Tezpur",5420,B.Tech. (Electronics and Communication Engineering) - MBA,34.0,Out,
461,GFTI,"Assam University, Silchar",4114,Electronics and Communication Engineering,34.0,SAFE,
462,GFTI,"Gurukula Kangri Vishwavidyalaya, Haridwar",4114,Electronics and Communication Engineering,34.0,SAFE,
463,GFTI,"School of Studies of Engineering and Technology, Guru Ghasidas Vishwavidyalaya, Bilaspur",4114,Electronics and Communication Engineering,34.0,SAFE,
464,GFTI,"J.K. Institute of Applied Physics & Technology, Department of Electronics & Communication, University of Allahabad- Allahabad",4114,Electronics and Communication Engineering,34.0,SAFE,
465,GFTI,Sant Longowal Institute of Engineering and Technology,4114,Electronics and Communication Engineering,34.0,SAFE,
466,GFTI,"Mizoram University, Aizawl",4114,Electronics and Communication Engineering,34.0,SAFE,
467,GFTI,"School of Engineering, Tezpur University, Napaam, Tezpur",4114,Electronics and Communication Engineering,34.0,Out,
468,GFTI,"Shri Mata Vaishno Devi University, Katra, Jammu & Kashmir",4114,Electronics and Communication Engineering,34.0,Out,
469,GFTI,"Central institute of Technology Kokrajar, Assam",4114,Electronics and Communication Engineering,34.0,Out,
470,GFTI,"Puducherry Technological University, Puducherry",4114,Electronics and Communication Engineering,34.0,SAFE,
471,GFTI,"North Eastern Regional Institute of Science and Technology, Nirjuli-791109 (Itanagar),Arunachal Pradesh",4114,Electronics and Communication Engineering,34.0,Out,
472,GFTI,"North-Eastern Hill University, Shillong",4114,Electronics and Communication Engineering,34.0,SAFE,
473,GFTI,Central University of Jammu,4114,Electronics and Communication Engineering,34.0,SAFE,
474,GFTI,"Institute of Engineering and Technology, Dr. H. S. Gour University. Sagar (A Central University)",4114,Electronics and Communication Engineering,34.0,Out,
475,GFTI,"Birla Institute of Technology, Deoghar Off-Campus",4114,Electronics and Communication Engineering,34.0,SAFE,
476,GFTI,National Institute of Technical Teachers Training and Research Bhopal,4114,Electronics and Communication Engineering,34.0,No-data,
477,GFTI,Central University of Jammu,410I,Electronics and Communication Engineering (Avionics),34.0,Out,
478,GFTI,"Rajiv Gandhi National Aviation University, Fursatganj, Amethi (UP)",410I,Electronics and Communication Engineering (Avionics),34.0,SAFE,
479,GFTI,"Gati Shakti Vishwavidyalaya, Vadodara",411R,B.Tech in Electronics & Communication Engineering (Rail Engineering),32.8,Out,
480,GFTI,"Puducherry Technological University, Puducherry",4142,Electronics and Instrumentation Engineering,32.8,SAFE,
481,GFTI,Shri G. S. Institute of Technology and Science Indore,4142,Electronics and Instrumentation Engineering,32.8,Out,
482,GFTI,Shri G. S. Institute of Technology and Science Indore,4153,Electronics and Telecommunication Engineering,32.8,Out,
483,GFTI,"Gati Shakti Vishwavidyalaya, Vadodara",411S,B.Tech in Electrical Engineering ( Rail  Engineering),32.0,Out,
484,GFTI,"Gurukula Kangri Vishwavidyalaya, Haridwar",4111,Electrical Engineering,32.0,SAFE,
485,GFTI,"School of Studies of Engineering and Technology, Guru Ghasidas Vishwavidyalaya, Bilaspur",4111,Electrical Engineering,32.0,SAFE,
486,GFTI,Sant Longowal Institute of Engineering and Technology,4111,Electrical Engineering,32.0,SAFE,
487,GFTI,Sant Longowal Institute of Engineering and Technology,5217,Electrical Engineering,32.0,Out,
488,GFTI,"Mizoram University, Aizawl",4111,Electrical Engineering,32.0,SAFE,
489,GFTI,"School of Engineering, Tezpur University, Napaam, Tezpur",4111,Electrical Engineering,32.0,SAFE,
490,GFTI,"Shri Mata Vaishno Devi University, Katra, Jammu & Kashmir",4111,Electrical Engineering,32.0,SAFE,
491,GFTI,"Ghani Khan Choudhary Institute of Engineering and Technology, Malda, West Bengal",4111,Electrical Engineering,32.0,No-data,
492,GFTI,"North Eastern Regional Institute of Science and Technology, Nirjuli-791109 (Itanagar),Arunachal Pradesh",4111,Electrical Engineering,32.0,Out,
493,GFTI,Central University of Haryana,4111,Electrical Engineering,32.0,SAFE,
494,GFTI,CU Jharkhand,4111,Electrical Engineering,32.0,Out,
495,GFTI,Islamic University of Science and Technology Kashmir,4111,Electrical Engineering,32.0,No-data,
496,GFTI,Shri G. S. Institute of Technology and Science Indore,4111,Electrical Engineering,32.0,Out,
497,GFTI,National Institute of Technical Teachers Training and Research Bhopal,4111,Electrical Engineering,32.0,No-data,
498,GFTI,"Puducherry Technological University, Puducherry",4144,Electrical and Electronics Engineering,32.0,Out,
499,GFTI,"Birla Institute of Technology, Deoghar Off-Campus",4144,Electrical and Electronics Engineering,32.0,SAFE,
500,GFTI,"Central institute of Technology Kokrajar, Assam",4121,Instrumentation Engineering,28.0,Out,
501,GFTI,Sant Longowal Institute of Engineering and Technology,4148,Instrumentation and Control Engineering,28.0,Out,
502,NIT,National Institute of Technology Patna,4110,Computer Science and Engineering,47.5,Out,Bihar-last
503,NIT,National Institute of Technology Patna,520I,Computer Science and Engineering with Specialization in Cyber Security,47.5,Borderline,Bihar-last
504,NIT,National Institute of Technology Patna,520H,Computer Science and Engineering with Specialization in Data Science,46.3,Out,Bihar-last
505,NIT,National Institute of Technology Patna,4188,Artificial Intelligence and Data Science,45.5,Out,Bihar-last
506,NIT,National Institute of Technology Patna,520O,Mathematics and Computing Technology,44.7,Out,Bihar-last
507,NIT,National Institute of Technology Patna,411H,Electronics Engineering (VLSI Design and Technology),42.7,SAFE,Bihar-last
508,NIT,National Institute of Technology Patna,520J,Electronics and Communication Engineering with Specialization in Microelectronics and VLSI System Design,42.7,Good,Bihar-last
509,IIIT,Indian Institute of Information Technology Bhagalpur,4110,Computer Science and Engineering,41.5,SAFE,Bihar-last
510,NIT,National Institute of Technology Patna,4114,Electronics and Communication Engineering,41.5,Good,Bihar-last
511,GFTI,"Birla Institute of Technology, Patna Off-Campus",4110,Computer Science and Engineering,40.0,SAFE,Bihar-last
512,GFTI,"National Institute of Electronics and Information Technology, Patna (Bihar)",4110,Computer Science and Engineering,40.0,Good,Bihar-last
513,NIT,National Institute of Technology Patna,4111,Electrical Engineering,39.5,SAFE,Bihar-last
514,NIT,National Institute of Technology Patna,520K,Electrical Engineering with Specialization In Power System Engineering,39.5,Out,Bihar-last
515,GFTI,"Birla Institute of Technology, Patna Off-Campus",410W,Computer Science and Engineering (Artificial Intelligence and Machine Learning),38.8,No-data,Bihar-last
516,IIIT,Indian Institute of Information Technology Bhagalpur,4124,Mathematics and Computing,38.7,SAFE,Bihar-last
517,GFTI,"Birla Institute of Technology, Patna Off-Campus",5506,Mathematics and Computing,37.2,Out,Bihar-last
518,IIIT,Indian Institute of Information Technology Bhagalpur,4114,Electronics and Communication Engineering,35.5,SAFE,Bihar-last
519,GFTI,"Birla Institute of Technology, Patna Off-Campus",4114,Electronics and Communication Engineering,34.0,SAFE,Bihar-last
520,GFTI,"Birla Institute of Technology, Patna Off-Campus",4144,Electrical and Electronics Engineering,32.0,SAFE,Bihar-last
